Sample,X,Y,Z
0,-0.0674,-0.0007,0.9907
1,-0.0481,0.0288,0.9624
2,-0.0176,-0.0339,0.9612
3,0.0093,-0.0283,0.9868
4,0.0310,-0.0168,0.9612
5,-0.0349,0.0088,0.9692
6,-0.0056,0.0198,0.9602
7,-0.0396,-0.0220,0.9709
8,-0.0371,0.0276,0.9934
9,0.0251,-0.0767,0.9338
10,-0.0061,-0.0315,1.0034
11,0.0078,0.0269,0.9529
12,0.0002,-0.0359,0.9478
13,-0.0618,0.0173,0.9905
14,-0.0369,-0.0098,0.9487
15,0.0022,-0.0339,0.9741
16,-0.0059,-0.0293,0.9817
17,0.0701,-0.0452,0.9612
18,0.0144,-0.0078,0.9885
19,0.0002,0.0815,0.9702
20,-0.0442,0.0295,0.9602
21,-0.0847,0.0515,1.0110
22,-0.0315,-0.0681,0.9595
23,-0.0164,-0.0803,1.0237
24,0.0657,-0.0691,1.0054
25,0.0654,-0.1484,0.9827
26,-0.0164,-0.0386,1.0259
27,-0.0439,0.0249,0.9485
28,-0.0828,0.1223,0.9758
29,-0.0608,0.0986,0.9556
30,-0.0095,0.0334,0.9956
31,0.0710,-0.0256,0.9751
32,0.0515,-0.0500,1.0012
33,-0.0020,0.0085,1.0022
34,-0.0371,-0.1382,0.9622
35,-0.0962,-0.0706,1.0356
36,-0.0557,-0.0989,0.9502
37,-0.0215,-0.0149,0.9778
38,0.0381,0.0947,0.9465
39,0.0442,0.0771,0.9290
40,0.0354,0.0762,0.9683
41,0.0000,-0.0251,0.9487
42,-0.0408,0.0105,0.9934
43,-0.0635,-0.0415,0.9543
44,-0.0962,-0.0471,0.9846
45,-0.0210,-0.0493,0.9739
46,0.0063,-0.0476,0.9810
47,0.0479,0.0054,0.9751
48,0.0439,-0.0176,0.9526
49,0.0505,0.0542,0.9937
50,0.0098,-0.0710,0.9348
51,-0.0669,0.0127,1.0249
52,-0.0574,0.0005,0.9397
53,-0.0537,-0.0007,0.9907
54,-0.0461,0.0000,0.9807
55,0.0105,-0.0315,0.9856
56,0.0205,0.0320,0.9866
57,0.0498,-0.0220,0.9690
58,0.0393,-0.0093,1.0288
59,-0.0100,-0.0742,0.9673
60,-0.0227,-0.0220,1.0161
61,-0.0378,-0.0344,0.9758
62,-0.0662,-0.0518,0.9924
63,-0.0171,0.0073,0.9771
64,-0.0134,-0.0225,0.9722
65,-0.0166,0.0674,0.9749
66,0.0427,0.0195,0.9465
67,0.0378,0.0071,1.0061
68,0.0227,-0.0176,0.9673
69,-0.0154,-0.0132,0.9866
70,-0.0615,-0.0144,0.9741
71,-0.0762,-0.0378,0.9773
72,-0.0825,-0.0735,0.9800
73,-0.0298,-0.0288,0.9709
74,0.0579,-0.0071,0.9514
75,0.0688,0.0483,0.9702
76,0.0532,0.0095,0.9475
77,0.0361,-0.0295,0.9595
78,-0.0376,0.0339,0.9907
79,-0.1028,0.0554,0.9536
80,-0.0942,0.0034,0.9546
81,-0.0754,-0.0371,0.9934
82,-0.0181,-0.0466,0.9866
83,0.0725,-0.0808,0.9868
84,0.0808,-0.0681,0.9895
85,0.0645,-0.0239,0.9915
86,0.0137,-0.0232,0.9700
87,-0.0359,0.0559,0.9739
88,-0.0898,0.0383,0.9614
89,-0.1165,0.0410,0.9807
90,-0.0559,0.0593,0.9739
91,0.0322,-0.0195,0.9758
92,0.0715,-0.0928,1.0334
93,0.1013,-0.0620,1.0112
94,0.0730,-0.0715,0.9651
95,-0.0310,0.0161,1.0210
96,-0.0879,-0.0378,0.9585
97,-0.1238,-0.0403,0.9934
98,-0.0742,0.0427,0.9780
99,-0.0608,0.0212,0.9504
100,0.0425,0.0479,0.9937
101,0.0776,0.0085,0.9573
102,0.0706,0.0063,0.9885
103,0.0364,-0.0222,0.9790
104,-0.0364,-0.0571,0.9670
105,-0.0378,-0.0828,0.9800
106,-0.1013,-0.0552,0.9976
107,-0.0652,-0.0061,0.9475
108,-0.0300,0.0166,0.9487
109,-0.0271,0.1060,0.9810
110,0.0857,0.0337,0.9250
111,0.0649,-0.0269,0.9917
112,0.0439,-0.0840,0.9761
113,-0.0173,-0.0620,0.9749
114,-0.0591,0.0635,0.9780
115,-0.1050,0.0051,0.9429
116,-0.0781,-0.0520,1.0042
117,-0.0134,-0.0640,0.9819
118,0.0618,-0.0017,0.9858
119,0.0625,0.0146,0.9712
120,0.0400,0.0083,0.9856
121,-0.0088,-0.0288,0.9663
122,-0.0808,0.0332,1.0029
123,-0.0789,0.1138,0.9800
124,-0.0383,-0.0415,0.9438
125,-0.0037,-0.0334,1.0532
126,0.0901,-0.0969,0.9778
127,0.0786,-0.1274,1.0217
128,0.0378,-0.0925,0.9937
129,-0.0181,0.0115,0.9944
130,-0.1060,0.1816,0.9614
131,-0.1350,0.0969,0.9270
132,-0.0740,0.0303,1.0120
133,0.0125,-0.0542,0.9739
134,0.0979,-0.0747,0.9851
135,0.0984,-0.0564,1.0120
136,0.0513,-0.1030,0.9626
137,-0.0676,-0.0547,0.9768
138,-0.0979,0.0784,0.9780
139,-0.0796,0.0269,0.9194
140,-0.0354,0.0273,0.9722
141,0.0339,-0.0010,0.9546
142,0.0825,-0.0229,0.9565
143,0.0281,0.0042,0.9683
144,-0.1016,0.0247,0.9497
145,-0.2292,0.2810,0.9622
146,-0.0491,0.7329,0.8960
147,0.0620,0.9800,0.8042
148,0.1042,1.2437,0.8862
149,0.1538,1.3958,0.8044
150,0.0225,1.3616,0.8528
151,-0.0417,1.3000,0.9065
152,0.0339,0.8931,0.8501
153,0.1079,1.0139,0.9280
154,0.1882,0.9182,1.0549
155,0.0962,0.3831,1.0178
156,-0.0254,0.3342,1.0564
157,-0.0696,0.5950,0.9963
158,-0.0703,0.8335,0.8882
159,-0.0835,1.0044,0.7964
160,0.0020,0.9946,0.9243
161,-0.0583,0.7659,0.9895
162,-0.0085,0.8979,1.0649
163,0.1250,1.0054,1.0005
164,0.1980,1.0881,1.0549
165,0.0454,1.0579,1.0149
166,-0.0256,0.9888,1.0229
167,-0.1753,1.2524,1.1040
168,-0.1802,1.4087,0.9321
169,-0.1091,1.3735,1.0269
170,-0.0034,1.0972,1.0571
171,0.0642,0.7825,1.0608
172,0.0781,1.0181,1.1128
173,0.1531,0.9153,0.9680
174,0.1531,0.6909,1.0610
175,0.0725,0.5034,1.1089
176,0.0100,0.1362,0.9565
177,-0.0232,0.2542,1.0081
178,-0.0835,0.5540,0.8879
179,-0.0178,0.7029,0.8196
180,0.0747,0.5745,0.8127
181,0.1335,0.6614,0.8567
182,0.1260,0.8101,0.7607
183,0.1162,1.0083,0.7729
184,0.0022,1.1978,0.8149
185,-0.2197,0.7876,0.7803
186,-0.3425,0.5679,1.0286
187,-0.2944,0.9868,0.9692
188,-0.1404,1.0295,0.8704
189,0.2075,0.9514,1.1096
190,0.3320,0.4807,1.1604
191,0.2146,0.2461,1.2437
192,0.0276,0.2097,1.3079
193,-0.1926,0.2725,1.2241
194,-0.1641,0.4077,1.1616
195,0.1538,0.0461,1.1238
196,0.1936,-0.3542,1.1860
197,-0.0315,-0.5701,1.0542
198,-0.3347,-0.4263,0.9749
199,-0.4116,-0.6575,0.8726
200,-0.1819,-0.8943,0.8755
201,0.1443,-0.8523,0.8042
202,0.3940,-1.0610,0.7122
203,0.3474,-0.8638,0.8704
204,-0.0293,-0.5593,0.8022
205,-0.2075,-0.2405,0.6187
206,-0.1777,-0.0046,0.6743
207,-0.1228,0.3137,0.8059
208,-0.1309,0.7551,0.6897
209,-0.1809,1.0793,0.6936
210,-0.0522,1.4546,0.8726
211,0.2251,1.5208,0.9631
212,0.3079,1.4204,1.1167
213,0.2095,1.0283,1.2124
214,-0.0081,0.8108,1.5217
215,-0.3472,0.6270,1.5649
216,-0.2642,0.0115,1.4321
217,0.0513,-0.2502,1.6233
218,0.3506,-0.5369,1.2944
219,0.3518,-1.2537,1.3154
220,0.0862,-1.0935,1.2329
221,-0.2136,-0.8374,0.7888
222,-0.3491,-0.1143,0.6587
223,-0.3169,0.4644,0.3745
224,-0.0706,0.4465,0.3176
225,0.0107,0.5110,0.5847
226,0.0647,0.7664,0.4426
227,0.1521,0.6997,0.4180
228,0.1145,0.2583,0.7437
229,0.0129,-0.4360,0.8752
230,-0.1548,-0.7878,1.0874
231,-0.0955,-0.4800,1.3147
232,0.2300,-0.6699,1.2834
233,0.4719,-0.5544,1.5767
234,0.4207,-0.8394,1.4153
235,-0.0806,-0.8267,1.5100
236,-0.6821,-0.5867,1.4375
237,-0.9851,-0.1157,1.1292
238,-0.6707,0.0452,0.9104
239,0.0701,0.1670,0.9136
240,0.6038,0.2476,0.7505
241,0.6616,0.1506,0.4729
242,0.4241,0.4668,0.6274
243,0.0520,0.9878,0.5283
244,-0.2095,0.6743,0.4165
245,-0.2866,0.1582,0.8638
246,-0.2917,-0.1118,0.9827
247,-0.1538,-0.0017,1.0767
248,0.0317,-0.0735,1.1624
249,0.2905,-0.0505,1.3635
250,0.2815,-0.3416,1.3550
251,0.0500,-0.3511,1.4055
252,-0.2017,0.0654,1.2798
253,-0.3425,0.2881,1.0354
254,-0.2490,0.5396,1.0337
255,0.0083,-0.0024,0.8293
256,0.0874,0.2244,0.9377
257,0.0803,0.2205,0.7258
258,0.0732,0.1384,0.6887
259,0.1355,-0.0171,0.8108
260,0.1416,-0.1812,0.8391
261,0.0745,-0.5024,0.8401
262,-0.0256,-0.2527,1.0266
263,-0.1978,-0.1497,0.8589
264,-0.2764,-0.1270,1.0132
265,-0.1812,0.3569,1.0825
266,-0.0698,0.0957,0.9397
267,-0.0562,0.0522,1.2114
268,-0.0510,-0.2012,1.1353
269,0.0408,-0.4783,1.0425
270,0.1221,0.0588,1.2241
271,0.1814,-0.3088,0.9478
272,0.1440,-0.8198,1.1047
273,0.0847,-0.6814,1.1060
274,-0.0142,0.3623,0.8169
275,-0.1289,0.4487,0.5405
276,-0.3335,0.2603,0.9019
277,-0.4338,0.2581,0.8577
278,-0.2466,0.5454,0.6958
279,0.0969,0.7876,0.8218
280,0.4309,0.5181,0.9858
281,0.4719,-0.1875,1.0806
282,0.2903,-0.4490,1.3306
283,0.1392,-0.0720,1.2476
284,0.0007,-0.3630,0.9614
285,-0.1672,-0.3379,1.3274
286,-0.3784,-0.8337,1.0601
287,-0.4858,-0.5806,1.1155
288,-0.2239,0.4983,0.9485
289,0.2200,0.6821,0.6353
290,0.5012,0.6792,0.8325
291,0.5364,0.2832,0.7153
292,0.2180,0.5186,0.8784
293,-0.1372,0.5986,0.7573
294,-0.3943,0.2131,0.8313
295,-0.3472,-0.1758,1.0796
296,-0.2065,-0.5046,1.1177
297,-0.0581,-0.3757,1.1624
298,0.1611,-0.0874,1.2161
299,0.2314,-0.2720,1.1067
300,0.2847,-0.2798,1.1780
301,0.1421,-0.2625,1.0200
302,-0.1416,0.0022,0.9875
303,-0.3501,0.3970,0.8960
304,-0.3455,-0.0442,0.7336
305,-0.1062,0.4448,0.9692
306,0.1934,0.2886,0.6333
307,0.2505,-0.1340,0.8450
308,0.1174,-0.0620,1.0637
309,0.0166,-0.1528,0.9348
310,0.0430,-0.0735,1.0054
311,0.0598,-0.3884,1.1040
312,-0.0583,-0.6079,1.1965
313,-0.1909,-0.4241,1.0991
314,-0.2339,0.1001,0.9897
315,-0.1938,0.2886,0.9048
316,-0.0632,0.1646,0.9485
317,0.0840,0.0122,0.9478
318,0.1248,0.2043,0.8987
319,0.0996,0.4131,0.8726
320,0.0554,0.4700,0.8899
321,0.0137,-0.0723,0.9419
322,-0.0938,-0.3755,1.1067
323,-0.1077,-0.4731,1.0549
324,-0.0999,-0.3723,1.0884
325,-0.0740,-0.1697,1.0884
326,0.1111,-0.1467,1.0015
327,0.1416,-0.2454,0.9543
328,0.0530,0.2539,1.0513
329,0.0388,0.4993,0.7834
330,-0.0713,0.4429,0.7847
331,-0.0630,0.5989,0.9709
332,-0.0044,0.1306,0.7727
333,-0.0955,0.0510,1.0833
334,-0.0444,-0.0188,1.0181
335,0.0508,-0.3120,1.0315
336,0.0947,-0.4319,1.1782
337,0.0696,-0.4832,1.1265
338,-0.0247,-0.4006,1.1353
339,-0.0623,-0.0820,1.0090
340,-0.1519,-0.0024,0.8862
341,-0.0801,0.2356,0.9094
342,0.0359,0.3354,0.8013
343,0.0635,0.5518,0.8433
344,0.0562,0.4165,0.7905
345,0.0569,0.2966,0.9363
346,0.0198,0.1157,0.9045
347,0.0640,-0.0588,1.0530
348,-0.0002,-0.3630,1.1567
349,-0.1428,-0.5046,1.1304
350,-0.1738,-0.3877,1.1633
351,-0.1360,-0.1716,1.0825
352,0.0107,-0.3059,0.9661
353,0.0803,-0.3430,1.0247
354,0.0825,0.0427,1.0002
355,0.0779,0.4124,0.7737
356,0.0925,0.6968,0.7329
357,0.0222,0.6353,0.8354
358,-0.0017,0.0867,0.8647
359,-0.1484,-0.2266,1.0415
360,-0.1543,0.0110,1.0715
361,-0.0337,-0.2244,0.9595
362,0.1060,-0.3586,1.1978
363,0.1841,-0.7029,1.1353
364,0.0684,-0.4878,1.2063
365,-0.0349,0.0698,0.9878
366,-0.1877,0.2642,0.8325
367,-0.1868,0.2439,0.9009
368,-0.1147,-0.0515,0.9077
369,-0.0508,0.4622,0.9094
370,-0.0022,0.6528,0.6958
371,0.1187,0.2847,0.8391
372,0.2874,-0.0081,1.0552
373,0.3320,-0.4075,1.0483
374,0.0771,-0.4644,1.1936
375,-0.1851,-0.2798,1.1038
376,-0.4050,-0.4663,1.0549
377,-0.2515,-0.4338,1.1450
378,-0.0601,-0.1777,0.9731
379,0.0393,0.1414,0.9192
380,0.0837,0.3062,0.8560
381,0.0205,0.2102,0.8269
382,-0.0217,0.3770,0.8003
383,0.0000,0.5122,0.8379
384,-0.0579,0.1960,0.9175
385,-0.1318,-0.0864,1.0784
386,-0.0884,-0.0986,1.0366
387,-0.0178,-0.0549,1.0776
388,0.0962,-0.2883,1.1353
389,0.1318,-0.5789,1.1587
390,0.0425,-0.3423,1.1301
391,-0.0527,0.0400,0.9868
392,-0.0105,0.2441,0.8687
393,0.0225,0.2627,0.7866
394,-0.0515,0.2361,0.9202
395,-0.0383,0.4243,0.8442
396,-0.2117,0.4238,0.7925
397,-0.1201,0.2893,0.9827
398,0.0337,-0.1418,0.9985
399,0.1064,-0.3962,1.1333
400,0.1208,-0.3770,1.1370
401,0.0342,-0.4106,1.0706
402,-0.0547,-0.4702,1.0178
403,-0.0740,-0.3513,1.0610
404,0.0010,-0.0298,0.9915
405,0.1155,0.0952,0.8188
406,0.1138,0.4543,0.9514
407,0.0549,0.1770,0.7769
408,-0.0266,0.4290,0.9207
409,-0.0408,0.5806,0.8403
410,-0.0581,0.0669,0.9829
411,-0.0542,-0.2517,1.1616
412,-0.0935,-0.4370,1.0266
413,0.0195,-0.1145,1.0874
414,0.0864,0.0933,1.1040
415,0.0620,-0.3579,1.0061
416,-0.0081,-0.5857,1.1558
417,-0.0916,-0.1399,0.9722
418,-0.0679,0.3411,0.7024
419,-0.0210,0.4526,0.8198
420,0.0151,0.2175,0.9136
421,0.0789,0.1174,0.9292
422,0.0930,0.3540,0.9263
423,0.0234,0.3162,0.8870
424,-0.0125,-0.0642,1.0249
425,-0.1736,-0.4517,1.1770
426,-0.1885,-0.5632,1.1919
427,-0.1257,-0.2559,1.1194
428,0.1106,-0.4070,0.9351
429,0.2856,-0.1821,1.1223
430,0.2954,-0.1147,0.9104
431,0.1123,0.0964,0.8127
432,-0.0911,0.6206,0.8618
433,-0.2749,0.4937,0.6099
434,-0.2637,0.3220,0.8875
435,-0.0725,0.4026,1.0281
436,0.0989,-0.0618,0.8979
437,0.1194,-0.0625,1.2485
438,0.1067,-0.4644,1.0833
439,0.0706,-0.5405,1.1936
440,-0.0178,-0.5134,1.1714
441,-0.1418,-0.5308,1.0881
442,-0.1006,-0.2078,1.0012
443,-0.0732,0.0603,0.7974
444,0.0186,0.3564,0.7476
445,0.0337,0.5356,0.7954
446,-0.0713,0.4741,0.7485
447,-0.0586,0.4702,0.8784
448,-0.0410,0.4055,0.8987
449,0.0376,-0.1211,0.9631
450,0.0569,-0.3289,1.2241
451,-0.0496,-0.5740,1.1772
452,-0.1082,-0.6851,1.1750
453,-0.1553,-0.4297,1.2336
454,-0.0361,-0.2244,1.0239
455,0.0842,-0.1848,0.9585
456,0.0933,0.1213,0.9075
457,0.0015,0.3152,0.8157
458,-0.0261,0.5840,0.7554
459,-0.0186,0.4751,0.6758
460,-0.0061,0.2422,0.8530
461,0.0256,-0.1357,0.9973
462,0.0029,-0.1531,1.0786
463,-0.0354,-0.2393,1.0667
464,-0.0884,-0.4578,1.2153
465,-0.0549,-0.6091,1.1909
466,-0.0208,-0.2466,1.1184
467,-0.0234,-0.1299,0.9260
468,-0.0063,0.1240,1.0347
469,0.0505,0.0803,0.7405
470,0.0454,0.4751,0.8169
471,0.0769,0.5422,0.7874
472,-0.0532,0.2651,0.8647
473,-0.0728,0.0034,1.0181
474,0.0071,-0.0957,0.9788
475,0.0244,-0.0022,1.0757
476,0.0112,-0.2505,1.0598
477,-0.1235,-0.6921,1.1226
478,-0.1948,-0.3474,1.1938
479,-0.0837,-0.1255,0.9312
480,0.0974,0.1714,0.9233
481,0.1860,-0.0112,0.8655
482,0.0842,-0.1052,0.9106
483,-0.0176,0.4019,0.9614
484,-0.0461,0.6304,0.7427
485,0.0198,0.4634,0.8403
486,0.0698,0.1279,1.1047
487,-0.0068,-0.2976,1.1216
488,-0.1216,-0.2288,1.1819
489,-0.1887,-0.2627,1.0022
490,-0.0249,-0.1799,1.0393
491,0.0872,-0.4558,1.0493
492,0.1875,-0.3452,1.0588
493,0.1873,0.1387,0.9185
494,-0.0591,0.1924,0.7795
495,-0.2104,0.0625,0.8481
496,-0.1750,0.4399,0.8218
497,-0.1917,0.2405,0.7200
498,-0.0933,-0.0256,1.0806
499,0.0840,-0.1855,1.0667
500,0.1482,0.0698,1.0659
501,0.1282,-0.0740,1.0952
502,0.0266,-0.4858,1.1907
503,-0.1694,-0.5320,1.1323
504,-0.2876,-0.1772,1.0327
505,-0.2339,0.0261,0.8413
506,0.0164,0.1575,0.8940
507,0.2246,0.1238,0.8245
508,0.2683,0.2124,0.8384
509,0.2122,0.7073,0.9348
510,0.0781,0.5256,0.7444
511,-0.0720,0.1621,1.0071
512,-0.1523,-0.3171,1.1606
513,-0.2832,-0.2571,1.1548
514,-0.2993,-0.6160,1.1372
515,-0.0696,-0.3289,1.2114
516,0.1763,-0.3940,0.8743
517,0.2356,-0.1602,1.0405
518,0.1968,0.1108,0.9868
519,0.0107,0.1062,0.8723
520,-0.1323,0.3960,0.7349
521,-0.1094,0.3276,0.7749
522,-0.0288,0.2502,0.9084
523,-0.0745,-0.1250,1.0002
524,-0.0430,-0.1123,1.1245
525,-0.0024,0.3501,0.9565
526,0.0085,-0.0596,0.9641
527,-0.0125,-0.4749,1.2124
528,-0.0603,-0.5281,1.2329
529,-0.1191,-0.2424,1.0845
530,-0.0518,-0.0723,0.9504
531,-0.0649,-0.1582,0.8223
532,-0.0251,0.0510,0.8928
533,-0.0571,0.1753,0.8589
534,-0.1001,0.2654,0.8167
535,-0.0571,0.5747,0.9048
536,0.0759,0.3484,0.8030
537,0.1150,-0.0503,0.9985
538,0.0630,-0.1699,1.2161
539,0.0200,-0.3191,1.1245
540,0.0068,-0.1287,1.1304
541,0.0688,-0.2898,1.0776
542,0.1580,-0.2493,1.0852
543,0.1147,-0.3379,0.9270
544,-0.0847,-0.1667,0.9409
545,-0.1604,0.2910,0.8469
546,-0.1509,0.4199,0.7007
547,-0.0215,0.4709,0.8167
548,0.2266,0.4480,0.8674
549,0.2144,0.4514,0.9592
550,0.0591,0.3879,1.1292
551,-0.0342,-0.5547,1.0481
552,-0.2009,-0.4556,1.3372
553,-0.2876,-0.3860,1.0317
554,-0.2231,-0.4829,1.1252
555,-0.0203,0.2004,1.1165
556,0.1870,0.0911,0.7239
557,0.2651,0.0710,0.8665
558,0.2590,0.2559,0.9312
559,0.0547,0.5281,0.7913
560,-0.1331,0.2412,0.7935
561,-0.2332,0.2253,1.0530
562,-0.2000,-0.2595,0.9019
563,-0.0723,-0.1340,1.1877
564,0.0774,0.0261,1.1011
565,0.0977,-0.3416,1.0444
566,0.1016,-0.4919,1.1636
567,-0.0061,-0.5015,1.0120
568,-0.0806,-0.2056,0.9797
569,-0.1211,-0.0085,0.8860
570,-0.1741,-0.0291,0.8247
571,-0.0107,0.2009,0.8677
572,0.0876,0.4612,0.8264
573,0.0413,0.1714,0.8774
574,0.0547,0.0188,0.9944
575,-0.0593,-0.0908,1.0405
576,-0.1250,-0.0334,1.0930
577,-0.0649,-0.1562,1.1213
578,-0.0391,-0.2734,1.1047
579,-0.0317,-0.3462,1.0745
580,-0.0007,-0.2749,1.0793
581,-0.0635,-0.1055,0.9875
582,-0.0266,-0.2468,0.8149
583,0.0989,0.1851,0.8823
584,0.1675,0.3728,0.7024
585,0.1321,0.3831,0.9094
586,-0.0173,0.1155,0.9370
587,-0.0889,0.3386,1.0071
588,-0.0913,0.3738,0.9487
589,-0.0754,0.0703,1.1243
590,-0.0464,-0.4211,1.1626
591,-0.0771,-0.6357,1.2537
592,-0.0205,-0.3979,1.1233
593,0.0266,0.0920,0.9282
594,0.1169,0.0688,0.8152
595,0.0791,-0.0464,0.8267
596,-0.0444,0.0620,0.9712
597,0.0103,0.4722,0.7739
598,0.0508,0.5493,0.6636
599,-0.0322,0.3296,0.9097
600,0.0291,0.2141,1.0989
601,-0.0364,0.0344,1.1155
602,-0.0918,-0.1467,1.1646
603,-0.1296,-0.3481,1.1272
604,-0.0813,-0.2700,1.1194
605,-0.0156,-0.3284,1.0415
606,-0.0110,-0.3318,1.1050
607,0.0164,-0.1838,0.8970
608,0.0657,0.0503,0.6831
609,0.1143,0.4929,0.8176
610,0.0115,0.1965,0.7395
611,-0.0801,-0.1191,0.9976
612,-0.0017,0.2737,0.9700
613,0.0210,0.2656,0.8188
614,0.0176,0.0125,1.0688
615,-0.0481,-0.4585,1.2346
616,-0.1575,-0.3550,1.2502
617,-0.1018,-0.2136,1.1694
618,0.0291,-0.2312,1.0249
619,0.1106,-0.3230,0.9185
620,0.1001,-0.0854,0.9895
621,0.0498,0.0574,0.8010
622,-0.1311,0.2212,0.7739
623,-0.1562,0.4985,0.7563
624,-0.0339,0.2974,0.7456
625,0.1643,0.3271,1.0334
626,0.1692,0.0186,0.9934
627,-0.0181,0.1685,1.2026
628,-0.0835,-0.2627,0.9758
629,-0.0874,-0.2734,1.2729
630,0.0254,0.0410,1.1536
631,-0.0847,-0.6948,0.9749
632,-0.1404,-0.2422,1.3101
633,-0.0723,0.0935,0.7007
634,-0.0156,0.3511,0.6646
635,0.1047,0.2837,0.7671
636,0.1147,0.2053,0.8909
637,0.0452,0.0540,0.8186
638,-0.0300,0.2170,0.9866
639,-0.1243,0.2361,0.9507
640,-0.1152,-0.2034,1.0210
641,-0.0251,-0.1353,1.3450
642,-0.0596,-0.3906,1.1233
643,-0.1541,-0.2566,1.1575
644,-0.0537,-0.2002,0.9749
645,0.0093,-0.2144,0.9426
646,0.1543,-0.0798,0.9651
647,0.1060,-0.0903,0.8596
648,0.0183,0.0266,0.8420
649,-0.0339,0.2434,0.7014
650,-0.0964,0.5444,0.8286
651,-0.0081,0.1770,0.9077
652,0.0232,-0.0591,1.2102
653,0.0276,0.0400,1.0520
654,-0.0437,0.1279,1.0425
655,-0.0552,-0.0312,1.0676
656,-0.0479,-0.2239,1.1792
657,0.0400,-0.2676,1.1399
658,0.0974,-0.2332,1.0737
659,0.0952,-0.3201,0.8784
660,0.0474,-0.3052,0.8147
661,-0.0103,0.1868,0.9495
662,-0.0068,0.3792,0.8040
663,-0.0264,0.4927,0.8013
664,-0.1074,0.1411,0.7710
665,-0.0955,0.3591,0.8938
666,0.0161,0.5034,0.9761
667,0.0566,0.1680,1.1135
668,0.0017,-0.4629,1.2180
669,-0.0215,-0.5496,1.2603
670,-0.0073,-0.2581,1.1008
671,0.0146,-0.0786,1.0559
672,-0.0137,0.0291,1.0200
673,0.0112,-0.4617,0.8843
674,0.2068,0.3987,0.9924
675,0.1277,0.3538,0.4983
676,0.0325,0.5540,0.8772
677,-0.0337,0.4331,0.8696
678,-0.2192,0.0742,0.8394
679,-0.1899,0.1875,1.0913
680,-0.1050,-0.2134,1.0444
681,0.0676,-0.4458,1.1614
682,0.1831,-0.6001,1.2209
683,0.2078,-0.3105,1.2454
684,0.1396,-0.4512,1.0334
685,0.0332,-0.3030,1.0425
686,-0.0396,0.0283,0.8120
687,-0.2185,0.2375,0.8225
688,-0.2937,0.1797,0.8723
689,-0.2095,0.3433,0.8081
690,-0.0657,0.5540,0.7395
691,0.0935,0.4409,0.7827
692,0.2129,0.2229,0.9709
693,0.1936,-0.1189,1.1255
694,0.0889,-0.3081,1.2356
695,0.0081,-0.5205,1.1978
696,-0.0596,-0.0967,1.2437
697,-0.0637,-0.4468,0.9387
698,-0.0110,-0.6782,1.1047
699,-0.0623,-0.2827,1.1243
700,-0.0405,0.1926,0.8157
701,0.0142,0.5923,0.7515
702,-0.0637,0.4673,0.7231
703,-0.2083,0.2805,0.7639
704,-0.2305,0.3157,0.9446
705,-0.0957,0.3096,0.9067
706,0.1174,-0.1287,0.9087
707,0.1592,-0.3054,1.1206
708,0.1038,-0.6023,1.0728
709,-0.0093,-0.4294,1.2007
710,-0.0530,-0.2676,1.1252
711,-0.0374,-0.0791,1.0930
712,0.0608,-0.2380,1.0024
713,0.0173,0.0977,1.0933
714,0.0078,0.3831,0.8733
715,-0.0366,0.3867,0.8411
716,-0.0967,0.3328,0.8149
717,-0.0723,0.3276,0.7505
718,-0.1130,0.2344,0.8716
719,-0.0867,0.1160,0.9526
720,-0.0117,-0.2395,1.0669
721,0.1389,-0.3708,1.0854
722,0.1965,-0.3604,1.0835
723,0.1016,-0.3706,1.1047
724,-0.1128,-0.4910,1.1157
725,-0.2786,-0.2632,1.1409
726,-0.1758,0.2830,0.9583
727,-0.0991,0.1396,0.7957
728,0.0769,-0.0740,0.8696
729,0.1216,0.0706,0.9465
730,0.1204,0.2556,0.9260
731,0.1243,0.4436,0.9060
732,0.0447,0.0713,0.7844
733,-0.0386,-0.0730,1.0093
734,-0.1704,-0.2249,0.9429
735,-0.2092,-0.2183,1.0520
736,-0.0103,-0.1863,1.1001
737,0.0344,-0.2322,1.0894
738,0.1187,-0.1016,1.1282
739,0.0647,-0.0767,0.9946
740,-0.0151,0.2412,1.0044
741,-0.0481,0.5315,0.9436
742,-0.0203,0.4260,0.8010
743,-0.0178,0.3394,0.8911
744,-0.0249,0.2002,0.8850
745,-0.0642,-0.0618,0.9331
746,0.0085,-0.3542,1.0972
747,0.0007,-0.5083,1.0247
748,0.1265,-0.2974,1.0696
749,0.0520,-0.1584,0.9780
750,-0.0706,-0.0996,1.0002
751,-0.1169,-0.0828,0.9534
752,-0.1157,-0.0303,0.9290
753,-0.0154,0.3616,0.9602
754,0.0212,0.2034,0.8938
755,-0.0381,-0.0476,0.9849
756,-0.0635,0.0090,1.0688
757,0.0193,0.2395,0.9614
758,0.1191,-0.1055,0.8569
759,0.0242,-0.3213,1.1135
760,-0.0291,-0.4949,1.0103
761,-0.0015,-0.0225,1.0833
762,-0.0374,0.0957,0.9348
763,-0.0056,-0.0310,0.8589
764,-0.0310,-0.0691,0.9885
765,-0.0881,0.2983,0.9272
766,-0.0659,0.4219,0.9146
767,-0.0217,0.1938,0.9565
768,0.0364,0.1187,0.9819
769,0.1455,0.0181,0.9253
770,0.0667,0.0439,0.9829
771,-0.0320,0.2109,1.0286
772,-0.0518,-0.1677,0.9692
773,-0.1155,-0.4409,1.1760
774,-0.0002,-0.4666,1.0718
775,-0.0024,-0.2332,0.9780
776,0.0400,-0.1479,1.0168
777,0.0234,-0.0908,0.9438
778,-0.0264,-0.0476,0.9028
779,-0.0271,0.4619,0.8911
780,-0.1079,0.5012,0.7456
781,-0.1548,0.3735,0.8970
782,-0.0647,0.1243,0.9172
783,0.0308,-0.0061,1.0110
784,0.0701,-0.1414,1.0630
785,0.0486,-0.3643,1.0989
786,-0.0569,-0.7068,1.1714
787,0.0142,-0.3723,1.1213
788,0.0173,-0.2202,0.9875
789,-0.0295,-0.0469,0.9409
790,-0.0383,-0.1174,0.9241
791,-0.1299,0.3289,0.9875
792,0.0066,0.5447,0.8079
793,-0.0095,0.3892,0.8579
794,0.0901,0.3071,0.8638
795,0.0139,0.3208,0.9019
796,0.0439,-0.0872,0.8696
797,0.0127,0.0393,1.1165
798,0.1367,-0.4624,1.0334
799,0.0903,-0.5981,1.3000
800,-0.0684,-0.8259,0.9966
801,-0.2371,-0.1523,1.0461
802,-0.1582,0.5349,0.9631
803,-0.0728,0.4565,0.8433
804,0.1614,0.1663,0.9795
805,0.1951,-0.1011,0.9221
806,0.0571,0.4573,0.9602
807,0.0737,0.7017,0.7886
808,-0.0796,0.3264,0.9836
809,-0.1821,-0.4363,0.9878
810,-0.1375,-0.3132,1.1060
811,-0.0769,0.0437,0.9446
812,0.0068,0.0254,1.0027
813,0.1760,-0.1492,1.1245
814,0.1750,-0.5984,1.0073
815,0.1255,-0.1003,1.0813
816,-0.0232,0.1543,0.9272
817,-0.1497,0.3940,0.9722
818,-0.0945,-0.0537,0.8782
819,-0.0913,-0.1677,0.9719
820,0.0205,0.3420,0.9670
821,-0.0261,0.4448,0.8569
822,-0.0352,-0.0400,0.8782
823,0.0667,-0.4229,1.0881
824,0.1250,-0.0383,1.0325
825,0.1240,-0.0261,0.8762
826,-0.0432,-0.4038,1.0999
827,-0.2349,-0.5532,1.0891
828,-0.2808,-0.3699,0.9829
829,-0.1541,0.0330,1.0354
830,0.0020,0.1438,0.9397
831,0.1167,-0.1069,0.9038
832,0.1006,0.1287,0.9963
833,0.0278,0.5002,0.8586
834,-0.0366,0.4749,0.7981
835,-0.0762,0.1594,0.9944
836,-0.0962,-0.4712,0.9592
837,-0.1082,-0.4897,1.1213
838,0.0637,0.1775,1.0767
839,0.1165,-0.3000,1.0044
840,0.0117,-0.6265,1.2229
841,-0.0220,-0.5808,0.9478
842,-0.1304,0.3418,0.9282
843,-0.0388,0.7698,0.8010
844,0.0789,0.4458,0.8228
845,0.0881,0.0344,0.9927
846,0.0474,0.2007,1.0356
847,-0.0303,0.1924,0.8755
848,0.0203,0.2397,1.1216
849,0.0312,-0.5261,0.9937
850,0.0486,-0.7234,1.1704
851,-0.1052,-0.3655,1.1575
852,-0.2117,-0.0923,0.8621
853,-0.0986,0.2917,0.9583
854,-0.0061,0.2083,0.8928
855,0.1392,0.2029,0.9021
856,0.1987,0.2512,0.9231
857,0.0671,0.6790,0.9109
858,-0.0549,0.4272,0.7515
859,-0.1250,0.0559,1.0835
860,-0.1694,-0.3962,0.9966
861,-0.0740,-0.0166,1.1372
862,0.0315,-0.1506,0.9690
863,0.0142,-0.3623,1.0903
864,0.1116,-0.5154,1.1265
865,0.0510,-0.3914,1.0269
866,0.0789,0.0413,0.9778
867,-0.0037,0.1250,0.8550
868,-0.1069,0.3289,0.9038
869,-0.1704,0.1917,0.8831
870,-0.1003,0.3083,0.8977
871,-0.0051,0.2983,0.8423
872,0.1045,0.2964,0.9224
873,0.1172,-0.0464,0.9670
874,0.0215,-0.4314,1.0884
875,-0.0667,-0.3367,1.1558
876,-0.0508,-0.2280,1.0305
877,-0.0813,-0.2542,1.0288
878,-0.0654,-0.3271,1.0476
879,-0.0398,-0.1799,1.0754
880,-0.0383,-0.1238,0.9546
881,0.0156,0.0540,0.9563
882,0.1660,0.6587,0.8696
883,0.1125,0.4639,0.8423
884,-0.0261,-0.0874,1.0159
885,-0.1487,-0.2803,0.9651
886,-0.1233,0.3538,0.8308
887,0.0242,0.5837,0.8206
888,0.0422,-0.0952,0.9680
889,-0.0076,-0.7534,1.1282
890,-0.0061,-0.5466,1.2134
891,-0.0256,-0.1748,0.9868
892,0.0271,0.0518,1.0569
893,-0.0161,-0.3242,1.0491
894,-0.1265,-0.3250,1.0972
895,-0.0896,0.3313,0.9504
896,0.0178,0.7681,0.7231
897,0.0789,0.5950,0.7874
898,-0.0371,-0.0625,0.9241
899,-0.1013,-0.0835,1.0413
900,-0.0842,0.1807,0.9575
901,-0.0479,-0.0374,0.9204
902,0.0559,-0.5901,0.9956
903,0.0632,-0.6472,1.2065
904,-0.0076,-0.1689,1.1282
905,-0.0212,-0.0430,0.9058
906,-0.0767,0.0654,0.9888
907,-0.0725,-0.0659,0.8479
908,-0.0752,0.3999,1.0063
909,-0.0520,0.4072,0.9028
910,-0.2068,0.2266,0.9299
911,-0.0234,0.0083,0.9038
912,0.0815,0.2749,0.9565
913,0.2964,0.1006,1.0823
914,0.2175,-0.6592,1.0881
915,0.0142,-0.4438,1.1614
916,-0.0298,-0.1660,0.8003
917,-0.1721,0.0596,0.9585
918,-0.1196,-0.0681,0.9751
919,0.0188,-0.0518,0.9741
920,-0.0132,0.2861,0.9849
921,0.0481,0.4700,0.8743
922,0.0430,0.4819,0.9302
923,-0.0154,0.1614,1.0051
924,0.0776,-0.0112,1.0383
925,0.0659,-0.0825,1.0659
926,0.0537,-0.0583,1.0356
927,-0.0930,-0.2732,0.9087
928,-0.0298,-0.3308,1.0464
929,0.0645,-0.0247,0.9751
930,0.0828,-0.2422,0.8491
931,0.0212,0.0710,1.1799
932,0.0190,-0.0935,0.8276
933,-0.0635,0.1826,0.9985
934,0.0425,0.2888,0.9163
935,-0.0417,0.3147,0.8298
936,-0.0210,0.3491,1.0376
937,0.0674,0.2380,0.8784
938,-0.0859,-0.1775,0.9683
939,-0.1016,-0.5366,1.0793
940,0.0862,-0.1191,1.0591
941,0.2297,-0.1355,1.0396
942,0.2300,-0.4082,1.1399
943,-0.0208,-0.7527,1.0366
944,-0.3562,-0.0940,1.0413
945,-0.3445,0.4729,0.7717
946,-0.1755,0.5522,0.8501
947,0.0044,0.3342,0.8977
948,0.0547,0.0527,0.8635
949,0.1318,0.2266,0.9543
950,0.0371,0.3418,0.9302
951,0.0051,-0.1401,0.9739
952,0.0784,-0.4688,1.1868
953,0.0942,-0.5745,1.1145
954,0.0735,-0.3499,1.1489
955,0.0488,-0.2458,0.9937
956,-0.0125,-0.3179,0.9924
957,0.1057,0.2336,0.9585
958,-0.0100,0.1355,0.7229
959,-0.2175,0.5071,0.9963
960,-0.2888,0.3411,0.7942
961,-0.3716,0.2642,0.9546
962,-0.0562,0.0591,0.9702
963,0.1401,-0.0605,0.9946
964,0.1890,-0.2834,1.0618
965,0.1199,-0.2849,1.0327
966,-0.1062,-0.3347,1.0063
967,-0.1177,-0.3928,1.0112
968,0.0166,0.0571,0.9924
969,0.0854,0.1624,0.9114
970,0.1428,-0.1433,0.9761
971,-0.0820,-0.0330,1.1470
972,-0.0759,0.2170,0.8655
973,-0.0312,0.2708,0.9583
974,-0.0544,0.1562,1.0425
975,-0.0886,-0.1292,0.8352
976,-0.1226,-0.0645,1.0630
977,-0.0803,0.2075,0.9429
978,0.0911,-0.0898,0.8049
979,0.1436,-0.3347,1.0903
980,0.1636,-0.3086,1.0071
981,-0.0115,-0.2349,0.9993
982,-0.1450,-0.0354,1.1340
983,-0.2300,0.0342,0.9722
984,-0.0940,-0.2107,0.9380
985,0.0364,0.0281,1.1106
986,0.0837,0.3647,0.8354
987,0.1265,0.3416,0.8772
988,0.0278,0.2634,1.0129
989,-0.0215,-0.0994,0.7903
990,-0.0757,-0.2322,0.9819
991,-0.1672,-0.2424,1.0737
992,-0.1052,-0.3945,0.9651
993,-0.0044,-0.5171,1.1262
994,0.0798,-0.1208,1.0923
995,0.1306,0.0620,0.8804
996,0.1121,0.0842,1.0325
997,-0.0164,0.3801,0.9680
998,-0.0842,0.3992,0.7991
999,-0.0850,0.4619,0.9282
1000,-0.0361,0.6968,0.9204
1001,0.0303,0.1787,0.8774
1002,-0.0269,-0.3286,1.2043
1003,0.0312,-0.6921,1.0933
1004,0.0566,-0.3755,1.0208
1005,0.0884,-0.3035,0.9937
1006,-0.0508,-0.1160,1.0210
1007,-0.1709,-0.2437,0.9817
1008,-0.1091,0.0310,0.9866
1009,-0.0342,0.2659,0.8420
1010,0.0334,0.3618,0.9062
1011,0.1147,0.1782,0.9780
1012,0.0720,0.0156,0.9624
1013,-0.0466,0.0459,1.0405
1014,-0.0576,0.1716,0.9351
1015,-0.1135,0.0916,0.9895
1016,-0.0857,-0.5723,0.9377
1017,-0.0627,-0.4121,1.2046
1018,0.0483,-0.1045,0.8879
1019,0.2173,0.0039,0.8801
1020,0.1814,0.2554,1.0698
1021,-0.0266,-0.1670,0.8328
1022,-0.1990,-0.2163,1.1135
1023,-0.2744,0.1860,1.1060
1024,-0.1409,0.2507,0.7866
1025,0.0742,0.1104,1.0422
1026,0.1665,0.0847,1.0198
1027,0.1755,0.1904,0.8267
1028,0.0115,0.2051,1.0142
1029,-0.0879,0.1577,0.8599
1030,-0.0581,-0.2620,0.9067
1031,-0.0767,-0.3210,1.1440
1032,-0.0740,-0.3123,0.9819
1033,-0.0251,-0.0771,1.0168
1034,0.0720,-0.0906,1.1040
1035,0.1265,-0.1885,0.9231
1036,0.0476,-0.1040,1.0676
1037,-0.0867,0.2271,0.9653
1038,-0.1941,0.5471,0.9338
1039,-0.1594,0.3867,0.8694
1040,-0.0310,-0.0598,0.9231
1041,0.0552,-0.3093,0.9507
1042,0.0459,-0.1094,1.0347
1043,0.0454,0.1365,0.9426
1044,0.0178,-0.2314,0.9832
1045,-0.0669,-0.5273,1.1038
1046,-0.0374,-0.3049,1.0015
1047,-0.0657,0.0803,0.9739
1048,-0.0852,0.2224,1.0002
1049,-0.0378,0.2896,0.9312
1050,0.0815,0.2144,0.9370
1051,0.1128,0.2766,0.9016
1052,0.0540,0.1965,0.9680
1053,-0.0315,-0.2935,0.9133
1054,-0.0012,0.0212,1.1604
1055,0.1204,0.1924,0.8850
1056,0.0649,-0.4033,0.9319
1057,-0.0281,-0.2178,1.3254
1058,-0.1763,-0.4939,0.9038
1059,-0.2427,-0.3230,1.0073
1060,0.1504,0.4358,0.9807
1061,0.3147,0.3130,0.6665
1062,0.2151,0.1748,1.0513
1063,0.0352,0.2437,0.9204
1064,-0.4214,0.5757,0.8862
1065,-0.3628,0.2793,0.9292
1066,-0.1504,0.0161,1.0425
1067,0.2102,-0.6331,1.0981
1068,0.2527,-0.5046,1.2280
1069,0.1030,-0.2173,1.0461
1070,-0.0474,-0.0596,0.8911
1071,-0.1140,-0.0776,0.9592
1072,-0.0383,-0.1934,0.8137
1073,0.0942,0.1528,0.9355
1074,0.1125,0.5688,0.8384
1075,-0.0085,0.6650,0.9233
1076,0.0015,0.0493,0.9875
1077,-0.0408,-0.0452,1.0598
1078,0.0073,-0.0359,1.0298
1079,-0.0876,-0.0471,1.0894
1080,-0.1003,-0.1567,1.0852
1081,-0.1104,-0.4243,1.0090
1082,-0.0032,-0.4297,1.0159
1083,0.0703,-0.3928,0.8508
1084,0.1724,0.3059,1.0110
1085,0.1282,0.2583,0.7856
1086,-0.1213,-0.1777,0.9175
1087,-0.2246,-0.0442,1.0481
1088,-0.2153,0.1082,0.9106
1089,-0.1765,0.2786,0.9885
1090,0.0691,-0.0918,1.0393
1091,0.1511,-0.2285,1.1028
1092,0.0769,-0.2749,0.9651
1093,0.0095,0.0481,0.9700
1094,-0.0842,-0.0645,0.9221
1095,-0.1536,-0.2151,1.0483
1096,-0.0254,-0.3638,0.9165
1097,0.0034,-0.0547,0.9980
1098,0.1282,0.1594,0.8901
1099,0.0498,0.1108,0.9565
1100,-0.0864,0.0957,1.0786
1101,-0.0999,0.0667,0.9377
1102,-0.0178,0.3162,0.9807
1103,0.0234,0.1111,0.9114
1104,0.0459,-0.0210,0.9895
1105,-0.0022,-0.0605,1.0981
1106,0.0176,0.0989,0.9407
1107,0.0901,0.0386,0.8989
1108,0.0486,-0.1960,0.9839
1109,-0.0627,-0.3586,1.0383
1110,-0.1211,-0.1829,1.0220
1111,-0.0581,-0.0002,0.9907
1112,0.0359,0.1890,0.9233
1113,-0.0037,-0.0569,0.9116
1114,0.0730,0.0925,1.0461
1115,0.0637,0.5117,0.9614
1116,-0.1755,0.3342,0.8723
1117,-0.1736,0.2253,0.9934
1118,-0.0168,-0.0479,0.9585
1119,0.0344,-0.1704,1.0259
1120,0.1218,-0.2500,1.0452
1121,0.1101,-0.3018,1.0520
1122,0.0437,-0.3218,1.0159
1123,-0.0105,-0.1492,0.9653
1124,-0.0071,0.0005,0.9165
1125,-0.1101,0.1355,0.9885
1126,-0.1321,0.1521,0.9387
1127,-0.0359,0.1870,0.8813
1128,0.0073,0.3049,0.9338
1129,0.0657,0.3428,0.9097
1130,0.0244,0.1311,1.0042
1131,-0.1194,-0.1165,1.1167
1132,-0.1523,-0.5100,0.9673
1133,-0.0742,-0.3467,1.0679
1134,0.0500,-0.2944,0.9543
1135,0.1670,-0.0098,1.0317
1136,0.2339,-0.1260,0.9934
1137,0.1194,-0.0471,0.9624
1138,-0.0398,0.1995,0.8987
1139,-0.1218,0.3843,0.8530
1140,-0.1860,0.3184,0.9585
1141,-0.1650,0.1558,1.0315
1142,-0.0344,-0.1094,0.9573
1143,-0.0330,-0.0999,1.0520
1144,-0.0022,-0.2087,0.9487
1145,0.1050,-0.0186,1.0364
1146,0.0381,-0.0090,1.0493
1147,0.0000,-0.3740,0.9202
1148,0.0708,-0.2358,1.0442
1149,-0.0259,0.0195,0.9458
1150,0.0066,0.0774,0.8635
1151,-0.0837,0.0818,1.0774
1152,-0.0808,0.0588,0.9104
1153,-0.0269,-0.0237,0.9202
1154,-0.0515,0.4377,1.0491
1155,-0.0669,0.3403,0.8481
1156,-0.1768,-0.1741,1.0396
1157,-0.1162,-0.3689,1.1274
1158,-0.0051,-0.0969,0.8745
1159,0.0774,0.0090,0.9731
1160,0.0620,-0.0469,1.0454
1161,-0.0107,-0.5190,0.9719
1162,-0.0308,-0.3333,1.0591
1163,-0.0200,0.0784,0.9048
1164,-0.0471,0.3877,0.8901
1165,-0.0334,0.1853,0.9419
1166,-0.0334,0.0803,1.0090
1167,-0.0581,0.3374,1.0083
1168,-0.0071,0.4043,0.9438
1169,0.0107,0.2295,0.9846
1170,0.0688,-0.4263,1.0276
1171,0.0315,-0.3755,1.1672
1172,0.0432,-0.1099,0.9670
1173,0.1028,-0.2139,0.9360
1174,0.0835,-0.4617,0.9517
1175,0.0513,0.0322,0.9839
1176,-0.0203,0.3657,0.8091
1177,-0.0659,0.2793,0.9185
1178,-0.0637,0.2441,1.0493
1179,0.0332,0.1875,0.9312
1180,0.1636,0.1846,0.9565
1181,0.0876,0.2917,1.0825
1182,-0.1626,0.0305,0.9985
1183,-0.2339,-0.3918,1.0190
1184,-0.0579,0.0535,1.0386
1185,0.2019,0.1553,0.8862
1186,0.3130,-0.2974,1.0461
1187,0.0820,-0.5847,1.0669
1188,-0.0930,-0.0635,0.9543
1189,-0.1516,0.2229,0.8665
1190,0.0100,0.4600,0.8518
1191,0.1311,0.2102,0.9836
1192,0.0259,-0.1729,1.0598
1193,-0.1206,-0.0442,0.9634
1194,-0.1479,0.3176,0.9319
1195,-0.0693,0.2820,0.9214
1196,-0.0281,-0.2986,1.0708
1197,0.0149,-0.5320,1.1021
1198,0.0391,-0.2998,1.0559
1199,0.1519,0.2683,0.9026
1200,0.1921,0.0310,0.8474
1201,0.2290,-0.1992,1.0422
1202,0.0767,-0.1431,0.9993
1203,-0.1667,0.3987,0.9709
1204,-0.2090,0.4478,0.8530
1205,-0.2751,0.1895,0.9641
1206,-0.1323,-0.2000,0.9917
1207,-0.0142,-0.0640,1.0894
1208,-0.0479,0.1982,1.0317
1209,-0.0217,0.0208,0.9575
1210,0.0601,-0.5767,0.9827
1211,0.1921,-0.4666,1.0737
1212,0.2944,0.0308,0.9583
1213,0.1274,0.1003,0.9045
1214,-0.0239,0.0596,0.9651
1215,-0.1963,0.0615,0.9116
1216,-0.2439,0.0576,0.9055
1217,-0.1580,0.1826,0.9709
1218,-0.1655,0.1479,1.0317
1219,-0.1345,-0.0767,0.9819
1220,-0.1172,-0.0991,1.0396
1221,-0.0259,-0.0686,0.9270
1222,0.0583,-0.1143,0.9575
1223,0.0891,-0.1958,1.0803
1224,0.1006,-0.4197,0.8872
1225,0.1741,-0.0547,0.9722
1226,0.1980,0.2908,0.9124
1227,0.1418,-0.0325,0.9614
1228,-0.0762,-0.3357,1.1323
1229,-0.2593,0.0054,1.0161
1230,-0.3286,0.3853,0.8833
1231,-0.2739,0.3159,0.9438
1232,-0.1440,0.0552,1.0054
1233,-0.0386,-0.4192,0.9629
1234,0.1589,0.1533,1.1255
1235,0.2061,0.1475,0.7905
1236,0.1914,-0.1052,1.0032
1237,0.1475,-0.6392,1.0090
1238,-0.1216,-0.3645,1.0510
1239,-0.1812,0.0913,0.9587
1240,-0.1013,0.3899,0.9299
1241,-0.0762,0.0652,0.9429
1242,0.0181,-0.2634,0.9709
1243,0.0339,0.0889,1.1206
1244,-0.0593,0.3813,0.9116
1245,0.0342,0.2759,0.8928
1246,-0.0032,-0.1448,1.0334
1247,-0.0156,-0.2461,1.0481
1248,0.0417,-0.3635,0.9136
1249,-0.0779,0.0129,1.0571
1250,0.0063,-0.1165,0.8364
1251,0.0471,-0.1506,0.9780
1252,0.0598,-0.0146,1.0034
1253,0.0803,0.2419,0.8921
1254,-0.1306,0.1877,1.0374
1255,-0.0986,0.2837,0.9670
1256,-0.0825,0.0808,0.9656
1257,-0.0254,0.2561,1.0891
1258,0.0593,-0.0505,0.9106
1259,-0.0564,-0.1125,1.1040
1260,-0.0007,-0.1985,0.9731
1261,0.0732,-0.1536,0.9048
1262,0.1692,-0.0781,0.9712
1263,0.0476,-0.2061,0.9165
1264,-0.1096,-0.1809,0.9927
1265,-0.1921,-0.0854,0.9290
1266,-0.1365,0.0208,0.9338
1267,-0.0447,-0.3628,0.8860
1268,0.1130,0.3630,1.1028
1269,0.1382,0.4875,0.9260
1270,-0.1167,0.0500,1.1060
1271,-0.1584,-0.4016,1.0503
1272,-0.1677,-0.0620,1.0237
1273,0.0361,0.0825,0.9631
1274,0.1362,0.0337,0.9700
1275,0.1301,-0.3049,0.9673
1276,-0.0286,-0.1306,0.9722
1277,-0.0198,0.0681,0.8188
1278,-0.0117,0.2461,0.8901
1279,0.0244,-0.0476,0.9878
1280,-0.0452,-0.1763,1.0115
1281,-0.0476,0.0752,1.0400
1282,-0.0498,0.5256,0.9905
1283,0.0432,0.3228,0.9155
1284,-0.0308,-0.3579,1.0862
1285,-0.1296,-0.2358,1.2092
1286,-0.0708,-0.0063,0.8950
1287,-0.0371,0.0559,0.8694
1288,0.1345,0.1882,0.9758
1289,0.1516,-0.2510,0.8196
1290,0.0559,-0.1399,1.0950
1291,-0.0330,0.1338,0.9448
1292,-0.1768,-0.0303,0.7883
1293,-0.1409,0.0674,1.0464
1294,0.0059,0.0806,1.0188
1295,-0.0969,-0.1216,1.0149
1296,-0.1111,-0.2583,1.0081
1297,-0.0439,0.4146,1.0005
1298,0.0371,0.2732,0.8979
1299,0.0444,-0.2830,1.0571
1300,0.0447,-0.6179,1.1235
1301,-0.0527,-0.2957,1.0317
1302,0.0449,-0.0334,0.8469
1303,0.1260,0.0366,0.8999
1304,0.1531,-0.0969,0.9692
1305,0.0237,-0.0674,0.9956
1306,-0.1763,0.4341,0.9517
1307,-0.2415,0.3865,0.8342
1308,-0.0640,0.4961,0.9995
1309,0.0681,-0.0850,0.9565
1310,0.0945,-0.1052,1.1812
1311,0.0476,0.0547,1.0474
1312,-0.1138,0.1526,0.9575
1313,0.0081,-0.6375,0.9644
1314,0.0671,-0.5103,1.1926
1315,0.1602,-0.4180,0.8616
1316,0.0898,0.0977,0.9985
1317,0.0129,0.2842,0.8286
1318,-0.0005,0.2102,0.8030
1319,0.0200,0.2107,1.0120
1320,-0.0254,0.3672,0.9106
1321,-0.1326,0.4470,0.9807
1322,-0.1448,0.3257,1.0239
1323,-0.0698,0.0442,1.0103
1324,0.1050,-0.3208,0.9778
1325,0.2258,-0.0955,1.1538
1326,0.1318,0.1245,0.9302
1327,-0.0806,-0.2288,0.9751
1328,-0.2703,-0.3462,1.0540
1329,-0.2224,-0.1270,0.8850
1330,0.0376,0.3894,0.9771
1331,0.2632,0.2190,0.8860
1332,0.1992,0.0137,1.0227
1333,0.0552,-0.1113,0.9897
1334,-0.1941,0.2122,0.9983
1335,-0.2700,0.1357,0.9507
1336,-0.1238,-0.2556,1.0112
1337,-0.0095,-0.4773,1.1030
1338,0.1614,-0.4373,0.9751
1339,0.1516,-0.1775,0.9456
1340,0.0251,0.0569,0.9387
1341,-0.0940,-0.3870,0.8384
1342,-0.0906,-0.1699,1.1460
1343,0.0291,0.1721,0.8528
1344,0.0442,0.2542,0.9058
1345,0.0298,0.1714,1.0112
1346,-0.2527,0.0430,1.0637
1347,-0.2644,0.0742,0.9612
1348,-0.1038,0.0928,1.0444
1349,0.0942,-0.0032,0.9907
1350,0.1365,-0.5608,1.0005
1351,0.0876,-0.2097,1.1558
1352,-0.0505,-0.1077,0.8372
1353,-0.0234,0.0037,0.9253
1354,0.0864,-0.1584,0.8706
1355,0.0969,-0.0320,0.9595
1356,0.0520,-0.1328,0.9321
1357,-0.0518,0.4624,0.9907
1358,-0.0754,0.5068,0.8804
1359,-0.0259,0.2446,1.0686
1360,0.0200,-0.3025,1.0396
1361,-0.0127,-0.0049,1.1313
1362,-0.1309,0.1157,1.0168
1363,-0.1506,0.0642,0.9417
1364,-0.0510,-0.1047,0.9780
1365,0.1184,-0.2771,0.9521
1366,0.1609,-0.0566,0.9797
1367,0.0190,0.0374,0.8782
1368,-0.0447,0.1428,0.9377
1369,-0.0134,-0.1318,0.8774
1370,0.0718,0.1853,1.0374
1371,0.0645,0.1858,0.9622
1372,-0.1514,0.2271,1.0757
1373,-0.2874,-0.0852,1.0278
1374,-0.1887,-0.0115,1.0132
1375,0.0310,0.0615,1.0110
1376,0.2427,0.0461,0.9651
1377,0.2017,-0.3096,0.9583
1378,-0.0266,-0.2017,1.0835
1379,-0.0891,-0.1094,0.8010
1380,-0.0886,-0.0718,0.9534
1381,0.0981,-0.2607,0.9114
1382,0.1216,-0.3501,0.9788
1383,-0.0354,0.1487,1.0901
1384,-0.1550,0.1604,0.7854
1385,-0.1868,0.1306,0.9954
1386,0.0046,0.2253,1.0042
1387,0.0581,0.2700,0.9934
1388,0.0273,-0.1160,1.0894
1389,-0.0498,-0.2234,1.0356
1390,-0.0759,-0.1423,0.9409
1391,0.0337,0.1140,1.0081
1392,0.1335,-0.1460,0.9417
1393,0.0464,-0.2544,1.0500
1394,0.0227,-0.0479,0.9446
1395,-0.0774,0.3420,0.8928
1396,-0.0725,0.4155,0.8618
1397,0.0896,0.1526,0.9429
1398,0.0068,-0.0166,1.0493
1399,-0.0269,0.1450,1.0630
1400,-0.0928,0.1560,0.9163
1401,-0.1792,0.0669,1.0610
1402,-0.0728,-0.4368,0.9937
1403,-0.0439,-0.6902,1.1401
1404,0.0667,-0.2712,1.0435
1405,0.1687,0.0042,0.8020
1406,0.1636,0.0674,0.8882
1407,0.1206,0.0493,0.9194
1408,-0.0339,0.1448,0.9192
1409,-0.1243,0.1372,0.9360
1410,-0.0835,0.3511,0.9751
1411,-0.1550,-0.2153,0.8982
1412,-0.1069,-0.2517,1.1597
1413,-0.1162,0.0215,1.0659
1414,-0.1838,0.0791,0.9976
1415,-0.0918,-0.2129,0.9946
1416,-0.0649,-0.2981,0.9106
1417,0.0278,-0.0266,1.0129
1418,0.1660,0.3052,0.9158
1419,0.1160,0.1326,0.9019
1420,0.1038,-0.0647,0.9604
1421,-0.0090,-0.1926,0.9973
1422,-0.0928,0.2292,1.0452
1423,-0.0940,0.1030,0.8821
1424,-0.1628,0.1577,1.1626
1425,-0.1033,-0.0977,0.9192
1426,-0.1807,-0.1174,1.0308
1427,-0.0249,0.2964,1.0034
1428,0.0657,0.0659,0.8127
1429,0.0884,-0.3027,1.1008
1430,0.2690,-0.3843,1.0159
1431,0.2937,-0.1099,0.8931
1432,0.2976,0.2651,0.9409
1433,0.1592,0.0034,0.8840
1434,-0.2183,-0.1428,1.0972
1435,-0.2947,0.0085,0.9709
1436,-0.1902,0.3928,0.9104
1437,-0.0513,0.3403,0.9565
1438,0.1345,0.2205,1.0181
1439,0.1289,-0.0393,1.0151
1440,-0.0701,-0.0886,1.0657
1441,-0.0142,0.1355,0.9148
1442,-0.0090,0.0115,0.9058
1443,0.0896,-0.1892,1.0688
1444,0.0354,-0.3826,1.0688
1445,-0.0879,-0.1963,1.0337
1446,-0.1028,-0.0786,0.9309
1447,-0.1099,-0.3335,0.9641
1448,0.2415,0.0024,1.0562
1449,0.2847,0.2092,0.8538
1450,0.1162,0.4214,0.9448
1451,-0.0105,0.3560,0.8647
1452,-0.4011,0.1892,0.9690
1453,-0.3025,0.0691,0.8948
1454,-0.0518,-0.0964,0.9575
1455,0.1152,-0.0740,1.1477
1456,0.3794,-0.2827,0.9338
1457,0.1733,-0.1987,1.0413
1458,0.0208,-0.1333,0.9670
1459,-0.0637,-0.0103,1.0256
1460,-0.0933,0.0908,0.9622
1461,-0.0747,0.0681,0.9885
1462,-0.0039,0.2080,0.9985
1463,-0.0923,0.3354,0.9438
1464,-0.0474,0.2205,0.9380
1465,-0.0508,-0.1604,1.0415
1466,-0.0063,-0.2104,1.0383
1467,0.0720,-0.1821,0.9458
1468,-0.0037,-0.2563,0.9895
1469,-0.0447,-0.2910,0.9885
1470,-0.0713,-0.4495,0.9106
1471,-0.0081,-0.2800,0.9907
1472,0.2517,0.5425,0.8794
1473,0.2166,0.4875,0.7478
1474,0.0261,0.0347,1.0295
1475,-0.2988,-0.0220,1.1870
1476,-0.4487,0.1318,0.9575
1477,-0.2979,0.2222,1.0444
1478,-0.0461,-0.2129,1.0764
1479,0.2468,-0.6648,1.0308
1480,0.1677,-0.4272,1.1799
1481,0.0095,0.2073,0.9075
1482,-0.0005,0.1833,0.7522
1483,0.0420,-0.0347,0.9072
1484,0.1155,-0.2412,0.8901
1485,0.1084,0.0349,0.9673
1486,-0.0686,0.3806,0.9329
1487,-0.1875,0.3154,0.8735
1488,-0.2625,-0.1257,1.0559
1489,-0.2329,-0.2751,1.1245
1490,-0.0852,-0.2083,1.0491
1491,-0.1189,-0.0374,1.0718
1492,0.0630,-0.1013,0.9839
1493,0.1741,0.0269,0.9956
1494,0.3232,-0.1030,0.9075
1495,0.3394,0.0159,0.9446
1496,0.0359,-0.1631,0.9446
1497,-0.1978,0.0161,0.9731
1498,-0.3374,0.0786,0.8862
1499,-0.2244,0.1809,0.9661
1500,-0.0081,-0.1836,1.0061
1501,-0.0425,-0.1790,1.1157
1502,0.0168,0.0503,0.9651
1503,0.0190,0.2661,0.9106
1504,-0.0591,0.0676,1.0293
1505,0.1021,-0.3374,0.9631
1506,-0.0066,-0.4185,1.0925
1507,0.0305,-0.0193,1.0161
1508,0.1052,0.0051,0.7893
1509,0.0159,-0.0845,0.9573
1510,0.0867,0.1086,1.0002
1511,-0.0425,0.1030,0.9292
1512,-0.1467,0.3362,1.0325
1513,-0.1455,0.4028,0.8599
1514,-0.1560,0.4402,1.0208
1515,-0.0007,0.1382,1.0103
1516,-0.0005,-0.1821,1.0396
1517,0.0105,-0.1226,1.1086
1518,0.1353,-0.1970,0.9417
1519,0.0405,-0.3716,0.9993
1520,0.0715,-0.4922,0.9773
1521,0.0298,-0.2957,0.9604
1522,-0.0874,-0.1462,0.9331
1523,-0.0767,0.1025,0.8647
1524,-0.0239,0.2437,0.8579
1525,-0.0176,0.2639,0.9729
1526,-0.0098,0.2075,1.0239
1527,-0.1758,0.0371,1.0308
1528,-0.1392,0.0137,1.0327
1529,-0.0520,-0.0332,1.0562
1530,0.0032,-0.1257,1.0630
1531,0.0278,-0.5007,0.9624
1532,-0.0576,-0.2383,1.1145
1533,0.0750,0.0835,0.8657
1534,0.0811,0.0869,0.8499
1535,0.0601,-0.0571,0.9319
1536,0.0281,-0.1765,0.9585
1537,-0.0664,0.1506,1.0471
1538,-0.0208,0.3606,0.8772
1539,0.0356,-0.0042,0.8901
1540,-0.0881,0.1208,1.2063
1541,-0.0356,0.1077,0.9094
1542,-0.0950,0.1340,0.9680
1543,-0.1411,0.0686,1.1057
1544,-0.0220,-0.0569,0.8550
1545,-0.0229,-0.1797,1.0054
1546,0.2009,-0.0686,0.9810
1547,0.2673,-0.0681,0.9426
1548,0.2056,-0.1812,1.0481
1549,0.0283,-0.0068,0.9407
1550,-0.1626,-0.0706,0.8792
1551,-0.2603,0.2866,1.0532
1552,-0.2664,0.0872,0.8909
1553,-0.1641,0.0652,1.0559
1554,-0.0271,0.0195,1.0452
1555,0.0498,0.0488,0.9819
1556,0.0933,-0.2771,0.9448
1557,0.0337,-0.2817,1.0696
1558,0.0215,0.0007,1.0071
1559,0.0366,-0.2053,0.8540
1560,0.0151,-0.2349,0.9771
1561,0.0127,-0.0271,0.9016
1562,0.0415,0.2034,0.9231
1563,-0.0112,0.3782,0.9622
1564,0.0015,0.3228,0.8823
1565,-0.0667,0.3005,1.0007
1566,-0.1824,0.0193,1.0110
1567,-0.2932,0.1062,1.1594
1568,-0.2004,-0.3794,0.9797
1569,0.0701,-0.3835,1.0737
1570,0.2515,-0.2341,1.0325
1571,0.3850,-0.2927,0.9399
1572,0.3335,0.1692,0.9573
1573,0.1272,0.0415,0.7700
1574,-0.1191,0.1162,1.0767
1575,-0.1306,-0.0369,0.8384
1576,-0.2126,0.2749,0.9312
1577,-0.0984,0.1821,0.9883
1578,-0.0674,0.2136,1.0579
1579,-0.0710,0.2146,0.9739
1580,0.0364,0.1045,1.0308
1581,0.0166,-0.1877,0.9868
1582,0.0911,-0.0654,1.0542
1583,0.0923,0.0630,0.9143
1584,0.0244,0.0884,0.9751
1585,0.0471,-0.1252,0.9272
1586,0.0295,-0.2800,0.9614
1587,0.0613,0.0747,0.9927
1588,0.0837,0.1045,0.9155
1589,-0.0432,0.1042,1.0366
1590,-0.0803,-0.0291,0.9709
1591,-0.1316,0.1914,0.9966
1592,-0.0811,0.2803,0.9526
1593,-0.0181,0.1616,1.0120
1594,-0.0640,-0.2925,1.0530
1595,-0.0291,-0.3740,1.0627
1596,-0.0588,-0.2407,0.9358
1597,-0.0376,-0.1763,0.9351
1598,-0.0159,-0.4924,0.9634
1599,-0.0051,-0.2019,1.0405
1600,0.1169,-0.0515,0.8342
1601,0.0925,-0.0039,0.9097
1602,-0.0020,0.1111,0.9829
1603,-0.1448,0.0862,0.9749
1604,-0.3162,0.0881,1.0198
1605,-0.1968,0.0576,0.9790
1606,-0.1045,0.1025,0.9722
1607,0.0725,-0.1355,1.0337
1608,0.1365,-0.2563,0.9583
1609,0.0222,-0.0505,1.0706
1610,-0.0076,-0.3467,0.8801
1611,0.0481,0.0261,1.0452
1612,0.2522,0.1646,0.7896
1613,0.1943,0.0903,0.9780
1614,-0.0432,-0.1963,1.1350
1615,-0.2476,-0.0120,0.9348
1616,-0.2512,0.4673,0.9448
1617,-0.0776,0.5149,0.9504
1618,0.1497,0.0881,1.0012
1619,0.0496,-0.3291,1.0784
1620,-0.1309,-0.1836,1.0854
1621,-0.1238,0.3782,0.8850
1622,-0.0054,0.1980,0.8472
1623,0.1724,-0.3423,1.0452
1624,0.1985,-0.7014,1.0327
1625,0.1274,-0.0930,1.0415
1626,-0.0010,0.4375,0.8188
1627,-0.1267,0.3333,0.8831
1628,-0.1255,0.0361,1.0103
1629,-0.1243,-0.0735,1.0579
1630,-0.1731,0.2612,1.0269
1631,-0.0603,0.3577,0.8625
1632,0.0071,0.2864,1.0088
1633,0.0916,-0.2461,1.0247
1634,0.0764,-0.4927,1.0554
1635,-0.0269,-0.2166,1.0542
1636,-0.0222,-0.1646,0.8577
1637,-0.0129,-0.2258,0.9768
1638,0.0486,-0.3472,0.9221
1639,0.1074,0.0249,0.9995
1640,0.0359,0.2583,0.9497
1641,-0.0264,0.2759,0.8950
1642,-0.1538,0.0208,0.9954
1643,-0.1609,0.0322,1.0364
1644,-0.0957,-0.1484,0.9927
1645,-0.1519,0.0312,1.1333
1646,-0.0884,-0.1165,0.9182
1647,0.0239,-0.1272,0.9856
1648,0.1499,-0.1248,0.9758
1649,0.2617,-0.0669,0.8635
1650,0.2339,-0.0620,1.0188
1651,0.0515,0.1484,0.9504
1652,-0.1284,0.1475,0.8335
1653,-0.1318,0.0701,0.9683
1654,0.0022,0.4114,1.0110
1655,0.0022,0.2454,0.9402
1656,-0.0020,0.0703,1.1431
1657,-0.1135,-0.1187,1.0100
1658,-0.2485,0.0046,1.0522
1659,-0.0984,-0.0815,0.9690
1660,-0.0298,-0.2905,1.0181
1661,0.0840,-0.2178,1.0383
1662,0.1631,-0.2207,0.8821
1663,0.0330,0.0442,0.9153
1664,0.0955,0.0857,0.8401
1665,0.1394,0.0249,0.9683
1666,-0.0225,0.0090,1.0491
1667,-0.0298,0.0657,0.9087
1668,-0.1443,0.1624,0.9670
1669,-0.2280,0.3911,1.0513
1670,-0.1956,-0.0115,0.9751
1671,-0.2019,-0.1165,1.1233
1672,-0.0906,-0.3716,0.9436
1673,-0.0447,-0.2241,1.0154
1674,0.0015,-0.0159,0.9495
1675,0.0439,-0.0532,0.8499
1676,0.0435,-0.1484,1.0461
1677,0.1211,-0.2078,0.9253
1678,0.1445,0.1084,0.8655
1679,0.1418,0.3960,0.9097
1680,0.1543,0.4214,0.9419
1681,-0.0945,-0.1577,1.0745
1682,-0.1438,-0.1528,1.1536
1683,-0.1260,0.3596,0.9719
1684,-0.1128,0.0239,0.8911
1685,-0.0374,-0.3091,1.1584
1686,-0.0813,-0.3838,1.0757
1687,-0.1318,-0.0408,0.9539
1688,0.0403,0.1213,0.8228
1689,0.2312,0.0708,0.8167
1690,0.3040,0.0540,1.0562
1691,0.2390,0.0530,0.9224
1692,-0.0474,-0.0125,0.9126
1693,-0.1489,0.1484,1.0562
1694,-0.1516,0.1062,0.9868
1695,0.0244,0.0940,1.0403
1696,0.0835,-0.0730,0.9858
1697,0.0022,0.1572,1.1147
1698,-0.0498,0.1775,0.9084
1699,-0.1223,0.0723,0.9067
1700,0.0151,0.0305,0.9136
1701,0.2043,-0.1350,0.9673
1702,0.1389,-0.0916,1.0688
1703,0.0493,-0.2688,0.8755
1704,-0.1445,0.0337,1.0171
1705,-0.1238,0.0479,0.9341
1706,-0.0095,0.0977,1.0481
1707,-0.0142,-0.3494,1.0298
1708,0.0356,0.1379,1.0354
1709,-0.0247,0.3450,0.8547
1710,-0.0583,0.3657,0.9387
1711,0.0005,-0.0981,0.9534
1712,-0.0166,-0.2979,1.0442
1713,0.0383,-0.4163,0.9956
1714,0.1870,0.0925,0.9719
1715,0.2395,0.2227,0.8293
1716,0.1506,-0.0598,1.0620
1717,-0.1042,-0.3809,1.1060
1718,-0.2632,0.1221,0.9878
1719,-0.1882,0.5012,0.7825
1720,-0.1553,0.5122,0.9673
1721,-0.0535,0.0005,0.9890
1722,-0.0762,-0.2507,1.0688
1723,-0.0303,0.0991,1.0688
1724,0.1543,-0.0232,0.8276
1725,0.2292,-0.2603,1.0608
1726,0.2595,-0.5750,0.9800
1727,0.1204,-0.2910,1.0962
1728,0.0090,0.0706,1.0198
1729,-0.0017,0.0034,0.7729
1730,-0.0696,0.0291,1.0217
1731,-0.0889,0.2153,0.9331
1732,-0.1260,0.3079,0.9104
1733,-0.2485,0.2910,0.9673
1734,-0.2896,0.1853,0.9341
1735,-0.2014,-0.0845,1.0061
1736,-0.0125,-0.4646,1.0454
1737,0.1616,-0.3687,1.1448
1738,0.1843,-0.4253,0.9543
1739,0.1667,-0.3701,1.0073
1740,0.0549,0.0195,0.9956
1741,0.0908,-0.1990,0.7710
1742,0.1060,0.2180,1.0842
1743,0.0098,0.5120,0.8723
1744,-0.1519,0.3621,0.8550
1745,-0.2788,0.1052,1.0286
1746,-0.3696,0.1353,0.9810
1747,-0.2280,0.1130,0.9858
1748,-0.0403,-0.1082,1.0503
1749,0.0974,-0.2292,1.0825
1750,0.2209,-0.5330,1.0112
1751,0.2375,-0.1885,1.0686
1752,0.1453,-0.1492,0.8286
1753,-0.0476,-0.1208,1.0503
1754,-0.1838,-0.3628,0.8772
1755,-0.1931,0.0815,0.9683
1756,-0.0417,0.5061,0.8518
1757,0.0881,0.5342,0.8618
1758,0.0222,0.1218,1.0415
1759,-0.1326,-0.3521,1.0803
1760,-0.1292,0.1003,1.0872
1761,-0.0969,0.0078,0.8167
1762,0.0906,-0.1196,1.1050
1763,0.1060,-0.5510,1.0601
1764,0.0881,-0.4241,1.0259
1765,0.0957,-0.0339,0.9194
1766,0.0554,0.3020,0.8508
1767,0.0957,0.1125,0.8499
1768,0.0425,0.2200,1.0227
1769,-0.1445,0.0518,0.9346
1770,-0.2168,0.2571,1.0891
1771,-0.1941,0.3071,0.9170
1772,-0.0955,0.2517,0.9829
1773,0.0171,-0.3152,1.1116
1774,0.0122,-0.3218,1.2375
1775,0.0842,-0.1504,0.8904
1776,0.1318,0.0327,0.9382
1777,0.0779,-0.1553,0.8879
1778,0.1248,-0.2520,0.9651
1779,-0.0134,-0.0320,0.9702
1780,-0.1094,-0.0107,0.8267
1781,-0.1025,0.2131,0.9268
1782,-0.0898,0.1218,0.9583
1783,-0.0564,0.0764,1.0217
1784,-0.1504,-0.1067,1.0325
1785,-0.1616,0.1235,1.0835
1786,-0.0708,0.0361,0.9272
1787,0.0801,-0.0420,0.9771
1788,0.0945,-0.2087,1.0132
1789,0.0007,0.0156,1.1460
1790,-0.1179,-0.6028,0.8032
1791,-0.1052,-0.1450,1.0679
1792,0.1045,0.0942,0.8450
1793,0.3093,0.0103,0.9468
1794,0.2488,0.0181,1.0618
1795,0.0474,-0.0225,0.8481
1796,-0.1648,0.4480,1.0647
1797,-0.2642,0.4048,0.8472
1798,-0.2053,0.0051,0.9458
1799,-0.0972,-0.0701,1.1353
1800,-0.0610,0.0022,0.9546
1801,-0.0356,-0.0886,0.9604
1802,0.0503,-0.3738,1.0415
1803,0.1707,-0.3188,1.0061
1804,0.2778,-0.2483,0.9700
1805,0.1658,-0.0459,1.0581
1806,-0.0583,0.0342,0.9299
1807,-0.2239,0.0774,0.8958
1808,-0.2285,0.3909,0.9788
1809,-0.0889,0.4988,0.9426
1810,0.0010,0.2026,0.9702
1811,-0.0122,0.0564,1.0881
1812,-0.0410,0.1826,0.9661
1813,-0.1133,-0.0698,0.9280
1814,-0.0691,-0.3833,1.0833
1815,-0.0723,-0.7661,1.0393
1816,-0.0195,-0.1589,1.1011
1817,0.0417,-0.0559,0.7007
1818,0.1011,-0.0671,0.9055
1819,0.1904,-0.0874,1.0005
1820,0.1694,0.1360,0.9690
1821,0.1208,0.4744,0.8831
1822,-0.0178,0.2520,0.8755
1823,-0.2759,0.2827,1.1060
1824,-0.2205,-0.2759,0.9456
1825,-0.1790,-0.0081,1.1995
1826,-0.0281,0.0144,1.0278
1827,0.1250,-0.2925,0.9653
1828,0.0659,-0.4995,1.0413
1829,0.1816,-0.0298,0.9631
1830,0.1736,0.2319,0.9331
1831,0.1016,0.4211,1.0706
1832,-0.0181,-0.4360,0.6936
1833,-0.1384,-0.2678,1.2395
1834,-0.0110,0.5713,1.0151
1835,0.0723,0.5464,0.7622
1836,0.0432,0.2307,1.0422
1837,-0.0950,-0.1775,0.9009
1838,-0.2974,0.3511,1.1538
1839,-0.1934,-0.0806,0.7356
1840,0.0164,-0.0073,1.0764
1841,0.1619,-0.3601,0.9731
1842,0.2942,-0.4619,0.9888
1843,0.1667,0.0286,0.9934
1844,0.1589,0.0107,0.8037
1845,0.0083,0.1672,1.0823
1846,-0.1941,-0.2075,0.9358
1847,-0.1741,0.0037,1.0256
1848,-0.1467,0.4153,1.0374
1849,-0.0027,0.5315,0.8850
1850,0.0435,0.1304,1.0051
1851,-0.0256,-0.2456,1.1360
1852,-0.0327,-0.3804,1.0120
1853,0.0142,-0.2166,1.0620
1854,0.0979,-0.0876,0.8940
1855,0.2576,-0.3220,0.8882
1856,0.1335,-0.4097,1.0891
1857,-0.0962,-0.2900,0.9468
1858,-0.2109,-0.0413,0.8960
1859,-0.2600,-0.0620,0.7622
1860,-0.1633,0.5845,1.0532
1861,-0.2097,0.2600,0.7991
1862,-0.1909,-0.2625,1.0308
1863,-0.2175,-0.0327,1.1877
1864,-0.0830,-0.0791,0.8762
1865,0.1978,-0.1411,1.0627
1866,0.3137,-0.4700,1.0845
1867,0.2009,-0.3721,1.1008
1868,0.1021,-0.2009,0.9351
1869,-0.0659,0.3621,0.8704
1870,-0.0999,0.1877,0.8145
1871,-0.0242,0.0693,1.0859
1872,-0.0627,0.1460,0.9761
1873,-0.0681,0.2932,0.8806
1874,-0.0693,0.4417,0.9846
1875,-0.0854,0.1221,0.9363
1876,-0.0557,-0.2439,1.1094
1877,-0.0071,-0.2434,1.1284
1878,0.1013,-0.1594,0.8853
1879,0.1575,-0.0649,1.0024
1880,0.1318,-0.2090,0.9143
1881,0.0127,-0.0945,1.0044
1882,-0.1038,0.0312,0.9897
1883,-0.1201,0.1660,0.8469
1884,-0.0295,0.3467,0.9800
1885,-0.0032,0.0137,0.8821
1886,-0.0449,0.1309,1.1606
1887,-0.1306,0.1235,1.0403
1888,-0.1382,0.0068,0.9448
1889,-0.0325,0.0032,1.0649
1890,0.0439,-0.0923,0.9504
1891,0.1023,-0.2520,1.0149
1892,-0.0283,-0.1296,1.0327
1893,0.0078,-0.0601,0.8313
1894,0.0820,0.0193,0.9622
1895,0.1257,-0.1125,0.9106
1896,0.0610,-0.1938,0.9514
1897,-0.1362,0.0195,1.0276
1898,-0.1912,0.1863,0.9309
1899,-0.1187,0.2456,0.9390
1900,-0.0452,0.0532,0.9673
1901,0.0317,0.0576,1.0298
1902,-0.0908,-0.0376,0.9780
1903,-0.1799,0.0183,0.9507
1904,-0.1445,-0.1733,0.9622
1905,0.0864,-0.0759,1.0295
1906,0.2698,-0.2947,0.9087
1907,0.3203,-0.2268,1.0491
1908,0.1436,-0.2114,1.0383
1909,-0.0515,-0.1394,0.9504
1910,-0.0754,0.0520,1.0139
1911,-0.1191,0.3357,0.9700
1912,-0.0933,0.2605,0.9397
1913,-0.1785,0.0691,1.0022
1914,-0.1536,0.0847,0.9534
1915,-0.0935,0.3394,1.0005
1916,0.0535,0.0347,0.9026
1917,0.1023,-0.1479,1.0315
1918,0.0100,-0.3569,1.0383
1919,-0.0728,-0.4919,0.9683
1920,-0.0686,-0.2490,1.0110
1921,0.0972,-0.1147,0.9055
1922,0.2747,0.1567,1.0259
1923,0.2524,0.1165,0.9436
1924,0.0254,0.0684,0.9038
1925,-0.2175,0.0825,1.0171
1926,-0.3333,0.4233,0.9351
1927,-0.2932,0.3577,0.8928
1928,-0.1812,0.0100,1.0981
1929,-0.1057,-0.2712,1.0376
1930,-0.0637,-0.1716,0.9810
1931,0.0273,-0.1863,0.9321
1932,0.0986,-0.1929,1.0500
1933,0.1750,-0.2205,0.9888
1934,0.1331,-0.2778,0.9543
1935,0.0864,0.0894,0.9866
1936,-0.0400,0.2610,0.7659
1937,-0.0388,0.5723,0.9399
1938,-0.0813,0.2993,0.9429
1939,-0.1248,-0.0166,1.0339
1940,-0.0374,-0.0308,1.0630
1941,-0.0640,0.0789,0.9741
1942,0.0405,0.0115,1.0884
1943,0.0708,-0.4507,1.0696
1944,0.0378,-0.3408,1.1685
1945,0.0923,-0.5327,0.8987
1946,0.0371,0.1809,1.0076
1947,0.0728,0.3909,0.7141
1948,0.1343,0.0149,0.8752
1949,0.1133,0.1614,1.1282
1950,0.1438,0.2139,0.6968
1951,0.0308,0.5476,0.9602
1952,-0.0850,0.4651,0.9573
1953,-0.1758,-0.1487,0.9531
1954,-0.2800,-0.3979,1.3284
1955,-0.1831,-0.1660,1.0383
1956,0.0283,-0.1396,0.8960
1957,0.1609,-0.5024,1.1584
1958,0.2273,-0.5024,1.0471
1959,0.2021,-0.0315,0.8938
1960,0.0803,0.1892,0.8870
1961,-0.0212,0.3047,0.8635
1962,-0.1831,0.1562,0.7649
1963,-0.1624,0.2429,0.9573
1964,-0.1597,0.7427,1.0347
1965,-0.0225,0.3831,0.8430
1966,0.0933,-0.2417,1.1340
1967,-0.0188,-0.5610,1.1907
1968,-0.0146,-0.4460,1.1294
1969,0.0586,-0.2034,1.0901
1970,0.1116,-0.1775,0.9653
1971,0.1619,-0.2371,0.9077
1972,0.1316,-0.0906,0.8950
1973,0.0020,0.4521,0.8823
1974,-0.0085,0.4875,0.7844
1975,0.0061,0.3406,0.9331
1976,0.0139,-0.0247,0.8545
1977,-0.0977,0.1851,1.0601
1978,-0.1685,0.0615,0.9517
1979,-0.1990,0.0642,1.0920
1980,-0.1089,-0.2109,1.1389
1981,0.1138,-0.3403,1.0823
1982,0.1343,-0.2559,1.0667
1983,0.1396,-0.0366,0.9954
1984,0.0095,-0.1206,0.8977
1985,-0.1226,-0.2539,0.9712
1986,0.0525,0.3772,0.9729
1987,0.1743,0.0527,0.6438
1988,0.1172,0.1729,1.0581
1989,-0.0408,-0.0398,0.9124
1990,-0.3208,0.2495,1.0186
1991,-0.3149,0.2173,1.0083
1992,-0.1145,-0.0642,0.9624
1993,-0.0095,-0.3350,1.1584
1994,0.0671,-0.5808,1.0405
1995,0.0212,-0.2681,1.0776
1996,0.0439,-0.1577,1.0286
1997,0.1331,-0.1331,0.8821
1998,0.1604,-0.1099,0.8987
1999,0.2322,-0.0310,0.8860
2000,0.0586,0.4058,0.9067
2001,-0.0637,0.4050,0.7756
2002,-0.1885,0.4194,1.0298
2003,-0.3025,0.1848,0.8665
2004,-0.2656,0.0896,0.9788
2005,-0.2065,-0.0701,1.1460
2006,-0.1035,-0.5171,1.1389
2007,0.1099,-0.4509,1.1919
2008,0.1416,-0.5220,1.0432
2009,0.1682,-0.2620,0.9944
2010,0.1636,-0.1746,0.9143
2011,0.0508,0.4033,0.9622
2012,-0.0015,0.0632,0.6665
2013,-0.0356,0.0740,0.9524
2014,-0.0994,0.3137,0.8958
2015,-0.1357,0.5676,0.8704
2016,-0.2117,0.0977,1.0022
2017,-0.1992,-0.1626,1.1099
2018,-0.1509,-0.3706,1.0217
2019,-0.0527,-0.1301,1.1526
2020,0.1333,-0.2104,0.9954
2021,0.1729,-0.3479,1.1174
2022,0.3274,-0.3562,1.0542
2023,0.2080,-0.1079,0.8823
2024,0.1067,0.2244,0.7952
2025,-0.0623,0.3528,0.8860
2026,-0.2476,0.4624,0.9067
2027,-0.1877,0.3445,0.8386
2028,0.0078,0.4866,0.9651
2029,-0.0222,0.3013,0.9507
2030,-0.0210,-0.1721,1.0920
2031,-0.2019,-0.3823,1.2063
2032,-0.1541,-0.3755,1.0706
2033,0.0063,-0.2871,1.0969
2034,0.1794,-0.4114,0.9663
2035,0.2876,-0.3877,0.9436
2036,0.1562,-0.0603,1.0308
2037,-0.0593,-0.2551,0.8030
2038,-0.1157,0.3413,0.8882
2039,0.0029,0.6829,0.7239
2040,0.1025,0.4060,0.8420
2041,-0.1790,-0.1936,1.1399
2042,-0.3982,-0.3140,0.9817
2043,-0.3638,0.2734,1.0747
2044,-0.1921,0.4250,0.9895
2045,0.1968,-0.5400,0.8948
2046,0.1963,-0.8796,1.4067
2047,0.1238,-0.4590,1.0413
2048,0.1306,0.1389,0.8196
2049,0.1106,0.2310,0.9321
2050,-0.0232,-0.2278,0.8196
2051,-0.0957,-0.0059,0.9497
2052,-0.1340,0.5461,0.8840
2053,-0.0500,1.0022,0.8459
2054,0.1218,0.3167,0.8521
2055,-0.0107,-0.3572,1.1938
2056,-0.0427,-0.2693,1.1147
2057,-0.1562,0.0164,1.0298
2058,-0.1055,0.1592,1.0784
2059,-0.0396,-0.4619,0.9670
2060,0.0498,-0.6187,1.1008
2061,0.0737,-0.2366,0.9565
2062,0.0303,0.4563,0.8186
2063,0.0776,0.1843,0.8118
2064,0.0464,-0.0510,0.9407
2065,0.0059,-0.1194,0.9019
2066,-0.0317,0.3088,0.9670
2067,-0.1589,0.3196,0.9729
2068,-0.1584,0.1375,0.9973
2069,-0.0898,-0.2590,1.0737
2070,-0.0728,-0.5112,1.0940
2071,0.0354,-0.1785,1.1099
2072,-0.0410,-0.1069,0.9924
2073,0.0205,-0.1118,0.9954
2074,0.0085,-0.4988,0.9487
2075,0.0044,-0.0098,0.9202
2076,0.1104,0.3364,0.7542
2077,0.1467,0.4878,0.9536
2078,0.0828,0.2021,0.9399
2079,0.0466,0.0554,0.9417
2080,-0.1523,0.3491,1.0347
2081,-0.1724,0.2368,0.9329
2082,-0.1821,-0.0300,1.1321
2083,-0.0930,-0.5232,1.1138
2084,0.1174,-0.4568,1.1060
2085,0.1169,-0.1833,1.0444
2086,0.1821,0.0669,0.8999
2087,0.1057,-0.2625,0.8862
2088,0.0969,-0.0396,1.0481
2089,0.1199,0.2336,0.7405
2090,0.0566,0.4321,0.8169
2091,-0.0586,0.4680,0.9436
2092,-0.1792,0.1228,0.8472
2093,-0.3083,0.2874,1.1184
2094,-0.1387,0.0874,0.9927
2095,0.0417,-0.2373,1.0530
2096,0.0620,-0.2200,1.1978
2097,0.0376,-0.2600,0.9739
2098,-0.0361,0.0330,1.0500
2099,0.0737,-0.1541,0.9624
2100,0.2227,0.2310,0.9282
2101,0.3101,0.0505,0.8167
2102,0.1738,-0.0164,1.0083
2103,-0.1101,0.2341,0.9495
2104,-0.2078,0.4465,0.8342
2105,-0.1697,0.3896,0.9233
2106,-0.1790,-0.0486,1.0317
2107,-0.1072,-0.2444,1.0845
2108,-0.1179,-0.4033,1.1121
2109,-0.0625,-0.2607,1.0559
2110,0.0791,-0.1233,1.0403
2111,0.1792,-0.4624,0.9055
2112,0.1448,-0.4919,1.0669
2113,0.1174,-0.1113,0.9263
2114,-0.0388,0.2839,0.8606
2115,-0.0669,0.1150,0.8198
2116,-0.0083,0.1763,1.0022
2117,0.0020,0.2810,0.8772
2118,-0.0769,0.2056,0.9272
2119,-0.2593,0.2070,1.1060
2120,-0.4087,-0.0193,0.9478
2121,-0.3250,-0.1606,1.0452
2122,-0.0254,-0.4348,1.0308
2123,0.1526,-0.5457,1.1587
2124,0.2544,-0.7183,1.0256
2125,0.3628,-0.2283,1.0129
2126,0.2412,0.0212,0.8655
2127,0.1692,-0.0090,0.7600
2128,-0.0439,0.1123,0.9194
2129,-0.3665,0.5608,0.9534
2130,-0.4155,0.2073,0.7388
2131,-0.2246,0.5220,1.1294
2132,0.0059,0.4182,0.8909
2133,0.1851,-0.1934,1.0774
2134,0.0811,-0.5271,1.2974
2135,-0.0591,-0.4265,1.0151
2136,-0.0481,0.0745,1.1135
2137,0.0452,-0.1167,0.8645
2138,0.1938,-0.1941,0.9692
2139,0.1052,-0.1597,1.0120
2140,0.1106,0.3108,0.8059
2141,-0.0125,0.8274,0.8000
2142,-0.1057,0.5813,0.8430
2143,-0.1272,-0.0054,0.9475
2144,-0.2234,-0.0601,1.1292
2145,-0.2078,0.0100,1.0471
2146,-0.0674,0.1807,1.0962
2147,-0.0322,-0.2869,1.0513
2148,0.0352,-0.8679,1.0991
2149,0.1370,-0.3352,1.1724
2150,0.1909,-0.0298,0.7747
2151,0.2485,0.0959,0.9299
2152,0.0601,0.0427,0.8313
2153,-0.0647,0.1853,0.7795
2154,-0.1404,0.3137,0.9260
2155,-0.1326,0.3354,0.8892
2156,-0.1111,0.0957,0.9878
2157,-0.1143,-0.1040,1.1057
2158,-0.0620,-0.0420,1.0679
2159,-0.1248,-0.3950,1.0139
2160,-0.0535,-0.1621,1.2708
2161,0.0879,-0.1199,0.9172
2162,0.1692,-0.2207,0.9749
2163,0.1707,-0.3318,0.9810
2164,0.0681,-0.1445,0.8547
2165,-0.1062,0.3149,0.9380
2166,-0.0310,0.1069,0.7876
2167,-0.0122,0.2900,0.9155
2168,-0.0488,0.1611,0.9373
2169,-0.0513,0.1287,0.9575
2170,-0.1672,0.1292,1.1499
2171,-0.0557,-0.0994,1.0552
2172,-0.1216,-0.2617,1.0891
2173,-0.0725,-0.1580,1.0894
2174,-0.0278,-0.2231,0.9497
2175,-0.0444,0.0754,1.1597
2176,-0.0225,-0.2695,0.7756
2177,0.0398,-0.3069,0.9397
2178,0.1316,0.2261,0.9614
2179,0.1729,0.1633,0.6458
2180,0.1501,0.2561,1.0847
2181,0.0068,0.0894,0.9436
2182,-0.1831,0.1165,0.9146
2183,-0.2908,0.1672,1.0193
2184,-0.1858,0.0911,0.9741
2185,-0.2339,-0.0652,1.1616
2186,-0.0801,-0.5681,1.0747
2187,0.0625,-0.3049,1.0569
2188,0.1541,0.3147,0.9983
2189,0.2175,-0.0918,0.7600
2190,0.0215,-0.1057,1.1018
2191,-0.0720,-0.1252,0.8958
2192,0.0010,0.3020,0.8450
2193,0.0564,0.3262,0.8892
2194,0.0947,0.1416,0.9573
2195,0.0757,-0.2085,1.0647
2196,-0.0125,0.0076,1.1477
2197,-0.1609,0.1233,0.9460
2198,-0.1394,0.0862,1.0525
2199,-0.1785,-0.3179,1.0325
2200,-0.0796,-0.4294,1.0288
2201,0.0532,-0.0437,1.0071
2202,0.1072,0.3867,0.8950
2203,0.1685,-0.2319,0.7517
2204,0.1624,-0.1809,1.0757
2205,0.1350,0.0679,0.8335
2206,0.0474,0.5012,0.9133
2207,0.0022,0.3362,0.9749
2208,-0.0486,-0.0874,0.9309
2209,-0.0930,0.0444,1.1138
2210,-0.1106,0.1877,0.9397
2211,-0.1345,0.1667,1.0413
2212,-0.0627,-0.1548,1.1243
2213,0.0056,-0.3943,0.9585
2214,0.0305,-0.0828,1.0132
2215,0.1597,-0.1409,0.9194
2216,0.1272,-0.1370,1.0210
2217,0.1462,-0.5598,0.8965
2218,0.1782,0.2712,1.0520
2219,0.0068,0.5608,0.7385
2220,-0.0999,0.8098,0.9504
2221,-0.3228,-0.2327,0.9097
2222,-0.3293,0.2317,1.2532
2223,-0.1482,0.1394,0.7825
2224,0.0642,0.2698,1.0813
2225,0.2114,-0.2471,1.1409
2226,0.0303,-0.7527,1.0444
2227,0.0305,-0.3735,1.1145
2228,0.1130,-0.0400,0.8782
2229,0.1758,0.0999,0.8784
2230,0.2432,-0.3481,0.8694
2231,0.1116,-0.0349,0.9937
2232,-0.2166,0.3303,0.8645
2233,-0.1873,0.4062,0.8159
2234,-0.1987,0.3374,0.9399
2235,-0.1072,-0.0481,0.9702
2236,-0.0225,-0.1094,1.0754
2237,-0.1936,0.0605,1.1255
2238,-0.0579,-0.0791,0.9690
2239,-0.0063,-0.4199,1.0911
2240,0.1099,-0.3081,1.0491
2241,0.2661,-0.2544,0.8977
2242,0.2095,-0.0400,1.0803
2243,0.0984,0.1711,0.8772
2244,-0.0156,0.0830,0.8081
2245,-0.0498,0.2190,0.9690
2246,-0.0798,0.1125,0.8850
2247,-0.1042,0.3303,1.1106
2248,-0.0886,-0.1411,0.9133
2249,-0.1089,0.0952,1.1382
2250,-0.1211,-0.2373,0.9124
2251,-0.0989,-0.2776,1.1282
2252,-0.0312,-0.1726,1.0393
2253,0.0742,-0.1375,0.9390
2254,0.2568,-0.0642,0.9934
2255,0.2637,-0.1589,0.8469
2256,0.2314,0.0911,0.9260
2257,-0.0291,0.2197,0.9331
2258,-0.0901,0.4695,0.8655
2259,-0.1887,0.3772,0.9602
2260,-0.2642,0.0947,0.9575
2261,-0.1450,-0.1553,1.0142
2262,-0.2480,-0.0869,1.1157
2263,-0.1787,-0.1487,1.1069
2264,0.0203,-0.2993,1.0374
2265,0.1062,-0.3140,1.0725
2266,0.3052,-0.4702,0.9133
2267,0.1892,-0.3621,0.9761
2268,0.0737,0.1682,0.9924
2269,0.0188,0.2217,0.7251
2270,-0.0994,0.1667,0.8879
2271,-0.0264,0.1873,0.9358
2272,-0.0491,0.1360,0.9028
2273,-0.1711,0.4246,1.1047
2274,-0.1929,0.0713,0.9214
2275,-0.2749,-0.0808,1.1118
2276,-0.2026,-0.4536,1.0735
2277,-0.0393,-0.4026,1.1138
2278,0.0679,-0.3257,1.1292
2279,0.2444,-0.6560,0.8843
2280,0.2742,0.0007,1.0913
2281,0.2520,0.0955,0.7014
2282,0.1494,0.3281,0.8608
2283,-0.0918,0.5422,0.9221
2284,-0.1433,0.4700,0.7317
2285,-0.1636,0.4224,1.0015
2286,-0.1824,0.3000,1.0422
2287,-0.0906,-0.0779,1.0142
2288,-0.0940,-0.3674,1.2603
2289,-0.0796,-0.4822,1.1519
2290,0.0364,-0.5000,0.9788
2291,0.0513,-0.2197,1.1614
2292,0.1013,-0.1477,0.8560
2293,0.2061,-0.1428,0.8782
2294,0.1238,0.1128,0.9641
2295,0.0117,0.3303,0.6936
2296,-0.0088,0.4736,0.8010
2297,-0.1208,0.2893,0.9221
2298,-0.2026,0.1360,0.9253
2299,-0.2761,0.0608,1.0862
2300,-0.1697,-0.2144,1.0520
2301,-0.1174,-0.3970,1.1672
2302,-0.0845,-0.4497,1.1350
2303,-0.0190,-0.3958,1.0835
2304,0.0173,-0.1421,1.0464
2305,0.2095,0.0925,0.8977
2306,0.2278,0.0720,0.8469
2307,0.2261,0.1018,0.9241
2308,0.0679,-0.1301,0.8108
2309,-0.0820,0.5542,1.0298
2310,-0.0566,0.4680,0.7434
2311,-0.1262,0.1890,1.0522
2312,-0.1704,-0.0828,1.0747
2313,-0.1555,-0.2920,0.9731
2314,-0.2224,-0.1082,1.1770
2315,-0.0659,-0.2224,1.0181
2316,0.0840,-0.2214,1.0142
2317,0.1538,-0.4380,1.0315
2318,0.2463,-0.2307,0.9507
2319,0.1035,0.1663,0.8567
2320,0.0725,0.3286,0.8364
2321,-0.0315,0.3140,0.9038
2322,-0.1763,0.1428,0.8557
2323,-0.0974,0.1848,0.9807
2324,-0.1746,0.1692,1.0520
2325,-0.1626,0.0854,1.0444
2326,-0.0798,-0.4185,1.0588
2327,-0.1001,-0.4441,1.1831
2328,0.0093,-0.3591,0.9800
2329,0.0405,-0.2920,1.0493
2330,0.0166,0.1602,1.1353
2331,-0.0164,-0.4373,0.7075
2332,-0.0439,0.0117,1.0972
2333,0.0366,0.2400,0.7241
2334,0.2273,0.5217,0.8157
2335,0.1917,0.4731,1.0659
2336,0.1443,0.0967,0.8306
2337,-0.0420,0.0928,1.0181
2338,-0.2263,0.0916,1.1018
2339,-0.1709,-0.0640,0.9309
2340,-0.2058,-0.2170,1.2112
2341,-0.0439,-0.4275,1.0825
2342,0.0405,-0.2749,0.9280
2343,0.1851,0.0437,0.9846
2344,0.1702,0.0051,0.9094
2345,0.1101,-0.3738,0.8237
2346,0.1248,0.3628,1.1157
2347,0.0366,0.4050,0.6565
2348,-0.0049,0.5977,0.9556
2349,-0.1501,0.2004,0.9290
2350,-0.2739,0.1953,1.0317
2351,-0.1609,-0.0029,1.0149
2352,0.0356,-0.0598,1.1252
2353,0.1621,-0.0183,1.0610
2354,0.1140,-0.5132,1.0969
2355,0.0222,-0.4841,1.1704
2356,-0.0820,-0.2605,0.8726
2357,0.0156,0.3010,0.8772
2358,0.1313,0.2886,0.8208
2359,0.2502,0.0181,0.8481
2360,-0.0039,-0.0125,1.0122
2361,-0.0139,0.5576,0.9194
2362,-0.0583,0.2610,0.7766
2363,-0.1150,0.1030,1.2161
2364,-0.0422,-0.4783,1.0308
2365,-0.1309,-0.4426,1.1499
2366,-0.2583,-0.1360,1.1216
2367,-0.0981,-0.1072,0.8665
2368,-0.0288,-0.1887,0.9946
2369,0.1770,-0.3604,0.9741
2370,0.2134,-0.1880,0.8801
2371,0.1062,0.2175,1.0168
2372,0.0916,0.1541,0.8081
2373,-0.0894,0.0330,0.8577
2374,-0.0168,0.3416,1.0442
2375,-0.0232,0.0808,0.8508
2376,-0.2625,0.2776,1.1526
2377,-0.3318,-0.0759,0.9592
2378,-0.3337,-0.2485,0.9944
2379,-0.1692,-0.3726,1.1272
2380,0.1248,-0.4568,1.0474
2381,0.3140,-0.2998,1.0979
2382,0.3262,-0.2251,0.9446
2383,0.2761,-0.0508,0.8140
2384,0.0586,0.2432,0.9507
2385,-0.1382,-0.0129,0.7524
2386,-0.2039,0.4143,0.9817
2387,-0.0781,0.6750,0.9006
2388,-0.0422,0.2988,0.8950
2389,-0.1560,-0.1855,1.1252
2390,-0.1826,-0.3682,1.1089
2391,-0.2263,0.0205,1.0422
2392,0.0156,0.1182,1.0364
2393,0.1716,-0.3545,1.0520
2394,0.2012,-0.6785,1.0679
2395,0.1802,-0.3440,0.9680
2396,0.0386,0.3354,0.8647
2397,0.0212,0.5872,0.8245
2398,-0.0469,-0.0601,0.8235
2399,-0.0103,0.1082,1.0540
2400,-0.0684,0.0217,0.8157
2401,-0.1775,0.3635,1.0979
2402,-0.1909,0.0952,1.0308
2403,-0.0889,-0.1003,1.0276
2404,-0.0212,-0.2625,1.1353
2405,0.0381,-0.3376,1.0210
2406,-0.0259,-0.1033,1.0588
2407,0.0027,-0.0325,0.9341
2408,0.1079,-0.1245,0.8442
2409,0.1750,0.0151,0.9399
2410,0.2163,-0.0447,0.8811
2411,0.0496,0.0698,0.9409
2412,-0.1311,0.1360,0.9409
2413,-0.2441,0.4097,0.8892
2414,-0.2031,0.3481,0.9175
2415,-0.0483,0.2166,1.0452
2416,-0.0032,-0.0378,1.1077
2417,-0.0410,-0.1650,1.1272
2418,-0.1125,-0.4880,1.0425
2419,-0.1047,-0.3569,1.0696
2420,0.1599,-0.3271,0.9504
2421,0.3035,-0.3572,0.9863
2422,0.2109,-0.2839,1.0083
2423,0.0762,0.1064,0.7729
2424,-0.0964,0.4963,0.8245
2425,-0.1533,0.5383,0.8713
2426,-0.1418,-0.1580,0.8433
2427,-0.1345,0.0667,1.2261
2428,-0.0625,0.3103,1.0208
2429,-0.0332,0.1609,0.9495
2430,-0.0913,-0.3955,1.1477
2431,-0.1318,-0.6401,1.0999
2432,-0.1365,-0.1711,1.0676
2433,-0.0747,0.1228,0.9331
2434,0.0591,-0.0308,0.7844
2435,0.0681,-0.3591,0.8862
2436,0.2090,-0.1177,1.0042
2437,0.1399,0.1338,0.8521
2438,0.1458,0.5073,0.9341
2439,0.0837,0.1260,0.8616
2440,-0.1348,0.0928,1.0786
2441,-0.2715,-0.0459,1.0579
2442,-0.3884,-0.0913,1.0266
2443,-0.4380,-0.0779,1.0952
2444,-0.2778,-0.1448,0.9536
2445,-0.0291,-0.2898,0.9829
2446,0.2336,0.1428,1.0737
2447,0.3774,-0.2280,0.7502
2448,0.2258,-0.0435,1.0874
2449,0.1472,0.2502,0.9358
2450,0.0845,0.4209,0.7905
2451,0.0515,0.3469,0.9963
2452,0.0903,0.1360,0.9653
2453,-0.1108,0.0925,1.0354
2454,-0.1697,0.1702,1.1389
2455,-0.2834,-0.2117,0.9058
2456,-0.3076,-0.3662,1.1038
2457,-0.0483,-0.1951,1.1187
2458,-0.0195,0.0349,1.0305
2459,0.1104,-0.0881,0.9136
2460,0.1731,-0.4626,0.8726
2461,0.0461,0.0740,0.9729
2462,0.2595,0.2769,0.7729
2463,0.2749,0.4016,0.9417
2464,0.2603,0.2600,0.9231
2465,0.2007,-0.0684,0.9202
2466,-0.0715,0.0120,1.1506
2467,-0.2029,0.1387,0.9905
2468,-0.4031,-0.1304,1.0129
2469,-0.3411,-0.1365,1.1506
2470,-0.1580,-0.2197,0.9780
2471,0.0815,-0.0837,1.0259
2472,0.2561,-0.0225,0.9507
2473,0.2402,-0.0962,0.8550
2474,0.1353,-0.1313,0.9709
2475,0.1313,0.2063,0.8894
2476,-0.0125,0.2139,0.8052
2477,-0.0625,0.3215,0.9895
2478,-0.1909,0.1221,0.9075
2479,-0.2935,0.1189,1.0649
2480,-0.0669,-0.0500,0.9895
2481,-0.0195,-0.1985,1.0249
2482,0.1123,-0.2529,1.1450
2483,0.1172,-0.2410,1.0757
2484,-0.0645,-0.1670,1.0063
2485,0.0342,-0.1091,0.9390
2486,0.0112,-0.0698,0.8809
2487,0.0796,-0.1440,0.8853
2488,0.2251,0.2219,0.9487
2489,0.1262,0.5503,0.8936
2490,0.0764,0.6477,0.8977
2491,-0.1030,0.1575,0.9348
2492,-0.2195,-0.0159,1.0959
2493,-0.1970,-0.0095,1.0676
2494,-0.2710,0.0110,1.1128
2495,-0.0942,-0.0649,1.0786
2496,0.0132,-0.5955,0.9819
2497,0.1541,-0.4006,1.0923
2498,0.3025,-0.2300,0.8645
2499,0.2554,-0.0134,0.9182
2500,0.1606,0.1614,0.8586
2501,0.0715,0.1526,0.7532
2502,-0.0483,0.2249,0.9475
2503,-0.0930,0.2803,0.9731
2504,-0.1501,0.1040,0.9475
2505,-0.2612,-0.0554,1.0962
2506,-0.1782,0.0984,1.0728
2507,-0.2092,-0.2180,0.9819
2508,-0.1724,-0.4500,1.0796
2509,-0.1421,-0.2976,1.0737
2510,-0.0564,-0.2205,0.9888
2511,0.2468,0.0610,0.9351
2512,0.3323,-0.0388,0.8433
2513,0.3484,0.0923,0.9087
2514,0.2190,0.0840,0.9272
2515,-0.1067,0.1128,0.9028
2516,-0.1768,0.0410,0.9146
2517,-0.1416,0.5400,1.0454
2518,-0.1743,0.3008,0.9604
2519,-0.1780,-0.2500,1.1096
2520,-0.2449,-0.5820,1.1116
2521,-0.1982,-0.1836,1.1116
2522,0.0579,-0.0835,0.9690
2523,0.2688,-0.1890,0.9624
2524,0.4202,-0.4978,0.9624
2525,0.1790,-0.8279,1.0220
2526,-0.1621,-1.0659,0.8596
2527,-0.3835,-1.3462,0.8586
2528,-0.3188,-1.5603,0.9917
2529,-0.0295,-1.9983,0.9719
2530,0.2004,-1.9980,1.2202
2531,0.2476,-1.9983,1.0676
2532,0.1868,-1.9983,0.9495
2533,0.0005,-1.6030,0.9612
2534,-0.2556,-0.9653,0.9075
2535,-0.2976,-1.0269,0.8274
2536,-0.3521,-0.4236,0.9819
2537,-0.2051,0.0337,0.7551
2538,0.0518,0.2805,0.9241
2539,0.2996,0.4233,1.0483
2540,0.4231,0.4478,0.9243
2541,0.2446,0.5422,1.1516
2542,-0.1523,0.5444,1.1919
2543,-0.5828,0.3997,1.0198
2544,-0.6118,0.0925,1.1196
2545,-0.2954,-0.1919,1.0903
2546,0.1001,-0.6189,0.9360
2547,0.5032,-0.5720,1.1040
2548,0.5513,-0.9487,0.8674
2549,0.2336,-1.1628,0.9556
2550,-0.1055,-1.4341,0.9866
2551,-0.3574,-1.4302,0.9329
2552,-0.4985,-1.1550,1.2524
2553,-0.1257,-1.4331,0.7327
2554,-0.1174,-0.9097,0.9436
2555,0.1592,-0.9001,0.7671
2556,0.2444,-0.6453,0.9194
2557,0.2432,-0.8875,0.9038
2558,0.0557,-1.0974,1.0161
2559,-0.3005,-1.2212,1.1541
2560,-0.4343,-1.1636,1.0618
2561,-0.4946,-1.0867,1.0522
2562,-0.2979,-0.9893,1.0491
2563,0.0554,-0.8589,0.9397
2564,0.3979,-0.7402,0.9563
2565,0.5063,-0.7202,0.9290
2566,0.3645,-0.7473,0.9346
2567,0.0771,-0.7925,0.9534
2568,-0.1755,-0.6296,1.0103
2569,-0.2686,-0.6929,0.9446
2570,-0.2173,-0.7812,1.0378
2571,-0.1252,-0.8032,1.0559
2572,0.1345,-0.6865,0.9719
2573,0.2241,-0.6011,0.9973
2574,0.0874,-0.3423,1.0042
2575,-0.0125,0.0178,0.9487
2576,-0.1909,0.5820,0.9692
2577,-0.2905,0.9761,0.9038
2578,-0.3950,1.0005,0.8901
2579,-0.2673,1.2083,0.9924
2580,-0.0549,1.0767,0.9106
2581,0.1821,1.0051,1.0618
2582,0.2529,0.7102,1.0520
2583,0.1958,0.3691,1.1282
2584,0.0879,-0.0940,1.0415
2585,-0.0715,-0.2700,0.9954
2586,-0.1072,-0.4548,0.9429
2587,-0.1436,-0.7729,0.9749
2588,-0.1042,-1.0210,0.9622
2589,-0.0667,-1.3042,0.8977
2590,0.0605,-1.2446,0.9475
2591,0.2761,-1.2009,0.9028
2592,0.3689,-0.9978,0.9546
2593,0.3547,-0.7791,0.9058
2594,0.1667,-0.1653,0.9604
2595,-0.1731,0.3000,0.9543
2596,-0.3918,0.4673,0.9702
2597,-0.4331,0.3699,0.9917
2598,-0.2737,0.4312,1.0874
2599,0.0999,0.5044,1.0200
2600,0.2192,0.5491,1.0334
2601,0.2151,0.3394,1.0376
2602,0.0229,0.1614,1.0178
2603,-0.2205,0.1179,1.0132
2604,-0.3579,0.0576,0.9438
2605,-0.3101,0.0752,0.9124
2606,-0.0461,-0.0425,0.8765
2607,0.2036,-0.0679,0.9172
2608,0.3831,-0.2341,0.9048
2609,0.3459,-0.2952,0.9595
2610,0.1826,-0.4265,0.9614
2611,-0.0957,-0.3835,1.0469
2612,-0.2722,-0.3516,1.0188
2613,-0.3323,-0.1050,1.0198
2614,-0.1726,0.0862,0.9651
2615,-0.0227,0.2271,0.9712
2616,0.1577,0.2283,0.9534
2617,0.2061,0.1614,0.9612
2618,0.1287,0.1838,0.9993
2619,-0.0159,0.1714,0.9849
2620,-0.1812,0.1169,1.0425
2621,-0.2205,-0.0962,1.0217
2622,-0.1562,-0.1448,1.0532
2623,0.0190,-0.1936,0.9905
2624,0.1672,-0.1628,0.9966
2625,0.2280,-0.1941,0.9563
2626,0.1643,-0.1648,0.9360
2627,0.0186,-0.0137,0.9280
2628,-0.1772,0.1223,0.9038
2629,-0.2488,0.1658,0.9309
2630,-0.1748,0.0342,0.9351
2631,-0.0811,0.0212,1.0327
2632,0.1021,0.0603,1.0127
2633,0.1604,-0.0649,1.0112
2634,0.1370,-0.0381,1.0737
2635,0.0430,-0.0845,1.0042
2636,-0.0837,-0.0168,1.0317
2637,-0.1411,0.0334,0.9731
2638,-0.1543,0.0166,0.9485
2639,-0.0803,-0.0183,0.9524
2640,0.0081,-0.0413,0.9253
2641,0.1235,0.0435,0.9397
2642,0.1780,0.0056,0.9058
2643,0.1167,-0.0139,0.9622
2644,0.0078,-0.1025,0.9741
2645,-0.1228,-0.1021,1.0178
2646,-0.1831,-0.1213,1.0103
2647,-0.1719,-0.1123,1.0168
2648,-0.1123,-0.0178,1.0334
2649,0.0002,0.0767,0.9937
2650,0.1133,0.1133,0.9819
2651,0.1768,0.0850,0.9761
2652,0.1438,0.0940,0.9829
2653,0.0991,0.0762,0.9573
2654,-0.0378,-0.0229,0.9641
2655,-0.1492,-0.1082,0.9956
2656,-0.1509,-0.1855,0.9751
2657,-0.1406,-0.0994,1.0181
2658,-0.0410,-0.0374,0.9788
2659,0.0354,-0.0881,0.9475
2660,0.0864,-0.0334,0.9966
2661,0.0491,0.0198,0.9543
2662,0.0308,0.0562,0.9565
2663,-0.0073,-0.0049,0.9790
2664,-0.0454,-0.0413,1.0073
2665,-0.0056,-0.0457,1.0012
2666,-0.0305,0.0557,1.0054
2667,-0.0400,0.1160,0.9956
2668,0.0002,-0.0212,0.9729
2669,-0.0559,-0.0591,1.0288
2670,-0.0454,-0.0422,0.9937
2671,-0.0452,-0.0781,0.9712
2672,-0.0339,0.0042,0.9917
2673,0.0098,-0.0508,0.9426
2674,0.0168,-0.0735,0.9751
2675,0.0154,0.0164,0.9692
2676,0.0610,0.0952,0.9165
2677,0.0330,0.0083,0.9661
2678,-0.0098,-0.0200,0.9895
2679,-0.0142,-0.0801,0.9680
2680,-0.0288,-0.0190,1.0022
2681,-0.0129,-0.0173,0.9780
2682,-0.0520,-0.0369,1.0122
2683,-0.0403,-0.0664,1.0081
2684,-0.0369,-0.0183,0.9963
2685,-0.0415,-0.0432,0.9690
2686,-0.0417,-0.0547,0.9897
2687,0.0015,0.0286,0.9656
2688,0.0540,0.0808,0.9631
2689,0.0562,0.1482,0.9858
2690,0.0227,-0.0393,0.9624
2691,-0.0247,-0.0896,1.0347
2692,-0.0315,-0.0784,0.9846
2693,-0.0417,-0.0457,0.9812
2694,-0.0493,-0.1116,0.9849
2695,-0.0322,-0.0732,0.9800
2696,-0.0208,0.0046,0.9622
2697,-0.0012,0.0747,0.9570
2698,0.0205,0.0244,0.9436
2699,0.0349,-0.0237,0.9761
2700,0.0168,-0.0015,0.9739
2701,-0.0071,0.0225,0.9634
2702,-0.0547,-0.0293,0.9849
2703,-0.0754,-0.0852,1.0171
2704,-0.0361,-0.1226,0.9875
2705,-0.0183,-0.0325,1.0198
2706,0.0164,0.0442,0.9653
2707,0.0173,-0.0237,0.9663
2708,0.0088,0.0071,0.9937
2709,-0.0205,0.0183,0.9661
2710,-0.0117,0.1062,0.9768
2711,-0.0049,-0.0027,0.9465
2712,-0.0061,-0.0105,1.0120
2713,-0.0247,-0.1440,0.9778
2714,-0.0166,-0.0229,1.0012
2715,-0.0154,-0.0632,0.9453
2716,-0.0127,-0.0024,0.9976
2717,-0.0051,-0.0503,0.9507
2718,-0.0125,0.0388,0.9749
2719,0.0393,0.0476,0.9426
2720,0.0317,-0.0181,0.9702
2721,-0.0144,-0.0334,1.0081
2722,-0.0332,-0.0696,0.9575
2723,-0.0649,0.0051,0.9946
2724,-0.0725,0.0400,0.9709
2725,-0.0461,0.0085,0.9790
2726,-0.0261,-0.0696,1.0061
2727,0.0398,-0.0098,0.9858
2728,0.0481,-0.0317,0.9634
2729,0.0327,-0.0049,1.0032
2730,-0.0115,-0.0642,0.9653
2731,-0.0312,-0.0085,0.9954
2732,-0.0278,0.0308,0.9419
2733,-0.0266,0.0295,0.9534
2734,-0.0032,-0.0071,0.9683
2735,-0.0308,0.0105,0.9729
2736,-0.0425,0.0276,0.9651
2737,-0.0530,-0.0303,0.9700
2738,-0.0442,-0.1089,1.0110
2739,0.0017,-0.1189,0.9976
2740,0.0559,-0.0305,0.9683
2741,0.0759,0.0366,0.9849
2742,0.0549,0.0352,0.9612
2743,0.0012,-0.0657,0.9631
2744,-0.0620,0.0337,0.9895
2745,-0.0950,0.0037,0.9585
2746,-0.0872,0.0156,0.9944
2747,-0.0471,-0.0288,0.9673
2748,-0.0039,-0.0083,1.0188
2749,0.0146,-0.0417,0.9810
2750,0.0603,-0.0693,0.9702
2751,0.0459,-0.0408,1.0005
2752,0.0325,-0.0295,0.9751
2753,-0.0293,0.0398,0.9709
2754,-0.0403,0.0872,0.9399
2755,-0.0752,0.0300,0.9595
2756,-0.0803,-0.0002,0.9741
2757,-0.0010,-0.0315,0.9614
2758,0.0562,-0.0452,0.9729
2759,0.0830,-0.0457,0.9966
2760,0.0649,-0.0603,0.9619
2761,-0.0598,-0.0181,0.9878
2762,-0.0813,0.0010,0.9585
2763,-0.1145,-0.0327,0.9670
2764,-0.1038,0.0435,0.9995
2765,-0.0083,0.0500,0.9446
2766,0.0613,0.0251,0.9729
2767,0.0945,0.0068,0.9976
2768,0.0688,0.0032,0.9683
2769,0.0198,-0.0710,0.9907
2770,-0.0786,-0.0168,0.9995
2771,-0.1064,-0.0779,0.9585
2772,-0.1250,-0.0312,1.0032
2773,-0.0520,-0.0129,0.9546
2774,0.0117,0.0039,0.9634
2775,0.1023,0.0361,0.9624
2776,0.1021,0.0322,0.9690
2777,0.0549,0.0044,0.9692
2778,-0.0098,-0.0156,0.9680
2779,-0.1187,-0.0278,0.9907
2780,-0.1077,-0.0752,0.9800
2781,-0.0547,-0.0833,1.0002
2782,-0.0046,0.0042,1.0139
2783,0.0789,0.0195,0.9700
2784,0.0627,-0.0310,0.9592
2785,-0.0181,0.0134,1.0073
2786,-0.0320,-0.0332,0.9312
2787,-0.0554,-0.0125,0.9915
2788,-0.0422,0.0796,0.9849
2789,-0.0027,0.0034,0.9604
2790,0.0208,-0.0396,0.9934
2791,0.0112,-0.0500,0.9719
2792,-0.0173,0.0129,0.9905
2793,-0.0481,-0.0234,0.9575
2794,-0.0569,0.0237,0.9839
2795,-0.0610,0.0083,0.9663
2796,-0.0059,0.0334,0.9817
2797,0.0374,0.0081,0.9465
2798,0.0823,-0.0339,0.9729
2799,0.0222,-0.0107,0.9934
2800,0.0056,-0.0371,0.9446
2801,-0.0679,-0.0366,0.9895
2802,-0.0911,-0.0122,0.9841
2803,-0.0793,0.0332,0.9622
2804,-0.0242,0.0493,0.9731
2805,0.0300,0.0237,0.9690
2806,0.0261,0.0071,0.9966
2807,0.0300,-0.0405,0.9885
2808,-0.0042,-0.0212,0.9976
2809,-0.0129,-0.0598,0.9849
2810,-0.0542,-0.0530,0.9944
2811,0.0037,-0.0244,0.9680
2812,0.0085,-0.0127,0.9700
2813,0.0176,0.0745,0.9661
2814,-0.0073,0.0337,0.9446
2815,-0.0640,0.0210,0.9873
2816,-0.0691,-0.0417,0.9702
2817,-0.0486,-0.0139,0.9866
2818,-0.0156,-0.0015,0.9995
2819,0.0400,-0.0090,0.9905
2820,0.0979,-0.0852,0.9565
2821,0.0479,-0.0249,1.0210
2822,0.0295,0.0200,0.9619
2823,-0.0266,-0.0698,0.9612
2824,-0.0676,-0.0312,0.9976
2825,-0.1021,-0.0386,0.9585
2826,-0.0684,0.0366,0.9741
2827,-0.0303,0.0869,0.9478
2828,-0.0171,0.0950,0.9846
2829,0.0266,-0.0122,0.9709
2830,0.0110,-0.0103,0.9919
2831,0.0117,-0.0378,0.9983
2832,-0.0007,-0.0728,0.9963
2833,0.0149,-0.0901,0.9856
2834,-0.0208,-0.0234,0.9934
2835,-0.0203,0.0674,0.9524
2836,-0.0105,0.0383,0.9348
2837,-0.0234,0.0237,0.9583
2838,-0.0286,-0.0022,0.9563
2839,-0.0476,0.0110,0.9624
2840,-0.0173,0.0037,0.9592
2841,-0.0693,0.0142,0.9973
2842,-0.0286,-0.0291,0.9937
2843,0.0186,-0.0391,0.9993
2844,0.0735,0.0085,1.0054
2845,0.1008,-0.0237,0.9751
2846,0.0310,-0.0396,0.9839
2847,-0.0278,-0.0161,0.9751
2848,-0.1113,0.0088,0.9563
2849,-0.1267,0.0764,0.9807
2850,-0.1138,0.0464,0.9595
2851,0.0215,-0.0273,0.9758
2852,0.0874,-0.0352,0.9827
2853,0.1060,-0.0515,0.9797
2854,0.0608,-0.0669,0.9624
2855,-0.0149,-0.0283,0.9858
2856,-0.1025,0.0105,0.9817
2857,-0.1426,-0.0015,0.9788
2858,-0.0542,0.0049,0.9634
2859,0.0278,0.0620,0.9778
2860,0.0942,0.0896,0.9731
2861,0.0837,-0.0149,0.9534
2862,0.0393,-0.0120,1.0022
2863,-0.0251,-0.0366,0.9661
2864,-0.0938,-0.0139,0.9927
2865,-0.1384,-0.0718,0.9758
2866,-0.0959,-0.1128,0.9758
2867,-0.0308,-0.0698,0.9692
2868,0.0295,0.0381,0.9631
2869,0.0630,0.0581,0.9487
2870,0.0898,0.0193,0.9624
2871,0.0388,0.0576,0.9731
2872,-0.0012,0.0930,0.9661
2873,-0.0623,0.0535,0.9836
2874,-0.0837,-0.0405,0.9917
2875,-0.0845,-0.0867,1.0073
2876,-0.0720,-0.0417,0.9915
2877,-0.0068,-0.0273,0.9741
2878,0.0444,-0.0583,0.9797
2879,0.0891,-0.0378,0.9756
2880,0.0798,0.0315,0.9478
2881,0.0657,0.0884,0.9399
2882,-0.0496,0.0327,0.9341
2883,-0.1323,0.0002,0.9827
2884,-0.1443,-0.0034,0.9622
2885,-0.0813,0.0024,0.9846
2886,0.0361,0.0334,1.0032
2887,0.1111,-0.0696,0.9858
2888,0.1194,-0.0737,1.0276
2889,0.0703,-0.0723,0.9856
2890,-0.0310,-0.0725,0.9722
2891,-0.1431,-0.0193,0.9739
2892,-0.1584,0.0667,0.9446
2893,-0.1062,0.1279,0.9377
2894,0.0144,0.1648,0.9438
2895,0.1052,0.0398,0.9524
2896,0.1165,-0.0923,0.9866
2897,0.0540,-0.0935,1.0054
2898,0.0029,-0.0291,0.9719
2899,-0.0667,-0.0940,0.9836
2900,-0.1194,-0.0217,1.0159
2901,-0.1067,-0.0679,0.9573
2902,-0.0330,-0.0308,0.9771
2903,0.0488,-0.0022,0.9348
2904,0.0801,0.0767,0.9602
2905,0.0750,0.0510,0.9409
2906,0.0210,0.0684,0.9604
2907,-0.0059,0.0571,0.9731
2908,-0.0955,-0.0291,0.9858
2909,-0.1003,-0.0503,1.0051
2910,-0.0928,-0.1401,1.0002
2911,-0.0266,-0.0430,1.0178
2912,0.0310,-0.0630,0.9895
2913,0.0547,0.0374,0.9897
2914,0.1033,-0.0293,0.9250
2915,0.0408,0.1030,0.9934
2916,-0.0107,0.0723,0.9143
2917,-0.0354,0.0588,0.9546
2918,-0.1079,0.0376,0.9741
2919,-0.0994,0.0010,0.9702
2920,-0.0496,-0.0610,0.9924
2921,-0.0063,-0.0884,1.0044
2922,0.0603,-0.0754,0.9917
2923,0.0967,-0.0889,0.9741
2924,0.0432,-0.0078,0.9878
2925,0.0190,-0.0366,0.9321
2926,-0.0566,0.0461,0.9729
2927,-0.0637,0.1614,0.9456
2928,-0.0691,0.0771,0.9299
2929,-0.0669,0.0154,0.9976
2930,-0.0173,-0.0498,0.9563
2931,-0.0225,-0.0549,1.0110
2932,0.0208,-0.0627,0.9790
2933,0.0020,-0.0969,1.0054
2934,0.0549,0.0078,1.0168
2935,0.0327,-0.0090,0.9475
2936,-0.0056,0.0522,0.9956
2937,-0.0327,-0.0142,0.9351
2938,-0.0527,-0.0142,0.9663
2939,-0.0376,0.0256,0.9536
2940,-0.0400,0.0828,0.9644
2941,0.0005,-0.0525,0.9517
2942,0.0190,-0.0667,1.0002
2943,0.0356,0.0093,1.0054
2944,0.0134,-0.0544,0.9790
2945,0.0151,-0.0552,0.9900
2946,-0.0449,-0.1243,0.9858
2947,-0.0811,-0.0090,1.0005
2948,-0.0208,0.0398,0.9390
2949,-0.0007,0.1284,0.9858
2950,0.0581,0.0354,0.9624
2951,0.0205,0.0146,0.9819
2952,0.0020,0.0193,0.9673
2953,-0.0264,0.0093,0.9719
2954,-0.0886,-0.0496,0.9915
2955,-0.0449,-0.0684,0.9993
2956,-0.0269,-0.1064,0.9885
2957,0.0203,-0.0623,1.0015
2958,0.0405,-0.0291,0.9446
2959,0.0168,0.0127,0.9622
2960,-0.0068,0.0920,0.9524
2961,-0.0154,0.0325,0.9348
2962,-0.0610,0.1082,0.9888
2963,-0.0142,0.0774,0.9487
2964,-0.0278,-0.0190,1.0022
2965,0.0225,-0.0767,0.9924
2966,0.0320,-0.1184,0.9995
2967,-0.0073,-0.0793,1.0220
2968,-0.0183,-0.0779,0.9797
2969,-0.0603,-0.0354,0.9749
2970,-0.0679,0.0212,0.9624
2971,-0.0510,0.0654,0.9475
2972,-0.0015,0.0520,0.9417
2973,0.0532,0.1147,0.9644
2974,0.0413,0.0510,0.9739
2975,0.0256,-0.0408,0.9985
2976,-0.0129,-0.1304,1.0071
2977,-0.0703,-0.0833,1.0178
2978,-0.0393,-0.0867,0.9878
2979,-0.0706,-0.0803,0.9897
2980,-0.0005,0.0188,0.9905
2981,0.0356,0.0430,0.9370
2982,0.0364,0.1226,0.9839
2983,0.0769,0.0850,0.9341
2984,0.0215,-0.0625,0.9612
2985,-0.0144,-0.0249,1.0151
2986,-0.0608,-0.0627,0.9536
2987,-0.1030,-0.0283,1.0151
2988,-0.0786,-0.0933,0.9592
2989,-0.0850,-0.0549,1.0142
2990,-0.0085,0.0168,0.9944
2991,0.1204,0.0239,0.9436
2992,0.0989,0.0225,0.9956
2993,0.0547,0.0225,0.9729
2994,-0.0225,0.0105,0.9575
2995,-0.0718,0.0503,0.9651
2996,-0.1067,0.0073,0.9807
2997,-0.0977,-0.0767,0.9915
2998,-0.0422,-0.0986,0.9875
2999,0.0303,-0.0237,0.9836
Rate 1607, overflows 0
