Sample,Timestamp,Raw Encoder Reading,Target Motor Steps,Current Error,PID I Term,Phase Shift
0,0.04,-5452,-66.56,-0.01,-7.3,0
1,1.09,-5457,-66.59,0.02,-7.3,0
2,2.12,-5467,-66.66,0.07,-7.2,0
3,3.05,-5478,-66.73,0.13,-7.1,0
4,4.06,-5481,-66.81,0.10,-7.0,0
5,5.09,-5488,-66.94,0.05,-6.9,0
6,6.13,-5513,-67.14,0.16,-6.8,0
7,7.07,-5532,-67.33,0.21,-6.6,0
8,8.10,-5546,-67.53,0.17,-6.4,0
9,9.12,-5558,-67.76,0.09,-6.3,0
10,10.06,-5577,-67.99,0.09,-6.2,0
11,11.08,-5594,-68.25,0.04,-6.1,0
12,12.09,-5611,-68.50,-0.01,-6.1,0
13,13.05,-5627,-68.74,-0.05,-6.1,0
14,14.06,-5642,-68.99,-0.12,-6.2,0
15,15.07,-5657,-69.25,-0.20,-6.4,0
16,16.11,-5674,-69.50,-0.24,-6.6,0
17,17.12,-5688,-69.76,-0.33,-6.9,0
18,18.06,-5708,-69.99,-0.32,-7.2,0
19,19.09,-5728,-70.25,-0.33,-7.6,0
20,20.10,-5750,-70.50,-0.32,-7.9,0
21,21.05,-5772,-70.74,-0.28,-8.1,0
22,22.07,-5798,-71.00,-0.22,-8.4,0
23,23.11,-5825,-71.26,-0.15,-8.6,0
24,24.05,-5846,-71.49,-0.13,-8.7,0
25,25.07,-5869,-71.75,-0.11,-8.8,0
26,26.10,-5888,-72.00,-0.12,-9.0,0
27,27.12,-5910,-72.26,-0.11,-9.1,0
28,28.04,-5932,-72.49,-0.07,-9.1,0
29,29.06,-5953,-72.74,-0.07,-9.2,0
30,30.09,-5975,-73.00,-0.06,-9.3,0
31,31.13,-5993,-73.26,-0.11,-9.4,0
32,32.07,-6014,-73.49,-0.09,-9.5,0
33,33.08,-6032,-73.75,-0.11,-9.6,0
34,34.11,-6052,-74.01,-0.13,-9.7,0
35,35.06,-6077,-74.24,-0.06,-9.8,0
36,36.09,-6096,-74.50,-0.09,-9.8,0
37,37.11,-6119,-74.76,-0.06,-9.9,0
38,38.05,-6135,-74.99,-0.10,-10.0,0
39,39.07,-6159,-75.24,-0.06,-10.0,0
40,40.09,-6180,-75.50,-0.06,-10.1,0
41,41.11,-6198,-75.75,-0.10,-10.2,0
42,42.04,-6216,-75.99,-0.11,-10.2,0
43,43.08,-6237,-76.25,-0.11,-10.4,0
44,44.10,-6259,-76.50,-0.10,-10.5,0
45,45.05,-6280,-76.74,-0.09,-10.6,0
46,46.07,-6300,-76.99,-0.09,-10.6,0
47,47.11,-6323,-77.25,-0.07,-10.7,0
48,48.05,-6340,-77.49,-0.10,-10.8,0
49,49.09,-6362,-77.75,-0.09,-10.9,0
50,50.12,-6383,-78.01,-0.09,-11.0,0
51,51.07,-6407,-78.25,-0.04,-11.0,0
52,52.08,-6428,-78.50,-0.04,-11.1,0
53,53.11,-6454,-78.75,0.04,-11.1,0
54,54.11,-6475,-79.01,0.04,-11.1,0
55,55.05,-6491,-79.24,0.00,-11.1,0
56,56.05,-6513,-79.49,0.01,-11.1,0
57,57.07,-6530,-79.75,-0.04,-11.1,0
58,58.09,-6550,-80.00,-0.04,-11.1,0
59,59.11,-6571,-80.25,-0.04,-11.1,0
60,60.11,-6590,-80.51,-0.06,-11.2,0
61,61.05,-6607,-80.74,-0.09,-11.2,0
62,62.05,-6629,-80.99,-0.07,-11.3,0
63,63.06,-6648,-81.24,-0.09,-11.4,0
64,64.08,-6670,-81.50,-0.07,-11.5,0
65,65.10,-6692,-81.75,-0.06,-11.6,0
66,66.11,-6715,-82.00,-0.04,-11.6,0
67,67.04,-6736,-82.24,-0.01,-11.6,0
68,68.06,-6756,-82.49,-0.02,-11.6,0
69,69.10,-6782,-82.75,0.04,-11.6,0
70,70.12,-6804,-83.01,0.05,-11.6,0
71,71.05,-6823,-83.24,0.05,-11.5,0
72,72.05,-6839,-83.49,-0.01,-11.5,0
73,73.06,-6859,-83.74,-0.01,-11.5,0
74,74.07,-6880,-84.00,-0.01,-11.5,0
75,75.09,-6901,-84.25,-0.01,-11.5,0
76,76.11,-6919,-84.50,-0.05,-11.6,0
77,77.13,-6941,-84.76,-0.04,-11.6,0
78,78.05,-6958,-84.99,-0.05,-11.6,0
79,79.06,-6979,-85.24,-0.05,-11.7,0
80,80.08,-6998,-85.50,-0.07,-11.7,0
81,81.10,-7021,-85.75,-0.05,-11.8,0
82,82.12,-7041,-86.01,-0.06,-11.8,0
83,83.05,-7064,-86.24,-0.01,-11.9,0
84,84.06,-7085,-86.49,-0.01,-11.9,0
85,85.08,-7111,-86.75,0.06,-11.9,0
86,86.10,-7132,-87.00,0.06,-11.8,0
87,87.11,-7153,-87.25,0.06,-11.8,0
88,88.12,-7173,-87.51,0.05,-11.7,0
89,89.05,-7190,-87.74,0.02,-11.7,0
90,90.07,-7209,-87.99,0.00,-11.7,0
91,91.09,-7232,-88.25,0.04,-11.7,0
92,92.10,-7251,-88.50,0.01,-11.7,0
93,93.12,-7271,-88.76,0.00,-11.7,0
94,94.05,-7285,-88.99,-0.06,-11.8,0
95,95.06,-7306,-89.24,-0.06,-11.8,0
96,96.07,-7328,-89.50,-0.05,-11.8,0
97,97.09,-7350,-89.75,-0.02,-11.9,0
98,98.10,-7371,-90.00,-0.02,-11.9,0
99,99.13,-7396,-90.26,0.02,-11.9,0
100,100.06,-7414,-90.49,0.01,-11.9,0
101,101.07,-7437,-90.75,0.04,-11.9,0
102,102.10,-7459,-91.00,0.05,-11.8,0
103,103.12,-7479,-91.26,0.04,-11.8,0
104,104.05,-7495,-91.49,0.00,-11.8,0
105,105.07,-7519,-91.74,0.04,-11.7,0
106,106.09,-7536,-92.00,-0.01,-11.7,0
107,107.11,-7560,-92.25,0.04,-11.7,0
108,108.12,-7577,-92.51,-0.01,-11.7,0
109,109.05,-7595,-92.74,-0.02,-11.7,0
110,110.07,-7618,-92.99,0.00,-11.8,0
111,111.09,-7635,-93.25,-0.05,-11.8,0
112,112.11,-7657,-93.50,-0.04,-11.8,0
113,113.04,-7678,-93.74,-0.01,-11.8,0
114,114.06,-7697,-93.99,-0.04,-11.8,0
115,115.09,-7722,-94.25,0.01,-11.8,0
116,116.10,-7743,-94.50,0.01,-11.8,0
117,117.12,-7767,-94.76,0.06,-11.8,0
118,118.05,-7783,-94.99,0.01,-11.8,0
119,119.06,-7807,-95.24,0.06,-11.8,0
120,120.07,-7826,-95.49,0.04,-11.7,0
121,121.09,-7846,-95.75,0.02,-11.7,0
122,122.09,-7862,-96.00,-0.02,-11.7,0
123,123.09,-7884,-96.25,-0.01,-11.7,0
124,124.12,-7905,-96.51,-0.01,-11.7,0
125,125.04,-7925,-96.74,0.00,-11.7,0
126,126.05,-7946,-96.99,0.01,-11.7,0
127,127.06,-7968,-97.24,0.02,-11.7,0
128,128.08,-7986,-97.50,-0.01,-11.7,0
129,129.10,-8008,-97.75,0.00,-11.8,0
130,130.12,-8027,-98.01,-0.02,-11.8,0
131,131.13,-8048,-98.26,-0.01,-11.8,0
132,132.06,-8069,-98.49,0.01,-11.8,0
133,133.07,-8092,-98.75,0.04,-11.7,0
134,134.09,-8115,-99.00,0.06,-11.7,0
135,135.12,-8135,-99.26,0.05,-11.6,0
136,136.05,-8152,-99.49,0.02,-11.6,0
137,137.06,-8172,-99.74,0.01,-11.6,0
138,138.08,-8193,-100.00,0.01,-11.6,0
139,139.10,-8214,-100.25,0.01,-11.6,0
140,140.11,-8234,-100.50,0.01,-11.6,0
141,141.12,-8252,-100.76,-0.02,-11.6,0
142,142.06,-8272,-100.99,-0.01,-11.6,0
143,143.07,-8293,-101.25,-0.01,-11.6,0
144,144.09,-8315,-101.50,0.00,-11.6,0
145,145.11,-8336,-101.75,0.00,-11.6,0
146,146.12,-8357,-102.01,0.01,-11.6,0
147,147.05,-8376,-102.24,0.01,-11.6,0
148,148.07,-8400,-102.49,0.05,-11.6,0
149,149.09,-8419,-102.75,0.02,-11.5,0
150,150.10,-8443,-103.00,0.06,-11.5,0
151,151.12,-8465,-103.26,0.07,-11.5,0
152,152.04,-8477,-103.49,-0.01,-11.4,0
153,153.06,-8500,-103.74,0.01,-11.4,0
154,154.08,-8520,-104.00,0.01,-11.4,0
155,155.10,-8539,-104.25,-0.01,-11.4,0
156,156.12,-8563,-104.51,0.02,-11.4,0
157,157.05,-8582,-104.74,0.02,-11.4,0
158,158.05,-8601,-104.99,0.00,-11.4,0
159,159.08,-8620,-105.25,-0.02,-11.4,0
160,160.10,-8642,-105.50,-0.01,-11.4,0
161,161.12,-8661,-105.76,-0.04,-11.4,0
162,162.04,-8679,-105.99,-0.05,-11.4,0
163,163.06,-8706,-106.24,0.04,-11.4,0
164,164.06,-8729,-106.49,0.06,-11.4,0
165,165.07,-8747,-106.75,0.02,-11.4,0
166,166.10,-8767,-107.00,0.01,-11.3,0
167,167.12,-8788,-107.26,0.02,-11.3,0
168,168.04,-8809,-107.49,0.05,-11.3,0
169,169.06,-8829,-107.74,0.04,-11.2,0
170,170.07,-8847,-107.99,0.00,-11.2,0
171,171.08,-8868,-108.25,0.00,-11.3,0
172,172.09,-8885,-108.50,-0.04,-11.3,0
173,173.11,-8910,-108.75,0.01,-11.3,0
174,174.12,-8930,-109.01,0.00,-11.3,0
175,175.05,-8948,-109.24,-0.01,-11.3,0
176,176.07,-8970,-109.49,0.00,-11.3,0
177,177.09,-8987,-109.75,-0.04,-11.3,0
178,178.10,-9013,-110.00,0.02,-11.3,0
179,179.12,-9032,-110.26,0.00,-11.3,0
180,180.05,-9049,-110.49,-0.02,-11.3,0
181,181.05,-9073,-110.74,0.01,-11.2,0
182,182.07,-9093,-110.99,0.00,-11.2,0
183,183.07,-9114,-111.24,0.01,-11.2,0
184,184.08,-9133,-111.50,-0.01,-11.2,0
185,185.10,-9153,-111.75,-0.02,-11.2,0
186,186.12,-9173,-112.01,-0.04,-11.2,0
187,187.05,-9195,-112.24,0.00,-11.2,0
188,188.06,-9214,-112.49,-0.01,-11.3,0
189,189.07,-9236,-112.75,0.00,-11.3,0
190,190.10,-9257,-113.00,0.00,-11.3,0
191,191.11,-9277,-113.25,-0.01,-11.3,0
192,192.04,-9299,-113.49,0.02,-11.3,0
193,193.06,-9319,-113.74,0.01,-11.3,0
194,194.08,-9336,-114.00,-0.04,-11.3,0
195,195.10,-9362,-114.25,0.04,-11.3,0
196,196.11,-9383,-114.50,0.04,-11.3,0
197,197.13,-9402,-114.76,0.01,-11.3,0
198,198.05,-9421,-114.99,0.01,-11.2,0
199,199.07,-9442,-115.24,0.01,-11.2,0
200,200.09,-9463,-115.50,0.01,-11.2,0
201,201.11,-9481,-115.75,-0.01,-11.2,0
202,202.12,-9503,-116.01,0.00,-11.2,0
203,203.05,-9518,-116.24,-0.05,-11.2,0
204,204.06,-9541,-116.49,-0.02,-11.3,0
205,205.08,-9563,-116.75,-0.01,-11.3,0
206,206.09,-9583,-117.00,-0.02,-11.3,0
207,207.11,-9604,-117.25,-0.01,-11.3,0
208,208.04,-9624,-117.49,-0.01,-11.3,0
209,209.06,-9644,-117.74,-0.01,-11.3,0
210,210.07,-9662,-118.00,-0.05,-11.3,0
211,211.09,-9687,-118.25,0.00,-11.3,0
212,212.11,-9714,-118.50,0.07,-11.3,0
213,213.04,-9732,-118.74,0.06,-11.2,0
214,214.05,-9753,-118.99,0.06,-11.2,0
215,215.07,-9771,-119.24,0.04,-11.1,0
216,216.08,-9793,-119.50,0.05,-11.1,0
217,217.10,-9808,-119.75,-0.02,-11.1,0
218,218.11,-9829,-120.00,-0.02,-11.2,0
219,219.13,-9851,-120.26,-0.01,-11.2,0
220,220.06,-9866,-120.49,-0.06,-11.2,0
221,221.07,-9890,-120.75,-0.02,-11.2,0
222,222.09,-9911,-121.00,-0.01,-11.2,0
223,223.12,-9933,-121.26,0.00,-11.3,0
224,224.04,-9952,-121.49,0.00,-11.3,0
225,225.07,-9980,-121.74,0.09,-11.3,0
226,226.08,-10000,-122.00,0.07,-11.2,0
227,227.11,-10020,-122.25,0.06,-11.2,0
228,228.12,-10041,-122.51,0.06,-11.1,0
229,229.05,-10060,-122.74,0.06,-11.1,0
230,230.06,-10077,-122.99,0.01,-11.0,0
231,231.08,-10099,-123.25,0.04,-11.0,0
232,232.09,-10115,-123.50,-0.02,-11.0,0
233,233.11,-10135,-123.75,-0.04,-11.0,0
234,234.04,-10155,-123.99,-0.02,-11.0,0
235,235.06,-10175,-124.24,-0.04,-11.1,0
236,236.07,-10194,-124.50,-0.06,-11.1,0
237,237.09,-10215,-124.75,-0.05,-11.1,0
238,238.10,-10241,-125.00,0.01,-11.2,0
239,239.11,-10261,-125.25,0.00,-11.2,0
240,240.13,-10284,-125.51,0.02,-11.2,0
241,241.05,-10303,-125.74,0.02,-11.1,0
242,242.07,-10324,-126.00,0.02,-11.1,0
243,243.10,-10346,-126.25,0.05,-11.0,0
244,244.12,-10370,-126.51,0.09,-11.0,0
245,245.13,-10389,-126.76,0.06,-10.9,0
246,246.06,-10406,-126.99,0.04,-10.8,0
247,247.07,-10423,-127.25,-0.01,-10.8,0
248,248.09,-10444,-127.50,-0.01,-10.8,0
249,249.12,-10464,-127.76,-0.02,-10.8,0
250,250.04,-10484,-127.99,-0.01,-10.8,0
251,251.07,-10503,-128.24,-0.04,-10.8,0
252,252.08,-10523,-128.50,-0.04,-10.8,0
253,253.10,-10545,-128.75,-0.02,-10.9,0
254,254.11,-10566,-129.00,-0.02,-10.9,0
255,255.12,-10591,-129.26,0.02,-10.9,0
256,256.13,-10611,-129.51,0.02,-10.9,0
257,257.06,-10629,-129.74,0.00,-10.8,0
258,258.07,-10651,-129.99,0.02,-10.8,0
259,259.08,-10676,-130.25,0.07,-10.8,0
260,260.10,-10696,-130.50,0.06,-10.7,0
261,261.11,-10714,-130.76,0.02,-10.6,0
262,262.04,-10735,-130.99,0.05,-10.6,0
263,263.06,-10754,-131.24,0.04,-10.5,0
264,264.07,-10775,-131.49,0.04,-10.5,0
265,265.09,-10792,-131.75,-0.01,-10.5,0
266,266.11,-10809,-132.00,-0.06,-10.5,0
267,267.13,-10830,-132.26,-0.06,-10.6,0
268,268.05,-10852,-132.49,-0.02,-10.6,0
269,269.07,-10873,-132.74,-0.01,-10.7,0
270,270.09,-10893,-133.00,-0.02,-10.7,0
271,271.11,-10916,-133.26,0.00,-10.7,0
272,272.04,-10937,-133.49,0.02,-10.7,0
273,273.07,-10957,-133.74,0.01,-10.7,0
274,274.07,-10978,-134.00,0.01,-10.6,0
275,275.09,-11003,-134.25,0.06,-10.6,0
276,276.12,-11025,-134.51,0.07,-10.5,0
277,277.05,-11049,-134.74,0.13,-10.4,0
278,278.06,-11065,-134.99,0.07,-10.4,0
279,279.06,-11085,-135.24,0.07,-10.3,0
280,280.12,-11100,-135.51,-0.01,-10.3,0
281,281.05,-11118,-135.74,-0.02,-10.3,0
282,282.06,-11136,-135.99,-0.05,-10.3,0
283,283.06,-11159,-136.24,-0.02,-10.4,0
284,284.09,-11177,-136.50,-0.06,-10.4,0
285,285.11,-11200,-136.76,-0.04,-10.5,0
286,286.13,-11220,-137.01,-0.05,-10.5,0
287,287.06,-11242,-137.24,-0.01,-10.6,0
288,288.07,-11264,-137.50,0.00,-10.6,0
289,289.10,-11283,-137.75,-0.02,-10.6,0
290,290.11,-11306,-138.00,0.01,-10.5,0
291,291.04,-11326,-138.24,0.02,-10.5,0
292,292.06,-11352,-138.49,0.09,-10.4,0
293,293.09,-11371,-138.75,0.06,-10.4,0
294,294.11,-11392,-139.00,0.06,-10.3,0
295,295.13,-11411,-139.26,0.04,-10.2,0
296,296.06,-11431,-139.49,0.05,-10.2,0
297,297.08,-11444,-139.75,-0.05,-10.2,0
298,298.09,-11464,-140.00,-0.06,-10.3,0
299,299.10,-11485,-140.25,-0.05,-10.3,0
300,300.11,-11504,-140.50,-0.07,-10.4,0
301,301.12,-11525,-140.76,-0.07,-10.4,0
302,302.05,-11551,-140.99,0.01,-10.5,0
303,303.07,-11569,-141.25,-0.02,-10.5,0
304,304.09,-11590,-141.50,-0.02,-10.5,0
305,305.11,-11612,-141.76,-0.01,-10.6,0
306,306.04,-11632,-141.99,0.00,-10.5,0
307,307.05,-11657,-142.24,0.06,-10.5,0
308,308.07,-11678,-142.50,0.06,-10.5,0
309,309.09,-11700,-142.75,0.07,-10.4,0
310,310.10,-11718,-143.00,0.04,-10.3,0
311,311.11,-11743,-143.25,0.10,-10.3,0
312,312.12,-11756,-143.51,0.00,-10.3,0
313,313.05,-11772,-143.74,-0.04,-10.3,0
314,314.07,-11791,-143.99,-0.06,-10.3,0
315,315.08,-11813,-144.25,-0.05,-10.4,0
316,316.11,-11832,-144.50,-0.07,-10.4,0
317,317.13,-11855,-144.76,-0.05,-10.5,0
318,318.05,-11875,-144.99,-0.04,-10.5,0
319,319.07,-11898,-145.24,0.00,-10.6,0
320,320.07,-11919,-145.50,0.00,-10.6,0
321,321.10,-11940,-145.75,0.00,-10.6,0
322,322.11,-11962,-146.00,0.01,-10.6,0
323,323.11,-11986,-146.25,0.06,-10.5,0
324,324.04,-12007,-146.49,0.09,-10.5,0
325,325.05,-12028,-146.74,0.09,-10.4,0
326,326.07,-12046,-146.99,0.05,-10.4,0
327,327.09,-12066,-147.25,0.04,-10.3,0
328,328.10,-12086,-147.50,0.04,-10.2,0
329,329.12,-12104,-147.76,0.00,-10.2,0
330,330.05,-12121,-147.99,-0.02,-10.2,0
331,331.07,-12141,-148.25,-0.04,-10.3,0
332,332.10,-12160,-148.50,-0.06,-10.4,0
333,333.12,-12183,-148.76,-0.04,-10.4,0
334,334.05,-12203,-148.99,-0.02,-10.5,0
335,335.06,-12220,-149.24,-0.07,-10.5,0
336,336.07,-12244,-149.49,-0.04,-10.6,0
337,337.10,-12266,-149.75,-0.02,-10.6,0
338,338.11,-12291,-150.00,0.04,-10.6,0
339,339.05,-12307,-150.24,-0.01,-10.6,0
340,340.05,-12335,-150.49,0.09,-10.5,0
341,341.06,-12353,-150.74,0.05,-10.5,0
342,342.07,-12374,-151.00,0.05,-10.4,0
343,343.09,-12396,-151.25,0.07,-10.3,0
344,344.11,-12414,-151.51,0.04,-10.3,0
345,345.05,-12434,-151.74,0.04,-10.3,0
346,346.06,-12447,-151.99,-0.05,-10.3,0
347,347.08,-12465,-152.25,-0.09,-10.3,0
348,348.09,-12487,-152.50,-0.07,-10.4,0
349,349.11,-12507,-152.75,-0.09,-10.5,0
350,350.13,-12530,-153.01,-0.06,-10.5,0
351,351.05,-12549,-153.24,-0.05,-10.6,0
352,352.05,-12571,-153.49,-0.04,-10.6,0
353,353.07,-12590,-153.74,-0.06,-10.6,0
354,354.09,-12612,-154.00,-0.05,-10.7,0
355,355.11,-12639,-154.26,0.02,-10.7,0
356,356.13,-12665,-154.51,0.10,-10.6,0
357,357.06,-12683,-154.74,0.07,-10.5,0
358,358.07,-12703,-155.00,0.07,-10.4,0
359,359.10,-12722,-155.25,0.05,-10.4,0
360,360.11,-12743,-155.51,0.05,-10.3,0
361,361.04,-12760,-155.74,0.02,-10.3,0
362,362.05,-12777,-155.99,-0.02,-10.3,0
363,363.07,-12796,-156.25,-0.05,-10.3,0
364,364.09,-12815,-156.50,-0.07,-10.4,0
365,365.12,-12837,-156.76,-0.05,-10.4,0
366,366.12,-12854,-157.01,-0.10,-10.5,0
367,367.06,-12876,-157.24,-0.06,-10.5,0
368,368.07,-12898,-157.50,-0.05,-10.6,0
369,369.10,-12923,-157.75,0.00,-10.6,0
370,370.11,-12944,-158.00,0.00,-10.6,0
371,371.12,-12969,-158.26,0.06,-10.6,0
372,372.05,-12987,-158.49,0.04,-10.5,0
373,373.07,-13013,-158.74,0.11,-10.5,0
374,374.09,-13032,-159.00,0.09,-10.4,0
375,375.10,-13052,-159.25,0.07,-10.3,0
376,376.12,-13068,-159.51,0.01,-10.2,0
377,377.05,-13089,-159.74,0.04,-10.2,0
378,378.06,-13107,-159.99,0.00,-10.2,0
379,379.09,-13126,-160.25,-0.02,-10.2,0
380,380.10,-13143,-160.50,-0.06,-10.3,0
381,381.13,-13166,-160.76,-0.04,-10.4,0
382,382.13,-13184,-161.01,-0.07,-10.4,0
383,383.06,-13204,-161.24,-0.06,-10.5,0
384,384.07,-13225,-161.50,-0.06,-10.5,0
385,385.09,-13248,-161.75,-0.04,-10.6,0
386,386.11,-13270,-162.01,-0.01,-10.6,0
387,387.13,-13296,-162.26,0.05,-10.6,0
388,388.06,-13316,-162.49,0.06,-10.5,0
389,389.08,-13340,-162.75,0.10,-10.5,0
390,390.10,-13357,-163.00,0.05,-10.4,0
391,391.12,-13380,-163.26,0.07,-10.3,0
392,392.04,-13397,-163.49,0.05,-10.3,0
393,393.06,-13415,-163.74,0.01,-10.2,0
394,394.07,-13435,-164.00,0.01,-10.2,0
395,395.09,-13449,-164.25,-0.07,-10.3,0
396,396.10,-13471,-164.50,-0.06,-10.3,0
397,397.12,-13490,-164.76,-0.09,-10.4,0
398,398.12,-13515,-165.01,-0.02,-10.4,0
399,399.05,-13534,-165.24,-0.02,-10.5,0
400,400.07,-13554,-165.50,-0.04,-10.5,0
401,401.07,-13576,-165.75,-0.02,-10.5,0
402,402.09,-13599,-166.00,0.00,-10.5,0
403,403.12,-13623,-166.26,0.04,-10.5,0
404,404.05,-13643,-166.49,0.05,-10.5,0
405,405.06,-13666,-166.74,0.07,-10.4,0
406,406.06,-13688,-166.99,0.10,-10.3,0
407,407.07,-13705,-167.25,0.05,-10.3,0
408,408.09,-13725,-167.50,0.05,-10.2,0
409,409.11,-13745,-167.75,0.04,-10.2,0
410,410.12,-13765,-168.01,0.02,-10.2,0
411,411.05,-13779,-168.24,-0.04,-10.2,0
412,412.06,-13799,-168.49,-0.05,-10.2,0
413,413.07,-13819,-168.74,-0.06,-10.3,0
414,414.09,-13842,-169.00,-0.04,-10.3,0
415,415.11,-13862,-169.26,-0.04,-10.4,0
416,416.12,-13884,-169.51,-0.02,-10.4,0
417,417.06,-13902,-169.74,-0.04,-10.4,0
418,418.06,-13925,-169.99,-0.01,-10.4,0
419,419.07,-13950,-170.25,0.04,-10.4,0
420,420.10,-13970,-170.50,0.04,-10.4,0
421,421.12,-13998,-170.76,0.12,-10.4,0
422,422.05,-14012,-170.99,0.06,-10.3,0
423,423.06,-14034,-171.24,0.07,-10.2,0
424,424.07,-14053,-171.49,0.05,-10.2,0
425,425.09,-14068,-171.75,-0.02,-10.1,0
426,426.10,-14090,-172.00,-0.01,-10.1,0
427,427.12,-14109,-172.26,-0.02,-10.1,0
428,428.04,-14128,-172.49,-0.02,-10.2,0
429,429.07,-14150,-172.74,-0.01,-10.2,0
430,430.09,-14166,-173.00,-0.07,-10.2,0
431,431.11,-14188,-173.25,-0.06,-10.3,0
432,432.12,-14209,-173.51,-0.06,-10.4,0
433,433.05,-14230,-173.74,-0.04,-10.4,0
434,434.07,-14252,-173.99,-0.02,-10.4,0
435,435.09,-14276,-174.25,0.02,-10.4,0
436,436.10,-14302,-174.50,0.09,-10.4,0
437,437.12,-14319,-174.76,0.04,-10.3,0
438,438.05,-14339,-174.99,0.05,-10.2,0
439,439.07,-14361,-175.24,0.06,-10.2,0
440,440.08,-14385,-175.50,0.10,-10.1,0
441,441.11,-14397,-175.75,-0.01,-10.1,0
442,442.12,-14419,-176.01,0.01,-10.1,0
443,443.05,-14435,-176.24,-0.04,-10.1,0
444,444.06,-14454,-176.49,-0.05,-10.1,0
445,445.08,-14477,-176.75,-0.02,-10.1,0
446,446.10,-14498,-177.00,-0.02,-10.2,0
447,447.12,-14516,-177.26,-0.06,-10.2,0
448,448.04,-14538,-177.49,-0.02,-10.3,0
449,449.06,-14559,-177.74,-0.02,-10.3,0
450,450.08,-14579,-178.00,-0.04,-10.3,0
451,451.10,-14604,-178.25,0.02,-10.3,0
452,452.12,-14626,-178.51,0.04,-10.3,0
453,453.04,-14649,-178.74,0.09,-10.2,0
454,454.06,-14669,-178.99,0.07,-10.2,0
455,455.08,-14692,-179.25,0.10,-10.1,0
456,456.10,-14709,-179.50,0.05,-10.1,0
457,457.11,-14730,-179.76,0.05,-10.0,0
458,458.13,-14747,-180.01,0.01,-10.0,0
459,459.06,-14765,-180.24,0.00,-10.0,0
460,460.06,-14787,-180.49,0.01,-10.0,0
461,461.07,-14806,-180.75,-0.01,-10.0,0
462,462.09,-14825,-181.00,-0.04,-10.0,0
463,463.12,-14846,-181.26,-0.04,-10.1,0
464,464.04,-14861,-181.49,-0.09,-10.2,0
465,465.06,-14885,-181.74,-0.04,-10.2,0
466,466.07,-14907,-182.00,-0.02,-10.3,0
467,467.10,-14929,-182.25,-0.01,-10.3,0
468,468.11,-14950,-182.51,-0.01,-10.3,0
469,469.05,-14972,-182.74,0.02,-10.3,0
470,470.06,-14997,-182.99,0.07,-10.3,0
471,471.09,-15012,-183.25,0.00,-10.2,0
472,472.10,-15037,-183.50,0.05,-10.2,0
473,473.12,-15056,-183.76,0.02,-10.2,0
474,474.05,-15071,-183.99,-0.02,-10.1,0
475,475.07,-15093,-184.25,0.00,-10.1,0
476,476.09,-15110,-184.50,-0.05,-10.2,0
477,477.11,-15133,-184.75,-0.02,-10.2,0
478,478.13,-15152,-185.01,-0.05,-10.2,0
479,479.06,-15171,-185.24,-0.05,-10.3,0
480,480.09,-15191,-185.50,-0.06,-10.3,0
481,481.11,-15213,-185.75,-0.05,-10.4,0
482,482.12,-15239,-186.01,0.01,-10.4,0
483,483.05,-15253,-186.24,-0.05,-10.4,0
484,484.07,-15280,-186.49,0.02,-10.4,0
485,485.09,-15299,-186.75,0.01,-10.4,0
486,486.10,-15324,-187.00,0.06,-10.4,0
487,487.12,-15343,-187.26,0.04,-10.3,0
488,488.12,-15362,-187.51,0.01,-10.3,0
489,489.05,-15380,-187.74,0.00,-10.3,0
490,490.06,-15399,-187.99,-0.01,-10.3,0
491,491.11,-15422,-188.25,0.00,-10.3,0
492,492.12,-15440,-188.51,-0.04,-10.3,0
493,493.06,-15466,-188.74,0.05,-10.4,0
494,494.07,-15480,-189.00,-0.04,-10.4,0
495,495.10,-15500,-189.25,-0.04,-10.4,0
496,496.10,-15520,-189.50,-0.05,-10.5,0
497,497.13,-15542,-189.76,-0.04,-10.5,0
498,498.06,-15560,-189.99,-0.05,-10.6,0
499,499.07,-15584,-190.25,-0.01,-10.6,0
500,500.09,-15606,-190.50,0.00,-10.6,0
501,501.12,-15633,-190.76,0.07,-10.6,0
502,502.04,-15651,-190.99,0.06,-10.5,0
503,503.07,-15666,-191.24,-0.01,-10.5,0
504,504.09,-15691,-191.50,0.04,-10.5,0
505,505.11,-15710,-191.76,0.01,-10.5,0
506,506.12,-15728,-192.01,-0.01,-10.5,0
507,507.05,-15746,-192.24,-0.02,-10.5,0
508,508.06,-15767,-192.49,-0.02,-10.5,0
509,509.07,-15788,-192.74,-0.02,-10.6,0
510,510.08,-15808,-193.00,-0.02,-10.6,0
511,511.10,-15825,-193.25,-0.07,-10.6,0
512,512.12,-15846,-193.51,-0.07,-10.7,0
513,513.05,-15870,-193.74,-0.01,-10.7,0
514,514.06,-15889,-193.99,-0.04,-10.8,0
515,515.08,-15908,-194.25,-0.06,-10.8,0
516,516.08,-15936,-194.50,0.04,-10.8,0
517,517.11,-15956,-194.75,0.02,-10.8,0
518,518.12,-15976,-195.01,0.01,-10.8,0
519,519.05,-15994,-195.24,0.00,-10.8,0
520,520.06,-16017,-195.49,0.02,-10.8,0
521,521.07,-16036,-195.75,0.00,-10.8,0
522,522.10,-16055,-196.00,-0.01,-10.8,0
523,523.12,-16076,-196.26,-0.01,-10.8,0
524,524.13,-16096,-196.51,-0.02,-10.8,0
525,525.06,-16118,-196.74,0.01,-10.8,0
526,526.07,-16136,-197.00,-0.02,-10.9,0
527,527.09,-16158,-197.25,-0.01,-10.9,0
528,528.10,-16177,-197.50,-0.02,-10.9,0
529,529.12,-16198,-197.76,-0.02,-11.0,0
530,530.06,-16214,-197.99,-0.07,-11.0,0
531,531.07,-16241,-198.25,0.01,-11.0,0
532,532.10,-16263,-198.50,0.02,-11.0,0
533,533.12,-16285,-198.76,0.04,-11.0,0
534,534.04,-16304,-198.99,0.04,-10.9,0
535,535.07,-16322,-199.25,0.00,-10.9,0
536,536.09,-16343,-199.50,0.00,-10.9,0
537,537.11,-16363,-199.75,-0.01,-10.9,0
538,538.11,-16381,-200.01,-0.04,-10.9,0
539,539.05,-16403,-200.24,-0.01,-10.9,0
540,540.07,-16424,-200.50,-0.01,-11.0,0
541,541.09,-16444,-200.75,-0.01,-11.0,0
542,542.11,-16462,-201.00,-0.05,-11.0,0
543,543.05,-16482,-201.24,-0.04,-11.0,0
544,544.07,-16507,-201.49,0.01,-11.0,0
545,545.09,-16527,-201.75,0.00,-11.0,0
546,546.11,-16548,-202.00,0.00,-11.1,0
547,547.13,-16572,-202.26,0.04,-11.1,0
548,548.05,-16589,-202.49,0.01,-11.1,0
549,549.07,-16611,-202.74,0.02,-11.0,0
550,550.09,-16631,-203.00,0.01,-11.0,0
551,551.12,-16653,-203.26,0.02,-11.0,0
552,552.04,-16671,-203.49,0.01,-11.0,0
553,553.06,-16688,-203.74,-0.04,-11.0,0
554,554.07,-16709,-204.00,-0.02,-11.0,0
555,555.09,-16729,-204.25,-0.04,-11.0,0
556,556.11,-16749,-204.50,-0.05,-11.1,0
557,557.13,-16772,-204.76,-0.02,-11.1,0
558,558.05,-16794,-204.99,0.01,-11.1,0
559,559.05,-16811,-205.24,-0.02,-11.1,0
560,560.07,-16836,-205.49,0.02,-11.1,0
561,561.09,-16853,-205.75,-0.02,-11.2,0
562,562.10,-16873,-206.00,-0.04,-11.2,0
563,563.12,-16897,-206.26,0.00,-11.1,0
564,564.05,-16918,-206.49,0.02,-11.1,0
565,565.04,-16941,-206.74,0.06,-11.1,0
566,566.06,-16958,-206.99,0.01,-11.1,0
567,567.08,-16980,-207.25,0.02,-11.1,0
568,568.09,-17000,-207.50,0.02,-11.0,0
569,569.11,-17018,-207.75,-0.01,-11.1,0
570,570.05,-17037,-207.99,-0.01,-11.1,0
571,571.06,-17057,-208.24,-0.02,-11.1,0
572,572.07,-17076,-208.50,-0.05,-11.1,0
573,573.10,-17099,-208.75,-0.02,-11.2,0
574,574.11,-17120,-209.00,-0.02,-11.2,0
575,575.04,-17140,-209.24,-0.01,-11.2,0
576,576.05,-17166,-209.49,0.05,-11.2,0
577,577.06,-17181,-209.74,-0.01,-11.2,0
578,578.08,-17207,-210.00,0.05,-11.2,0
579,579.10,-17226,-210.25,0.02,-11.2,0
580,580.09,-17248,-210.50,0.05,-11.1,0
581,581.10,-17267,-210.75,0.02,-11.1,0
582,582.10,-17283,-211.00,-0.02,-11.1,0
583,583.12,-17308,-211.26,0.02,-11.1,0
584,584.05,-17326,-211.49,0.01,-11.1,0
585,585.06,-17343,-211.74,-0.04,-11.1,0
586,586.07,-17366,-212.00,-0.01,-11.1,0
587,587.10,-17387,-212.25,-0.01,-11.1,0
588,588.10,-17407,-212.50,-0.01,-11.2,0
589,589.12,-17426,-212.76,-0.04,-11.2,0
590,590.04,-17445,-212.99,-0.04,-11.2,0
591,591.06,-17468,-213.24,-0.01,-11.3,0
592,592.07,-17493,-213.49,0.05,-11.3,0
593,593.09,-17512,-213.75,0.02,-11.3,0
594,594.12,-17528,-214.01,-0.05,-11.3,0
595,595.06,-17550,-214.24,-0.01,-11.3,0
596,596.07,-17572,-214.50,0.01,-11.3,0
597,597.09,-17598,-214.75,0.07,-11.2,0
598,598.10,-17614,-215.00,0.01,-11.2,0
599,599.12,-17634,-215.26,0.00,-11.2,0
600,600.05,-17653,-215.49,0.00,-11.2,0
601,601.07,-17670,-215.74,-0.05,-11.2,0
602,602.09,-17691,-216.00,-0.05,-11.2,0
603,603.10,-17711,-216.25,-0.05,-11.3,0
604,604.11,-17732,-216.51,-0.05,-11.3,0
605,605.05,-17754,-216.74,-0.01,-11.4,0
606,606.04,-17775,-216.99,-0.01,-11.4,0
607,607.06,-17793,-217.24,-0.05,-11.4,0
608,608.07,-17814,-217.50,-0.04,-11.4,0
609,609.10,-17838,-217.75,0.00,-11.4,0
610,610.12,-17860,-218.01,0.01,-11.4,0
611,611.04,-17880,-218.24,0.02,-11.4,0
612,612.07,-17905,-218.49,0.07,-11.4,0
613,613.08,-17925,-218.75,0.06,-11.3,0
614,614.08,-17940,-219.00,0.00,-11.3,0
615,615.10,-17959,-219.25,-0.02,-11.3,0
616,616.12,-17977,-219.51,-0.06,-11.3,0
617,617.04,-17996,-219.74,-0.06,-11.4,0
618,618.05,-18015,-219.99,-0.09,-11.4,0
619,619.04,-18038,-220.24,-0.05,-11.5,0
620,620.06,-18059,-220.49,-0.05,-11.5,0
621,621.08,-18081,-220.75,-0.04,-11.6,0
622,622.10,-18101,-221.00,-0.04,-11.6,0
623,623.12,-18121,-221.26,-0.05,-11.6,0
624,624.04,-18142,-221.49,-0.02,-11.6,0
625,625.05,-18163,-221.74,-0.02,-11.6,0
626,626.07,-18183,-221.99,-0.04,-11.6,0
627,627.09,-18207,-222.25,0.00,-11.6,0
628,628.11,-18231,-222.51,0.04,-11.6,0
629,629.05,-18249,-222.74,0.02,-11.6,0
630,630.06,-18270,-222.99,0.02,-11.6,0
631,631.09,-18291,-223.25,0.04,-11.5,0
632,632.10,-18305,-223.50,-0.05,-11.6,0
633,633.13,-18323,-223.76,-0.09,-11.6,0
634,634.05,-18344,-223.99,-0.06,-11.6,0
635,635.07,-18366,-224.24,-0.05,-11.7,0
636,636.09,-18387,-224.50,-0.05,-11.7,0
637,637.10,-18408,-224.75,-0.05,-11.8,0
638,638.11,-18432,-225.00,0.00,-11.8,0
639,639.13,-18451,-225.26,-0.02,-11.9,0
640,640.05,-18468,-225.49,-0.05,-11.9,0
641,641.07,-18493,-225.74,0.00,-11.9,0
642,642.09,-18517,-226.00,0.04,-11.8,0
643,643.11,-18539,-226.26,0.05,-11.8,0
644,644.13,-18558,-226.51,0.02,-11.8,0
645,645.06,-18579,-226.74,0.05,-11.7,0
646,646.08,-18598,-227.00,0.02,-11.7,0
647,647.07,-18614,-227.24,-0.02,-11.7,0
648,648.08,-18634,-227.50,-0.04,-11.7,0
649,649.09,-18652,-227.75,-0.06,-11.7,0
650,650.11,-18672,-228.00,-0.07,-11.8,0
651,651.13,-18694,-228.26,-0.06,-11.9,0
652,652.05,-18712,-228.49,-0.07,-11.9,0
653,653.06,-18736,-228.74,-0.04,-12.0,0
654,654.07,-18757,-228.99,-0.02,-12.0,0
655,655.08,-18774,-229.25,-0.07,-12.0,0
656,656.10,-18799,-229.50,-0.02,-12.0,0
657,657.12,-18824,-229.76,0.02,-12.0,0
658,658.13,-18844,-230.01,0.02,-12.0,0
659,659.06,-18865,-230.24,0.05,-12.0,0
660,660.08,-18886,-230.50,0.05,-11.9,0
661,661.10,-18909,-230.75,0.07,-11.9,0
662,662.12,-18925,-231.01,0.01,-11.8,0
663,663.05,-18943,-231.24,0.00,-11.8,0
664,664.07,-18963,-231.49,-0.01,-11.8,0
665,665.09,-18982,-231.75,-0.04,-11.8,0
666,666.11,-19002,-232.00,-0.05,-11.9,0
667,667.12,-19021,-232.26,-0.07,-12.0,0
668,668.05,-19044,-232.49,-0.02,-12.0,0
669,669.07,-19061,-232.74,-0.06,-12.0,0
670,670.07,-19087,-232.99,0.00,-12.1,0
671,671.08,-19104,-233.25,-0.05,-12.1,0
672,672.09,-19132,-233.50,0.05,-12.1,0
673,673.11,-19149,-233.75,0.00,-12.1,0
674,674.04,-19172,-233.99,0.05,-12.1,0
675,675.06,-19197,-234.24,0.10,-12.0,0
676,676.07,-19215,-234.50,0.06,-12.0,0
677,677.09,-19235,-234.75,0.05,-11.9,0
678,678.11,-19252,-235.01,0.00,-11.8,0
679,679.13,-19273,-235.26,0.01,-11.8,0
680,680.05,-19291,-235.49,0.00,-11.8,0
681,681.07,-19311,-235.74,-0.01,-11.8,0
682,682.09,-19331,-236.00,-0.02,-11.9,0
683,683.11,-19348,-236.26,-0.07,-12.0,0
684,684.04,-19373,-236.49,0.00,-12.0,0
685,685.06,-19391,-236.74,-0.04,-12.0,0
686,686.07,-19416,-236.99,0.01,-12.0,0
687,687.10,-19435,-237.25,-0.01,-12.1,0
688,688.11,-19456,-237.50,0.00,-12.1,0
689,689.04,-19481,-237.74,0.07,-12.0,0
690,690.06,-19501,-237.99,0.06,-12.0,0
691,691.08,-19522,-238.25,0.06,-12.0,0
692,692.10,-19546,-238.50,0.10,-11.9,0
693,693.12,-19567,-238.76,0.10,-11.8,0
694,694.05,-19583,-238.99,0.06,-11.8,0
695,695.07,-19602,-239.24,0.04,-11.7,0
696,696.09,-19622,-239.50,0.02,-11.7,0
697,697.11,-19637,-239.76,-0.05,-11.7,0
698,698.12,-19658,-240.01,-0.04,-11.7,0
699,699.06,-19677,-240.24,-0.05,-11.8,0
700,700.07,-19698,-240.50,-0.04,-11.8,0
701,701.09,-19719,-240.75,-0.04,-11.8,0
702,702.04,-19744,-240.99,0.02,-11.8,0
703,703.05,-19763,-241.24,0.01,-11.9,0
704,704.07,-19784,-241.49,0.01,-11.9,0
705,705.09,-19805,-241.75,0.01,-11.8,0
706,706.09,-19827,-242.00,0.02,-11.8,0
707,707.12,-19850,-242.26,0.05,-11.8,0
708,708.04,-19874,-242.49,0.11,-11.7,0
709,709.05,-19890,-242.74,0.06,-11.6,0
710,710.07,-19911,-243.00,0.06,-11.5,0
711,711.10,-19929,-243.25,0.02,-11.5,0
712,712.11,-19948,-243.50,0.00,-11.5,0
713,713.04,-19965,-243.74,-0.02,-11.5,0
714,714.05,-19986,-243.99,-0.02,-11.5,0
715,715.06,-20002,-244.24,-0.07,-11.5,0
716,716.07,-20027,-244.50,-0.02,-11.6,0
717,717.10,-20045,-244.75,-0.06,-11.6,0
718,718.10,-20067,-245.00,-0.05,-11.7,0
719,719.12,-20092,-245.26,0.01,-11.7,0
720,720.05,-20108,-245.49,-0.04,-11.7,0
721,721.07,-20132,-245.74,0.01,-11.7,0
722,722.08,-20156,-246.00,0.05,-11.7,0
723,723.10,-20178,-246.25,0.06,-11.6,0
724,724.11,-20202,-246.51,0.10,-11.6,0
725,725.05,-20218,-246.74,0.06,-11.5,0
726,726.06,-20239,-246.99,0.06,-11.4,0
727,727.07,-20261,-247.25,0.09,-11.4,0
728,728.09,-20277,-247.50,0.02,-11.3,0
729,729.11,-20298,-247.75,0.02,-11.3,0
730,730.12,-20318,-248.01,0.01,-11.3,0
731,731.05,-20334,-248.24,-0.02,-11.4,0
732,732.06,-20354,-248.49,-0.04,-11.4,0
733,733.08,-20375,-248.75,-0.02,-11.4,0
734,734.09,-20397,-249.00,-0.01,-11.5,0
735,735.12,-20411,-249.26,-0.10,-11.5,0
736,736.04,-20438,-249.49,0.00,-11.5,0
737,737.07,-20460,-249.74,0.01,-11.6,0
738,738.09,-20484,-250.00,0.05,-11.5,0
739,739.11,-20507,-250.25,0.07,-11.5,0
740,740.11,-20527,-250.50,0.07,-11.4,0
741,741.04,-20547,-250.74,0.09,-11.4,0
742,742.06,-20569,-250.99,0.10,-11.3,0
743,743.09,-20586,-251.25,0.05,-11.2,0
744,744.11,-20605,-251.50,0.02,-11.1,0
745,745.13,-20626,-251.76,0.02,-11.1,0
746,746.05,-20640,-251.99,-0.04,-11.1,0
747,747.06,-20661,-252.24,-0.04,-11.2,0
748,748.07,-20679,-252.49,-0.06,-11.2,0
749,749.09,-20703,-252.75,-0.02,-11.3,0
750,750.10,-20725,-253.00,-0.01,-11.3,0
751,751.11,-20744,-253.25,-0.04,-11.4,0
752,752.12,-20767,-253.51,0.00,-11.4,0
753,753.12,-20787,-253.76,-0.01,-11.4,0
754,754.05,-20808,-253.99,0.01,-11.4,0
755,755.07,-20830,-254.25,0.02,-11.3,0
756,756.09,-20853,-254.50,0.05,-11.3,0
757,757.11,-20878,-254.75,0.10,-11.2,0
758,758.04,-20898,-254.99,0.11,-11.1,0
759,759.06,-20915,-255.24,0.07,-11.0,0
760,760.06,-20931,-255.49,0.01,-11.0,0
761,761.09,-20954,-255.75,0.04,-11.0,0
762,762.10,-20971,-256.00,-0.01,-10.9,0
763,763.13,-20989,-256.26,-0.05,-11.0,0
764,764.05,-21009,-256.49,-0.04,-11.0,0
765,765.06,-21027,-256.74,-0.06,-11.0,0
766,766.07,-21047,-257.00,-0.07,-11.1,0
767,767.10,-21071,-257.25,-0.04,-11.1,0
768,768.11,-21092,-257.50,-0.04,-11.2,0
769,769.05,-21112,-257.74,-0.02,-11.2,0
770,770.06,-21136,-257.99,0.01,-11.2,0
771,771.07,-21159,-258.24,0.05,-11.1,0
772,772.09,-21185,-258.50,0.11,-11.1,0
773,773.10,-21204,-258.75,0.09,-11.0,0
774,774.11,-21225,-259.00,0.09,-10.9,0
775,775.04,-21244,-259.24,0.09,-10.8,0
776,776.06,-21260,-259.49,0.02,-10.8,0
777,777.09,-21279,-259.75,0.00,-10.7,0
778,778.09,-21302,-260.00,0.04,-10.7,0
779,779.11,-21317,-260.25,-0.04,-10.7,0
780,780.12,-21337,-260.51,-0.05,-10.8,0
781,781.04,-21356,-260.74,-0.05,-10.8,0
782,782.06,-21377,-260.99,-0.05,-10.9,0
783,783.08,-21398,-261.25,-0.04,-10.9,0
784,784.10,-21420,-261.50,-0.02,-10.9,0
785,785.12,-21440,-261.76,-0.04,-11.0,0
786,786.12,-21463,-262.01,-0.01,-11.0,0
787,787.06,-21481,-262.24,-0.02,-11.0,0
788,788.07,-21509,-262.50,0.06,-10.9,0
789,789.10,-21530,-262.75,0.06,-10.8,0
790,790.11,-21552,-263.00,0.09,-10.7,0
791,791.13,-21573,-263.26,0.09,-10.7,0
792,792.05,-21588,-263.49,0.04,-10.6,0
793,793.06,-21609,-263.74,0.04,-10.6,0
794,794.07,-21626,-264.00,-0.01,-10.6,0
795,795.10,-21645,-264.25,-0.02,-10.6,0
796,796.11,-21665,-264.50,-0.04,-10.7,0
797,797.13,-21685,-264.76,-0.05,-10.7,0
798,798.05,-21704,-264.99,-0.05,-10.7,0
799,799.07,-21724,-265.25,-0.06,-10.7,0
800,800.08,-21748,-265.50,-0.02,-10.8,0
801,801.10,-21769,-265.75,-0.01,-10.8,0
802,802.11,-21789,-266.01,-0.02,-10.8,0
803,803.04,-21811,-266.24,0.01,-10.8,0
804,804.05,-21834,-266.49,0.04,-10.8,0
805,805.07,-21855,-266.75,0.04,-10.8,0
806,806.08,-21879,-267.00,0.09,-10.7,0
807,807.07,-21897,-267.25,0.05,-10.6,0
808,808.10,-21919,-267.50,0.06,-10.6,0
809,809.11,-21935,-267.75,0.01,-10.5,0
810,810.12,-21957,-268.01,0.02,-10.5,0
811,811.05,-21974,-268.24,0.00,-10.5,0
812,812.05,-21992,-268.49,-0.04,-10.6,0
813,813.06,-22014,-268.74,-0.01,-10.6,0
814,814.06,-22033,-268.99,-0.04,-10.6,0
815,815.07,-22055,-269.24,-0.02,-10.7,0
816,816.10,-22073,-269.50,-0.06,-10.7,0
817,817.12,-22096,-269.76,-0.04,-10.8,0
818,818.05,-22115,-269.99,-0.04,-10.8,0
819,819.06,-22141,-270.24,0.04,-10.8,0
820,820.07,-22161,-270.50,0.02,-10.8,0
821,821.10,-22186,-270.75,0.07,-10.7,0
822,822.11,-22205,-271.00,0.05,-10.6,0
823,823.04,-22224,-271.24,0.05,-10.6,0
824,824.06,-22245,-271.49,0.05,-10.5,0
825,825.07,-22264,-271.75,0.04,-10.5,0
826,826.10,-22282,-272.00,0.00,-10.4,0
827,827.12,-22305,-272.26,0.02,-10.5,0
828,828.04,-22320,-272.49,-0.02,-10.5,0
829,829.07,-22343,-272.74,0.00,-10.5,0
830,830.09,-22361,-273.00,-0.04,-10.5,0
831,831.11,-22383,-273.26,-0.02,-10.6,0
832,832.13,-22402,-273.51,-0.05,-10.6,0
833,833.06,-22423,-273.74,-0.02,-10.6,0
834,834.08,-22443,-274.00,-0.04,-10.7,0
835,835.10,-22466,-274.25,-0.01,-10.7,0
836,836.12,-22489,-274.51,0.01,-10.7,0
837,837.05,-22509,-274.74,0.02,-10.6,0
838,838.07,-22532,-275.00,0.05,-10.6,0
839,839.09,-22555,-275.25,0.09,-10.5,0
840,840.09,-22570,-275.50,0.01,-10.5,0
841,841.12,-22591,-275.75,0.01,-10.4,0
842,842.04,-22613,-275.99,0.05,-10.4,0
843,843.06,-22630,-276.24,0.00,-10.4,0
844,844.07,-22647,-276.50,-0.05,-10.5,0
845,845.11,-22666,-276.75,-0.07,-10.5,0
846,846.12,-22688,-277.01,-0.06,-10.5,0
847,847.05,-22709,-277.24,-0.04,-10.6,0
848,848.06,-22729,-277.49,-0.04,-10.6,0
849,849.09,-22749,-277.75,-0.05,-10.7,0
850,850.11,-22772,-278.00,-0.02,-10.7,0
851,851.12,-22795,-278.26,0.00,-10.7,0
852,852.04,-22816,-278.49,0.02,-10.7,0
853,853.07,-22840,-278.74,0.06,-10.6,0
854,854.09,-22863,-279.00,0.09,-10.6,0
855,855.11,-22879,-279.26,0.02,-10.5,0
856,856.12,-22900,-279.51,0.04,-10.5,0
857,857.05,-22916,-279.74,0.00,-10.4,0
858,858.07,-22941,-280.00,0.05,-10.4,0
859,859.09,-22959,-280.25,0.01,-10.4,0
860,860.10,-22974,-280.50,-0.06,-10.4,0
861,861.11,-22997,-280.75,-0.02,-10.5,0
862,862.04,-23013,-280.99,-0.07,-10.5,0
863,863.06,-23036,-281.24,-0.04,-10.6,0
864,864.07,-23055,-281.49,-0.06,-10.6,0
865,865.09,-23076,-281.75,-0.06,-10.7,0
866,866.10,-23099,-282.00,-0.04,-10.7,0
867,867.12,-23120,-282.26,-0.02,-10.7,0
868,868.05,-23143,-282.49,0.01,-10.7,0
869,869.06,-23165,-282.74,0.04,-10.7,0
870,870.07,-23188,-283.00,0.06,-10.6,0
871,871.10,-23210,-283.25,0.07,-10.6,0
872,872.11,-23227,-283.50,0.02,-10.5,0
873,873.12,-23247,-283.76,0.02,-10.5,0
874,874.04,-23268,-283.99,0.05,-10.5,0
875,875.06,-23284,-284.24,-0.01,-10.5,0
876,876.06,-23307,-284.49,0.01,-10.5,0
877,877.09,-23323,-284.75,-0.05,-10.5,0
878,878.11,-23343,-285.00,-0.06,-10.5,0
879,879.12,-23365,-285.26,-0.04,-10.6,0
880,880.06,-23384,-285.49,-0.04,-10.6,0
881,881.07,-23406,-285.74,-0.02,-10.6,0
882,882.09,-23425,-286.00,-0.05,-10.7,0
883,883.11,-23451,-286.25,0.01,-10.7,0
884,884.12,-23473,-286.51,0.02,-10.7,0
885,885.05,-23490,-286.74,0.00,-10.7,0
886,886.06,-23518,-286.99,0.09,-10.6,0
887,887.08,-23535,-287.25,0.05,-10.6,0
888,888.10,-23555,-287.50,0.04,-10.5,0
889,889.12,-23574,-287.76,0.01,-10.5,0
890,890.04,-23593,-287.99,0.01,-10.5,0
891,891.06,-23614,-288.24,0.01,-10.5,0
892,892.08,-23632,-288.50,-0.02,-10.5,0
893,893.09,-23650,-288.75,-0.05,-10.5,0
894,894.10,-23672,-289.00,-0.04,-10.5,0
895,895.12,-23694,-289.26,-0.02,-10.5,0
896,896.06,-23713,-289.49,-0.02,-10.6,0
897,897.07,-23731,-289.75,-0.06,-10.6,0
898,898.10,-23755,-290.00,-0.02,-10.6,0
899,899.12,-23776,-290.26,-0.02,-10.6,0
900,900.12,-23801,-290.51,0.04,-10.6,0
901,901.05,-23820,-290.74,0.04,-10.6,0
902,902.07,-23839,-291.00,0.01,-10.5,0
903,903.08,-23860,-291.25,0.01,-10.5,0
904,904.10,-23883,-291.50,0.04,-10.4,0
905,905.09,-23906,-291.75,0.07,-10.4,0
906,906.11,-23924,-292.00,0.04,-10.4,0
907,907.04,-23940,-292.24,0.00,-10.4,0
908,908.06,-23963,-292.49,0.02,-10.4,0
909,909.09,-23984,-292.75,0.02,-10.4,0
910,910.10,-23999,-293.00,-0.05,-10.5,0
911,911.11,-24021,-293.25,-0.02,-10.5,0
912,912.12,-24042,-293.51,-0.02,-10.5,0
913,913.07,-24061,-293.75,-0.04,-10.5,0
914,914.09,-24083,-294.00,-0.01,-10.5,0
915,915.11,-24107,-294.25,0.02,-10.5,0
916,916.05,-24127,-294.49,0.02,-10.5,0
917,917.07,-24147,-294.74,0.02,-10.5,0
918,918.09,-24168,-295.00,0.02,-10.5,0
919,919.11,-24190,-295.25,0.04,-10.5,0
920,920.12,-24210,-295.51,0.02,-10.5,0
921,921.05,-24228,-295.74,0.01,-10.5,0
922,922.06,-24248,-295.99,0.00,-10.5,0
923,923.08,-24266,-296.25,-0.04,-10.5,0
924,924.10,-24289,-296.50,0.00,-10.5,0
925,925.12,-24312,-296.76,0.02,-10.5,0
926,926.04,-24328,-296.99,-0.01,-10.5,0
927,927.05,-24352,-297.24,0.02,-10.5,0
928,928.07,-24369,-297.49,-0.02,-10.5,0
929,929.09,-24392,-297.75,0.00,-10.5,0
930,930.11,-24411,-298.00,-0.02,-10.5,0
931,931.04,-24431,-298.24,-0.01,-10.6,0
932,932.06,-24450,-298.49,-0.04,-10.6,0
933,933.08,-24474,-298.75,0.01,-10.6,0
934,934.09,-24497,-299.00,0.04,-10.5,0
935,935.12,-24515,-299.26,0.00,-10.5,0
936,936.04,-24537,-299.49,0.04,-10.5,0
937,937.05,-24557,-299.74,0.02,-10.4,0
938,938.06,-24577,-299.99,0.02,-10.5,0
939,939.08,-24598,-300.25,0.02,-10.5,0
940,940.09,-24614,-300.50,-0.04,-10.5,0
941,941.12,-24636,-300.76,-0.02,-10.5,0
942,942.13,-24658,-301.01,-0.01,-10.5,0
943,943.06,-24679,-301.24,0.01,-10.5,0
944,944.08,-24698,-301.50,-0.01,-10.5,0
945,945.11,-24720,-301.75,0.00,-10.5,0
946,946.12,-24737,-302.01,-0.04,-10.6,0
947,947.13,-24762,-302.26,0.01,-10.6,0
948,948.05,-24780,-302.49,0.00,-10.6,0
949,949.07,-24800,-302.74,-0.01,-10.6,0
950,950.09,-24823,-303.00,0.01,-10.5,0
951,951.11,-24846,-303.25,0.04,-10.5,0
952,952.13,-24865,-303.51,0.01,-10.5,0
953,953.06,-24884,-303.74,0.01,-10.5,0
954,954.07,-24902,-303.99,-0.01,-10.5,0
955,955.09,-24923,-304.25,-0.01,-10.5,0
956,956.11,-24945,-304.51,0.00,-10.5,0
957,957.04,-24959,-304.74,-0.06,-10.5,0
958,958.05,-24982,-304.99,-0.04,-10.5,0
959,959.07,-25004,-305.24,-0.02,-10.6,0
960,960.09,-25026,-305.50,-0.01,-10.6,0
961,961.12,-25047,-305.76,-0.01,-10.6,0
962,962.12,-25067,-306.01,-0.01,-10.6,0
963,963.06,-25086,-306.24,-0.01,-10.6,0
964,964.08,-25112,-306.50,0.05,-10.6,0
965,965.09,-25129,-306.75,0.00,-10.6,0
966,966.10,-25149,-307.00,-0.01,-10.5,0
967,967.11,-25172,-307.25,0.02,-10.5,0
968,968.12,-25188,-307.51,-0.04,-10.5,0
969,969.05,-25209,-307.74,-0.01,-10.5,0
970,970.06,-25231,-307.99,0.00,-10.5,0
971,971.07,-25251,-308.24,0.00,-10.6,0
972,972.08,-25271,-308.50,-0.01,-10.6,0
973,973.10,-25293,-308.75,0.00,-10.6,0
974,974.12,-25312,-309.01,-0.02,-10.6,0
975,975.04,-25331,-309.24,-0.02,-10.6,0
976,976.05,-25354,-309.49,0.00,-10.6,0
977,977.08,-25375,-309.75,0.01,-10.6,0
978,978.10,-25396,-310.00,0.01,-10.6,0
979,979.12,-25415,-310.26,-0.01,-10.6,0
980,980.05,-25436,-310.49,0.01,-10.6,0
981,981.07,-25459,-310.74,0.04,-10.6,0
982,982.09,-25477,-311.00,0.00,-10.5,0
983,983.12,-25497,-311.26,-0.01,-10.5,0
984,984.04,-25518,-311.49,0.01,-10.5,0
985,985.06,-25534,-311.74,-0.05,-10.6,0
986,986.08,-25556,-312.00,-0.04,-10.6,0
987,987.10,-25578,-312.25,-0.02,-10.6,0
988,988.12,-25599,-312.51,-0.02,-10.6,0
989,989.05,-25619,-312.74,-0.01,-10.7,0
990,990.07,-25637,-313.00,-0.05,-10.7,0
991,991.09,-25660,-313.25,-0.01,-10.7,0
992,992.10,-25680,-313.50,-0.02,-10.7,0
993,993.12,-25702,-313.76,-0.01,-10.7,0
994,994.12,-25720,-314.01,-0.04,-10.8,0
995,995.05,-25743,-314.24,0.00,-10.7,0
996,996.07,-25765,-314.49,0.02,-10.7,0
997,997.09,-25786,-314.75,0.02,-10.7,0
998,998.11,-25807,-315.00,0.02,-10.7,0
999,999.12,-25828,-315.26,0.02,-10.7,0
1000,1000.06,-25842,-315.49,-0.04,-10.7,0
1001,1001.07,-25864,-315.74,-0.02,-10.7,0
1002,1002.08,-25883,-316.00,-0.05,-10.8,0
1003,1003.11,-25903,-316.25,-0.05,-10.8,0
1004,1004.12,-25926,-316.51,-0.02,-10.8,0
1005,1005.05,-25944,-316.74,-0.04,-10.9,0
1006,1006.07,-25965,-316.99,-0.04,-10.9,0
1007,1007.09,-25990,-317.25,0.01,-10.9,0
1008,1008.11,-26008,-317.50,-0.02,-10.9,0
1009,1009.13,-26032,-317.76,0.01,-10.9,0
1010,1010.06,-26053,-317.99,0.04,-10.9,0
1011,1011.06,-26075,-318.24,0.05,-10.9,0
1012,1012.08,-26094,-318.50,0.04,-10.8,0
1013,1013.08,-26114,-318.75,0.02,-10.8,0
1014,1014.10,-26133,-319.00,0.00,-10.8,0
1015,1015.12,-26155,-319.26,0.02,-10.8,0
1016,1016.12,-26172,-319.51,-0.02,-10.8,0
1017,1017.05,-26190,-319.74,-0.04,-10.8,0
1018,1018.06,-26207,-319.99,-0.09,-10.8,0
1019,1019.09,-26230,-320.25,-0.06,-10.9,0
1020,1020.10,-26250,-320.50,-0.07,-11.0,0
1021,1021.12,-26270,-320.76,-0.07,-11.0,0
1022,1022.04,-26294,-320.99,-0.01,-11.0,0
1023,1023.06,-26315,-321.24,-0.01,-11.1,0
1024,1024.06,-26338,-321.49,0.01,-11.1,0
1025,1025.09,-26358,-321.75,0.00,-11.0,0
1026,1026.08,-26377,-322.00,-0.01,-11.0,0
1027,1027.09,-26400,-322.25,0.01,-11.0,0
1028,1028.11,-26421,-322.50,0.01,-11.0,0
1029,1029.13,-26443,-322.76,0.04,-10.9,0
1030,1030.06,-26460,-322.99,0.01,-10.9,0
1031,1031.07,-26478,-323.25,-0.02,-10.9,0
1032,1032.10,-26498,-323.50,-0.04,-10.9,0
1033,1033.12,-26517,-323.76,-0.06,-10.9,0
1034,1034.04,-26536,-323.99,-0.06,-10.9,0
1035,1035.06,-26557,-324.24,-0.06,-11.0,0
1036,1036.06,-26579,-324.49,-0.04,-11.0,0
1037,1037.07,-26599,-324.75,-0.05,-11.1,0
1038,1038.09,-26623,-325.00,-0.01,-11.1,0
1039,1039.11,-26643,-325.25,-0.02,-11.1,0
1040,1040.12,-26664,-325.51,-0.02,-11.1,0
1041,1041.04,-26688,-325.74,0.04,-11.1,0
1042,1042.07,-26707,-325.99,0.02,-11.1,0
1043,1043.09,-26732,-326.25,0.07,-11.0,0
1044,1044.10,-26754,-326.50,0.09,-11.0,0
1045,1045.12,-26771,-326.76,0.04,-10.9,0
1046,1046.05,-26791,-326.99,0.05,-10.9,0
1047,1047.08,-26810,-327.25,0.02,-10.9,0
1048,1048.09,-26829,-327.50,0.00,-10.9,0
1049,1049.11,-26848,-327.75,-0.02,-10.9,0
1050,1050.04,-26870,-327.99,0.01,-10.9,0
1051,1051.05,-26887,-328.24,-0.02,-10.9,0
1052,1052.07,-26910,-328.49,0.00,-11.0,0
1053,1053.09,-26928,-328.75,-0.04,-11.0,0
1054,1054.10,-26952,-329.00,0.00,-11.0,0
1055,1055.13,-26974,-329.26,0.01,-11.0,0
1056,1056.05,-26993,-329.49,0.01,-11.0,0
1057,1057.07,-27015,-329.75,0.02,-11.0,0
1058,1058.09,-27035,-330.00,0.01,-11.0,0
1059,1059.12,-27055,-330.26,0.00,-10.9,0
1060,1060.04,-27080,-330.49,0.07,-10.9,0
1061,1061.05,-27099,-330.74,0.06,-10.8,0
1062,1062.07,-27120,-331.00,0.06,-10.8,0
1063,1063.09,-27139,-331.25,0.04,-10.7,0
1064,1064.11,-27155,-331.50,-0.02,-10.7,0
1065,1065.12,-27174,-331.76,-0.05,-10.8,0
1066,1066.05,-27195,-331.99,-0.02,-10.8,0
1067,1067.06,-27213,-332.24,-0.05,-10.8,0
1068,1068.09,-27236,-332.50,-0.02,-10.9,0
1069,1069.11,-27259,-332.75,0.00,-10.9,0
1070,1070.12,-27277,-333.01,-0.04,-11.0,0
1071,1071.05,-27300,-333.24,0.01,-11.0,0
1072,1072.07,-27322,-333.50,0.02,-11.0,0
1073,1073.09,-27342,-333.75,0.01,-10.9,0
1074,1074.10,-27365,-334.00,0.05,-10.9,0
1075,1075.12,-27387,-334.26,0.06,-10.9,0
1076,1076.06,-27405,-334.49,0.04,-10.8,0
1077,1077.07,-27431,-334.74,0.11,-10.7,0
1078,1078.09,-27445,-335.00,0.02,-10.7,0
1079,1079.11,-27466,-335.25,0.02,-10.6,0
1080,1080.12,-27484,-335.51,-0.01,-10.6,0
1081,1081.05,-27502,-335.74,-0.02,-10.6,0
1082,1082.06,-27517,-335.99,-0.09,-10.7,0
1083,1083.07,-27542,-336.24,-0.04,-10.7,0
1084,1084.08,-27560,-336.50,-0.07,-10.8,0
1085,1085.11,-27584,-336.75,-0.04,-10.8,0
1086,1086.12,-27606,-337.01,-0.02,-10.8,0
1087,1087.05,-27624,-337.24,-0.04,-10.9,0
1088,1088.07,-27647,-337.50,-0.01,-10.9,0
1089,1089.09,-27669,-337.75,0.01,-10.8,0
1090,1090.10,-27692,-338.00,0.04,-10.8,0
1091,1091.10,-27716,-338.25,0.07,-10.8,0
1092,1092.04,-27732,-338.49,0.04,-10.7,0
1093,1093.06,-27755,-338.74,0.06,-10.6,0
1094,1094.08,-27774,-339.00,0.04,-10.6,0
1095,1095.11,-27798,-339.25,0.07,-10.6,0
1096,1096.11,-27812,-339.50,0.00,-10.5,0
1097,1097.13,-27832,-339.76,-0.01,-10.5,0
1098,1098.05,-27850,-339.99,-0.02,-10.6,0
1099,1099.07,-27867,-340.24,-0.07,-10.6,0
1100,1100.09,-27890,-340.50,-0.05,-10.7,0
1101,1101.11,-27908,-340.76,-0.09,-10.7,0
1102,1102.12,-27931,-341.01,-0.05,-10.8,0
1103,1103.06,-27955,-341.24,0.01,-10.8,0
1104,1104.06,-27977,-341.49,0.02,-10.8,0
1105,1105.08,-27995,-341.75,-0.01,-10.8,0
1106,1106.10,-28019,-342.00,0.02,-10.8,0
1107,1107.11,-28040,-342.25,0.04,-10.8,0
1108,1108.04,-28059,-342.49,0.02,-10.7,0
1109,1109.07,-28081,-342.74,0.04,-10.7,0
1110,1110.08,-28103,-343.00,0.06,-10.6,0
1111,1111.10,-28123,-343.25,0.05,-10.5,0
1112,1112.11,-28141,-343.51,0.01,-10.5,0
1113,1113.13,-28158,-343.76,-0.04,-10.5,0
1114,1114.05,-28175,-343.99,-0.06,-10.6,0
1115,1115.07,-28196,-344.25,-0.06,-10.6,0
1116,1116.09,-28214,-344.50,-0.09,-10.7,0
1117,1117.12,-28235,-344.76,-0.10,-10.8,0
1118,1118.12,-28261,-345.01,-0.02,-10.8,0
1119,1119.06,-28278,-345.24,-0.05,-10.8,0
1120,1120.07,-28302,-345.50,-0.01,-10.9,0
1121,1121.10,-28325,-345.75,0.01,-10.9,0
1122,1122.11,-28347,-346.00,0.02,-10.8,0
1123,1123.13,-28372,-346.26,0.07,-10.8,0
1124,1124.08,-28391,-346.50,0.07,-10.7,0
1125,1125.09,-28412,-346.75,0.07,-10.6,0
1126,1126.11,-28432,-347.00,0.06,-10.6,0
1127,1127.12,-28446,-347.26,-0.01,-10.6,0
1128,1128.04,-28468,-347.49,0.02,-10.5,0
1129,1129.04,-28485,-347.74,-0.02,-10.5,0
1130,1130.05,-28507,-347.99,0.00,-10.5,0
1131,1131.08,-28524,-348.25,-0.05,-10.6,0
1132,1132.10,-28543,-348.50,-0.07,-10.6,0
1133,1133.11,-28565,-348.76,-0.06,-10.7,0
1134,1134.04,-28583,-348.99,-0.07,-10.7,0
1135,1135.05,-28608,-349.24,-0.02,-10.8,0
1136,1136.06,-28630,-349.49,-0.01,-10.8,0
1137,1137.09,-28651,-349.75,0.00,-10.8,0
1138,1138.10,-28675,-350.00,0.04,-10.8,0
1139,1139.11,-28696,-350.25,0.04,-10.8,0
1140,1140.04,-28716,-350.49,0.05,-10.7,0
1141,1141.04,-28739,-350.74,0.09,-10.7,0
1142,1142.06,-28758,-350.99,0.06,-10.6,0
1143,1143.08,-28778,-351.25,0.05,-10.5,0
1144,1144.09,-28794,-351.50,-0.01,-10.5,0
1145,1145.11,-28814,-351.76,-0.02,-10.5,0
1146,1146.12,-28832,-352.01,-0.05,-10.5,0
1147,1147.05,-28850,-352.24,-0.06,-10.6,0
1148,1148.05,-28869,-352.49,-0.09,-10.6,0
1149,1149.06,-28888,-352.74,-0.11,-10.7,0
1150,1150.06,-28911,-352.99,-0.07,-10.8,0
1151,1151.08,-28933,-353.25,-0.06,-10.8,0
1152,1152.09,-28955,-353.50,-0.05,-10.8,0
1153,1153.10,-28979,-353.75,0.00,-10.8,0
1154,1154.11,-28998,-354.01,-0.02,-10.8,0
1155,1155.04,-29023,-354.24,0.05,-10.8,0
1156,1156.07,-29046,-354.49,0.07,-10.8,0
1157,1157.08,-29067,-354.75,0.07,-10.7,0
1158,1158.09,-29088,-355.00,0.07,-10.6,0
1159,1159.11,-29108,-355.25,0.07,-10.6,0
1160,1160.12,-29129,-355.51,0.07,-10.5,0
1161,1161.05,-29141,-355.74,-0.01,-10.5,0
1162,1162.06,-29158,-355.99,-0.06,-10.5,0
1163,1163.08,-29180,-356.25,-0.05,-10.6,0
1164,1164.09,-29200,-356.50,-0.05,-10.6,0
1165,1165.11,-29222,-356.75,-0.04,-10.7,0
1166,1166.04,-29243,-356.99,-0.01,-10.7,0
1167,1167.06,-29259,-357.24,-0.07,-10.8,0
1168,1168.08,-29281,-357.50,-0.06,-10.8,0
1169,1169.10,-29305,-357.75,-0.02,-10.8,0
1170,1170.11,-29328,-358.00,0.00,-10.9,0
1171,1171.05,-29349,-358.24,0.02,-10.8,0
1172,1172.06,-29374,-358.49,0.07,-10.8,0
1173,1173.09,-29397,-358.75,0.10,-10.7,0
1174,1174.10,-29415,-359.00,0.07,-10.6,0
1175,1175.12,-29436,-359.26,0.07,-10.6,0
1176,1176.05,-29452,-359.49,0.04,-10.5,0
1177,1177.06,-29470,-359.74,0.00,-10.5,0
1178,1178.06,-29486,-359.99,-0.06,-10.5,0
1179,1179.07,-29508,-360.25,-0.04,-10.6,0
1180,1180.09,-29523,-360.50,-0.11,-10.6,0
1181,1181.11,-29549,-360.75,-0.05,-10.7,0
1182,1182.11,-29569,-361.00,-0.06,-10.8,0
1183,1183.05,-29589,-361.24,-0.05,-10.8,0
1184,1184.06,-29612,-361.49,-0.01,-10.8,0
1185,1185.06,-29635,-361.74,0.01,-10.8,0
1186,1186.08,-29654,-362.00,-0.01,-10.9,0
1187,1187.11,-29677,-362.25,0.01,-10.8,0
1188,1188.11,-29700,-362.51,0.05,-10.8,0
1189,1189.05,-29722,-362.74,0.07,-10.7,0
1190,1190.06,-29744,-362.99,0.10,-10.7,0
1191,1191.08,-29764,-363.25,0.09,-10.6,0
1192,1192.08,-29778,-363.50,0.00,-10.6,0
1193,1193.10,-29801,-363.75,0.04,-10.6,0
1194,1194.11,-29814,-364.00,-0.06,-10.6,0
1195,1195.12,-29836,-364.26,-0.05,-10.6,0
1196,1196.04,-29854,-364.49,-0.06,-10.6,0
1197,1197.06,-29875,-364.74,-0.06,-10.7,0
1198,1198.08,-29895,-365.00,-0.07,-10.7,0
1199,1199.10,-29919,-365.25,-0.02,-10.8,0
1200,1200.11,-29938,-365.50,-0.05,-10.8,0
1201,1201.13,-29962,-365.76,-0.01,-10.8,0
1202,1202.05,-29983,-365.99,0.01,-10.8,0
1203,1203.06,-30005,-366.24,0.02,-10.8,0
1204,1204.09,-30030,-366.50,0.07,-10.8,0
1205,1205.11,-30049,-366.76,0.05,-10.7,0
1206,1206.12,-30068,-367.01,0.04,-10.6,0
1207,1207.04,-30088,-367.24,0.05,-10.6,0
1208,1208.05,-30107,-367.49,0.02,-10.5,0
1209,1209.07,-30126,-367.74,0.00,-10.5,0
1210,1210.09,-30147,-368.00,0.01,-10.5,0
1211,1211.10,-30166,-368.25,-0.01,-10.6,0
1212,1212.12,-30184,-368.51,-0.05,-10.6,0
1213,1213.04,-30201,-368.74,-0.07,-10.7,0
1214,1214.07,-30226,-368.99,-0.02,-10.7,0
1215,1215.09,-30247,-369.25,-0.02,-10.8,0
1216,1216.11,-30266,-369.50,-0.05,-10.8,0
1217,1217.13,-30290,-369.76,-0.01,-10.8,0
1218,1218.06,-30311,-369.99,0.01,-10.8,0
1219,1219.06,-30333,-370.24,0.04,-10.8,0
1220,1220.08,-30356,-370.50,0.06,-10.8,0
1221,1221.11,-30378,-370.75,0.07,-10.8,0
1222,1222.12,-30398,-371.01,0.06,-10.7,0
1223,1223.12,-30416,-371.26,0.04,-10.7,0
1224,1224.12,-30435,-371.51,0.01,-10.6,0
1225,1225.06,-30455,-371.74,0.02,-10.6,0
1226,1226.08,-30472,-372.00,-0.02,-10.6,0
1227,1227.09,-30489,-372.25,-0.07,-10.6,0
1228,1228.10,-30511,-372.50,-0.05,-10.7,0
1229,1229.11,-30532,-372.75,-0.05,-10.7,0
1230,1230.04,-30552,-372.99,-0.04,-10.8,0
1231,1231.05,-30572,-373.24,-0.05,-10.8,0
1232,1232.07,-30590,-373.49,-0.09,-10.9,0
1233,1233.09,-30613,-373.75,-0.06,-11.0,0
1234,1234.10,-30636,-374.00,-0.02,-11.0,0
1235,1235.12,-30657,-374.26,-0.02,-11.0,0
1236,1236.04,-30678,-374.49,0.00,-11.0,0
1237,1237.05,-30705,-374.74,0.07,-11.0,0
1238,1238.07,-30725,-375.00,0.06,-10.9,0
1239,1239.09,-30743,-375.25,0.04,-10.9,0
1240,1240.11,-30765,-375.50,0.05,-10.8,0
1241,1241.12,-30782,-375.76,0.00,-10.8,0
1242,1242.04,-30800,-375.99,-0.01,-10.8,0
1243,1243.06,-30820,-376.24,-0.02,-10.8,0
1244,1244.08,-30838,-376.50,-0.06,-10.9,0
1245,1245.10,-30863,-376.75,0.00,-10.9,0
1246,1246.12,-30879,-377.01,-0.06,-11.0,0
1247,1247.05,-30896,-377.24,-0.09,-11.0,0
1248,1248.05,-30920,-377.49,-0.05,-11.1,0
1249,1249.06,-30940,-377.74,-0.06,-11.1,0
1250,1250.09,-30960,-378.00,-0.07,-11.2,0
1251,1251.10,-30984,-378.25,-0.02,-11.2,0
1252,1252.12,-31007,-378.51,0.00,-11.2,0
1253,1253.05,-31029,-378.74,0.04,-11.2,0
1254,1254.07,-31049,-379.00,0.02,-11.2,0
1255,1255.09,-31070,-379.25,0.02,-11.1,0
1256,1256.10,-31092,-379.50,0.04,-11.1,0
1257,1257.12,-31109,-379.76,-0.01,-11.1,0
1258,1258.12,-31131,-380.01,0.01,-11.1,0
1259,1259.05,-31147,-380.24,-0.02,-11.1,0
1260,1260.07,-31167,-380.50,-0.04,-11.1,0
1261,1261.08,-31189,-380.75,-0.02,-11.2,0
1262,1262.09,-31207,-381.00,-0.06,-11.2,0
1263,1263.11,-31227,-381.25,-0.06,-11.3,0
1264,1264.12,-31249,-381.51,-0.05,-11.4,0
1265,1265.05,-31267,-381.74,-0.06,-11.4,0
1266,1266.07,-31289,-382.00,-0.05,-11.5,0
1267,1267.09,-31311,-382.25,-0.04,-11.5,0
1268,1268.11,-31334,-382.50,-0.01,-11.5,0
1269,1269.05,-31356,-382.74,0.02,-11.5,0
1270,1270.06,-31379,-382.99,0.05,-11.5,0
1271,1271.08,-31396,-383.25,0.00,-11.5,0
1272,1272.10,-31421,-383.50,0.06,-11.4,0
1273,1273.12,-31439,-383.76,0.02,-11.4,0
1274,1274.05,-31455,-383.99,-0.01,-11.4,0
1275,1275.06,-31475,-384.24,-0.02,-11.4,0
1276,1276.08,-31493,-384.50,-0.06,-11.5,0
1277,1277.10,-31514,-384.75,-0.06,-11.5,0
1278,1278.12,-31538,-385.01,-0.02,-11.6,0
1279,1279.05,-31551,-385.24,-0.10,-11.6,0
1280,1280.04,-31575,-385.49,-0.05,-11.7,0
1281,1281.06,-31595,-385.74,-0.06,-11.8,0
1282,1282.06,-31610,-385.99,-0.12,-11.8,0
1283,1283.08,-31638,-386.25,-0.04,-11.9,0
1284,1284.10,-31660,-386.50,-0.02,-11.9,0
1285,1285.12,-31684,-386.76,0.01,-11.9,0
1286,1286.05,-31704,-386.99,0.02,-11.8,0
1287,1287.06,-31726,-387.24,0.04,-11.8,0
1288,1288.09,-31749,-387.50,0.06,-11.8,0
1289,1289.11,-31766,-387.75,0.01,-11.7,0
1290,1290.11,-31784,-388.01,-0.01,-11.8,0
1291,1291.05,-31802,-388.24,-0.04,-11.8,0
1292,1292.06,-31820,-388.49,-0.06,-11.8,0
1293,1293.09,-31840,-388.75,-0.07,-11.9,0
1294,1294.10,-31861,-389.00,-0.07,-11.9,0
1295,1295.12,-31885,-389.26,-0.04,-11.9,0
1296,1296.05,-31905,-389.49,-0.02,-12.0,0
1297,1297.06,-31924,-389.74,-0.05,-12.0,0
1298,1298.08,-31944,-390.00,-0.06,-12.1,0
1299,1299.10,-31965,-390.25,-0.05,-12.1,0
1300,1300.11,-31988,-390.50,-0.02,-12.1,0
1301,1301.05,-32010,-390.74,0.01,-12.2,0
1302,1302.05,-32034,-390.99,0.05,-12.1,0
1303,1303.08,-32050,-391.24,-0.01,-12.1,0
1304,1304.10,-32072,-391.50,0.00,-12.1,0
1305,1305.12,-32093,-391.76,0.00,-12.1,0
1306,1306.04,-32113,-391.99,0.01,-12.1,0
1307,1307.07,-32129,-392.24,-0.05,-12.2,0
1308,1308.09,-32151,-392.50,-0.02,-12.2,0
1309,1309.10,-32172,-392.75,-0.02,-12.2,0
1310,1310.11,-32191,-393.00,-0.05,-12.3,0
1311,1311.05,-32212,-393.24,-0.02,-12.3,0
1312,1312.06,-32232,-393.49,-0.04,-12.4,0
1313,1313.08,-32253,-393.75,-0.04,-12.4,0
1314,1314.11,-32276,-394.00,-0.01,-12.4,0
1315,1315.12,-32296,-394.26,-0.02,-12.5,0
1316,1316.04,-32315,-394.49,-0.02,-12.5,0
1317,1317.06,-32339,-394.74,0.02,-12.5,0
1318,1318.07,-32358,-394.99,0.00,-12.5,0
1319,1319.09,-32378,-395.25,-0.01,-12.5,0
1320,1320.11,-32400,-395.50,0.00,-12.5,0
1321,1321.12,-32421,-395.76,0.01,-12.5,0
1322,1322.04,-32438,-395.99,-0.01,-12.5,0
1323,1323.06,-32456,-396.24,-0.05,-12.5,0
1324,1324.08,-32479,-396.50,-0.02,-12.6,0
1325,1325.09,-32500,-396.75,-0.02,-12.6,0
1326,1326.11,-32519,-397.01,-0.05,-12.6,0
1327,1327.13,-32542,-397.26,-0.01,-12.6,0
1328,1328.06,-32557,-397.49,-0.07,-12.7,0
1329,1329.07,-32582,-397.75,-0.01,-12.7,0
1330,1330.10,-32603,-398.00,-0.01,-12.7,0
1331,1331.12,-32623,-398.26,-0.02,-12.7,0
1332,1332.05,-32646,-398.49,0.02,-12.7,0
1333,1333.07,-32666,-398.74,0.01,-12.7,0
1334,1334.09,-32688,-399.00,0.02,-12.7,0
1335,1335.05,-32708,-399.24,0.02,-12.7,0
1336,1336.07,-32726,-399.50,-0.01,-12.7,0
1337,1337.09,-32749,-399.75,0.01,-12.7,0
1338,1338.10,-32768,-400.00,0.00,-12.7,0
1339,1339.11,-32787,-400.25,-0.02,-12.7,0
1340,1340.04,-32806,-400.49,-0.02,-12.7,0
1341,1341.05,-32827,-400.74,-0.02,-12.7,0
1342,1342.06,-32848,-400.99,-0.01,-12.7,0
1343,1343.09,-32869,-401.25,-0.01,-12.8,0
1344,1344.10,-32893,-401.50,0.02,-12.8,0
1345,1345.13,-32911,-401.76,-0.01,-12.8,0
1346,1346.05,-32930,-401.99,-0.01,-12.8,0
1347,1347.05,-32948,-402.24,-0.05,-12.8,0
1348,1348.08,-32974,-402.50,0.02,-12.8,0
1349,1349.09,-32994,-402.75,0.01,-12.8,0
1350,1350.10,-33015,-403.00,0.01,-12.8,0
1351,1351.13,-33037,-403.26,0.02,-12.7,0
1352,1352.05,-33057,-403.49,0.04,-12.7,0
1353,1353.07,-33074,-403.74,-0.01,-12.7,0
1354,1354.10,-33093,-404.00,-0.04,-12.7,0
1355,1355.12,-33115,-404.26,-0.02,-12.8,0
1356,1356.04,-33133,-404.49,-0.04,-12.8,0
1357,1357.06,-33154,-404.74,-0.02,-12.8,0
1358,1358.09,-33180,-405.00,0.02,-12.8,0
1359,1359.11,-33198,-405.25,0.00,-12.8,0
1360,1360.04,-33218,-405.49,0.00,-12.8,0
1361,1361.05,-33237,-405.74,-0.01,-12.8,0
1362,1362.06,-33260,-405.99,0.01,-12.8,0
1363,1363.09,-33281,-406.25,0.01,-12.8,0
1364,1364.10,-33304,-406.50,0.04,-12.8,0
1365,1365.13,-33322,-406.76,0.00,-12.8,0
1366,1366.06,-33340,-406.99,-0.01,-12.8,0
1367,1367.07,-33366,-407.24,0.06,-12.8,0
1368,1368.08,-33385,-407.50,0.04,-12.7,0
1369,1369.10,-33403,-407.75,0.00,-12.8,0
1370,1370.10,-33423,-408.00,-0.01,-12.8,0
1371,1371.13,-33442,-408.26,-0.04,-12.8,0
1372,1372.05,-33462,-408.49,-0.01,-12.8,0
1373,1373.06,-33483,-408.74,-0.01,-12.8,0
1374,1374.08,-33506,-409.00,0.01,-12.8,0
1375,1375.10,-33523,-409.25,-0.04,-12.8,0
1376,1376.11,-33546,-409.51,-0.01,-12.9,0
1377,1377.05,-33564,-409.74,-0.02,-12.8,0
1378,1378.07,-33584,-410.00,-0.04,-12.9,0
1379,1379.09,-33606,-410.25,-0.01,-12.8,0
1380,1380.10,-33628,-410.50,0.00,-12.8,0
1381,1381.12,-33653,-410.76,0.05,-12.8,0
1382,1382.04,-33668,-410.99,0.00,-12.8,0
1383,1383.05,-33689,-411.24,0.00,-12.7,0
1384,1384.07,-33709,-411.49,-0.01,-12.7,0
1385,1385.09,-33730,-411.75,-0.01,-12.7,0
1386,1386.09,-33745,-412.00,-0.07,-12.8,0
1387,1387.11,-33768,-412.26,-0.05,-12.8,0
1388,1388.04,-33792,-412.49,0.01,-12.8,0
1389,1389.06,-33808,-412.74,-0.05,-12.9,0
1390,1390.06,-33832,-412.99,0.00,-12.9,0
1391,1391.09,-33853,-413.25,0.00,-12.9,0
1392,1392.10,-33871,-413.50,-0.04,-13.0,0
1393,1393.11,-33894,-413.75,-0.01,-13.0,0
1394,1394.04,-33912,-413.99,-0.02,-13.0,0
1395,1395.06,-33935,-414.24,0.00,-13.0,0
1396,1396.07,-33956,-414.49,0.01,-13.0,0
1397,1397.09,-33979,-414.75,0.04,-12.9,0
1398,1398.10,-33998,-415.00,0.01,-12.9,0
1399,1399.12,-34018,-415.26,0.00,-12.9,0
1400,1400.04,-34035,-415.49,-0.02,-12.9,0
1401,1401.06,-34054,-415.74,-0.05,-12.9,0
1402,1402.06,-34075,-415.99,-0.04,-12.9,0
1403,1403.07,-34097,-416.25,-0.02,-13.0,0
1404,1404.08,-34116,-416.50,-0.05,-13.0,0
1405,1405.09,-34138,-416.75,-0.02,-13.0,0
1406,1406.11,-34159,-417.00,-0.02,-13.1,0
1407,1407.13,-34181,-417.26,-0.01,-13.1,0
1408,1408.06,-34200,-417.49,-0.01,-13.1,0
1409,1409.07,-34225,-417.74,0.04,-13.1,0
1410,1410.09,-34241,-418.00,-0.01,-13.1,0
1411,1411.11,-34267,-418.25,0.05,-13.1,0
1412,1412.13,-34285,-418.51,0.01,-13.1,0
1413,1413.06,-34303,-418.74,0.00,-13.0,0
1414,1414.06,-34329,-418.99,0.06,-13.0,0
1415,1415.07,-34344,-419.24,-0.01,-13.0,0
1416,1416.09,-34364,-419.50,-0.01,-13.0,0
1417,1417.11,-34386,-419.76,0.00,-13.0,0
1418,1418.04,-34400,-419.99,-0.06,-13.0,0
1419,1419.06,-34421,-420.24,-0.06,-13.1,0
1420,1420.07,-34447,-420.50,0.00,-13.1,0
1421,1421.10,-34465,-420.75,-0.04,-13.2,0
1422,1422.11,-34486,-421.01,-0.04,-13.2,0
1423,1423.05,-34506,-421.24,-0.02,-13.2,0
1424,1424.05,-34525,-421.49,-0.05,-13.2,0
1425,1425.06,-34551,-421.74,0.02,-13.2,0
1426,1426.09,-34572,-422.00,0.02,-13.2,0
1427,1427.10,-34594,-422.25,0.04,-13.2,0
1428,1428.12,-34614,-422.51,0.02,-13.2,0
1429,1429.05,-34636,-422.74,0.06,-13.1,0
1430,1430.07,-34656,-422.99,0.05,-13.1,0
1431,1431.09,-34673,-423.25,0.01,-13.0,0
1432,1432.08,-34694,-423.50,0.01,-13.1,0
1433,1433.11,-34715,-423.75,0.01,-13.1,0
1434,1434.12,-34728,-424.01,-0.09,-13.1,0
1435,1435.04,-34747,-424.24,-0.09,-13.2,0
1436,1436.07,-34771,-424.49,-0.05,-13.3,0
1437,1437.09,-34793,-424.75,-0.02,-13.3,0
1438,1438.11,-34814,-425.00,-0.02,-13.4,0
1439,1439.13,-34835,-425.26,-0.02,-13.4,0
1440,1440.06,-34857,-425.49,0.01,-13.4,0
1441,1441.08,-34880,-425.75,0.04,-13.4,0
1442,1442.10,-34898,-426.00,0.00,-13.4,0
1443,1443.11,-34923,-426.25,0.05,-13.3,0
1444,1444.05,-34945,-426.49,0.09,-13.3,0
1445,1445.06,-34960,-426.74,0.01,-13.2,0
1446,1446.08,-34984,-427.00,0.05,-13.2,0
1447,1447.11,-34999,-427.25,-0.02,-13.1,0
1448,1448.12,-35022,-427.51,0.01,-13.1,0
1449,1449.05,-35040,-427.74,0.00,-13.2,0
1450,1450.06,-35054,-427.99,-0.09,-13.2,0
1451,1451.08,-35079,-428.25,-0.04,-13.2,0
1452,1452.09,-35101,-428.50,-0.02,-13.3,0
1453,1453.11,-35123,-428.75,0.00,-13.4,0
1454,1454.12,-35144,-429.01,0.00,-13.4,0
1455,1455.05,-35161,-429.24,-0.02,-13.4,0
1456,1456.06,-35185,-429.49,0.01,-13.4,0
1457,1457.08,-35208,-429.75,0.04,-13.4,0
1458,1458.10,-35230,-430.00,0.05,-13.3,0
1459,1459.12,-35253,-430.26,0.07,-13.3,0
1460,1460.13,-35272,-430.51,0.06,-13.2,0
1461,1461.06,-35291,-430.74,0.06,-13.2,0
1462,1462.08,-35312,-431.00,0.06,-13.1,0
1463,1463.10,-35331,-431.25,0.04,-13.1,0
1464,1464.12,-35348,-431.51,-0.01,-13.1,0
1465,1465.04,-35364,-431.74,-0.05,-13.1,0
1466,1466.06,-35386,-431.99,-0.04,-13.2,0
1467,1467.08,-35407,-432.25,-0.04,-13.2,0
1468,1468.09,-35427,-432.50,-0.04,-13.3,0
1469,1469.11,-35450,-432.75,-0.01,-13.3,0
1470,1470.13,-35471,-433.01,-0.01,-13.3,0
1471,1471.05,-35490,-433.24,-0.01,-13.4,0
1472,1472.08,-35511,-433.50,-0.01,-13.4,0
1473,1473.09,-35532,-433.75,-0.01,-13.4,0
1474,1474.11,-35556,-434.01,0.02,-13.4,0
1475,1475.04,-35578,-434.24,0.06,-13.3,0
1476,1476.06,-35601,-434.49,0.09,-13.3,0
1477,1477.08,-35620,-434.75,0.07,-13.2,0
1478,1478.10,-35641,-435.00,0.07,-13.1,0
1479,1479.12,-35658,-435.26,0.02,-13.1,0
1480,1480.04,-35675,-435.49,0.00,-13.1,0
1481,1481.06,-35691,-435.74,-0.06,-13.1,0
1482,1482.08,-35712,-436.00,-0.06,-13.1,0
1483,1483.10,-35734,-436.25,-0.05,-13.2,0
1484,1484.11,-35757,-436.51,-0.02,-13.2,0
1485,1485.05,-35776,-436.74,-0.02,-13.3,0
1486,1486.06,-35797,-436.99,-0.02,-13.3,0
1487,1487.09,-35819,-437.25,0.00,-13.3,0
1488,1488.10,-35840,-437.50,0.00,-13.3,0
1489,1489.12,-35867,-437.76,0.07,-13.3,0
1490,1490.05,-35885,-437.99,0.06,-13.2,0
1491,1491.06,-35909,-438.24,0.10,-13.2,0
1492,1492.07,-35925,-438.50,0.04,-13.1,0
1493,1493.10,-35947,-438.75,0.06,-13.0,0
1494,1494.12,-35968,-439.01,0.05,-13.0,0
1495,1495.05,-35986,-439.24,0.04,-12.9,0
1496,1496.06,-36003,-439.49,0.00,-12.9,0
1497,1497.09,-36026,-439.75,0.02,-12.9,0
1498,1498.10,-36042,-440.00,-0.04,-12.9,0
1499,1499.12,-36065,-440.26,-0.01,-13.0,0
1500,1500.05,-36084,-440.49,-0.01,-13.0,0
1501,1501.06,-36100,-440.74,-0.07,-13.0,0
1502,1502.07,-36126,-440.99,0.00,-13.0,0
1503,1503.09,-36145,-441.25,-0.02,-13.0,0
1504,1504.11,-36167,-441.50,-0.01,-13.1,0
1505,1505.04,-36187,-441.74,0.00,-13.0,0
1506,1506.05,-36213,-441.99,0.06,-13.0,0
1507,1507.07,-36236,-442.24,0.09,-13.0,0
1508,1508.09,-36256,-442.50,0.07,-12.9,0
1509,1509.12,-36277,-442.76,0.07,-12.8,0
1510,1510.04,-36293,-442.99,0.04,-12.7,0
1511,1511.06,-36312,-443.24,0.02,-12.7,0
1512,1512.08,-36336,-443.50,0.06,-12.6,0
1513,1513.09,-36350,-443.75,-0.02,-12.6,0
1514,1514.10,-36370,-444.00,-0.04,-12.7,0
1515,1515.12,-36387,-444.26,-0.09,-12.7,0
1516,1516.05,-36409,-444.49,-0.05,-12.8,0
1517,1517.06,-36431,-444.74,-0.02,-12.8,0
1518,1518.08,-36452,-445.00,-0.02,-12.8,0
1519,1519.11,-36475,-445.25,0.00,-12.8,0
1520,1520.12,-36492,-445.51,-0.05,-12.9,0
1521,1521.05,-36519,-445.74,0.05,-12.9,0
1522,1522.06,-36539,-445.99,0.04,-12.9,0
1523,1523.08,-36563,-446.25,0.07,-12.8,0
1524,1524.10,-36584,-446.50,0.09,-12.7,0
1525,1525.11,-36604,-446.75,0.07,-12.6,0
1526,1526.12,-36627,-447.01,0.10,-12.5,0
1527,1527.05,-36642,-447.24,0.05,-12.5,0
1528,1528.08,-36662,-447.50,0.04,-12.4,0
1529,1529.10,-36680,-447.75,0.00,-12.4,0
1530,1530.11,-36698,-448.01,-0.04,-12.5,0
1531,1531.04,-36716,-448.24,-0.05,-12.5,0
1532,1532.04,-36737,-448.49,-0.04,-12.5,0
1533,1533.05,-36756,-448.74,-0.06,-12.6,0
1534,1534.07,-36779,-448.99,-0.04,-12.6,0
1535,1535.08,-36801,-449.25,-0.01,-12.7,0
1536,1536.09,-36823,-449.50,0.00,-12.7,0
1537,1537.10,-36846,-449.75,0.02,-12.7,0
1538,1538.12,-36866,-450.01,0.01,-12.6,0
1539,1539.05,-36891,-450.24,0.09,-12.6,0
1540,1540.06,-36908,-450.49,0.05,-12.5,0
1541,1541.08,-36935,-450.75,0.12,-12.4,0
1542,1542.10,-36953,-451.00,0.09,-12.3,0
1543,1543.12,-36973,-451.26,0.07,-12.3,0
1544,1544.05,-36990,-451.49,0.05,-12.2,0
1545,1545.06,-37010,-451.74,0.04,-12.2,0
1546,1546.11,-37024,-452.00,-0.05,-12.2,0
1547,1547.12,-37046,-452.26,-0.04,-12.2,0
1548,1548.05,-37066,-452.49,-0.02,-12.3,0
1549,1549.07,-37085,-452.74,-0.05,-12.3,0
1550,1550.09,-37102,-453.00,-0.10,-12.4,0
1551,1551.12,-37129,-453.26,-0.02,-12.4,0
1552,1552.04,-37148,-453.49,-0.02,-12.4,0
1553,1553.06,-37172,-453.74,0.01,-12.4,0
1554,1554.09,-37195,-454.00,0.04,-12.4,0
1555,1555.11,-37217,-454.26,0.05,-12.3,0
1556,1556.12,-37239,-454.51,0.07,-12.2,0
1557,1557.05,-37259,-454.74,0.09,-12.1,0
1558,1558.07,-37280,-454.99,0.09,-12.0,0
1559,1559.10,-37302,-455.25,0.10,-11.9,0
1560,1560.11,-37320,-455.51,0.06,-11.9,0
1561,1561.04,-37336,-455.74,0.02,-11.8,0
1562,1562.05,-37354,-455.99,-0.01,-11.9,0
1563,1563.07,-37374,-456.24,-0.01,-11.9,0
1564,1564.08,-37393,-456.50,-0.04,-11.9,0
1565,1565.09,-37414,-456.75,-0.04,-12.0,0
1566,1566.11,-37434,-457.00,-0.05,-12.0,0
1567,1567.04,-37454,-457.24,-0.04,-12.0,0
1568,1568.05,-37476,-457.49,-0.02,-12.1,0
1569,1569.08,-37500,-457.75,0.01,-12.0,0
1570,1570.08,-37525,-458.00,0.07,-12.0,0
1571,1571.11,-37542,-458.25,0.02,-12.0,0
1572,1572.11,-37570,-458.51,0.11,-11.9,0
1573,1573.05,-37589,-458.74,0.11,-11.8,0
1574,1574.05,-37606,-458.99,0.06,-11.7,0
1575,1575.05,-37626,-459.24,0.06,-11.6,0
1576,1576.06,-37647,-459.49,0.06,-11.6,0
1577,1577.08,-37663,-459.75,0.01,-11.5,0
1578,1578.09,-37682,-460.00,-0.01,-11.5,0
1579,1579.10,-37702,-460.25,-0.02,-11.5,0
1580,1580.11,-37722,-460.51,-0.04,-11.6,0
1581,1581.05,-37741,-460.74,-0.04,-11.6,0
1582,1582.07,-37760,-460.99,-0.06,-11.6,0
1583,1583.09,-37784,-461.25,-0.02,-11.7,0
1584,1584.11,-37804,-461.50,-0.02,-11.7,0
1585,1585.13,-37827,-461.76,0.00,-11.7,0
1586,1586.06,-37849,-461.99,0.04,-11.7,0
1587,1587.08,-37868,-462.25,0.01,-11.6,0
1588,1588.08,-37892,-462.50,0.05,-11.6,0
1589,1589.10,-37916,-462.75,0.09,-11.5,0
1590,1590.10,-37938,-463.00,0.11,-11.4,0
1591,1591.13,-37956,-463.26,0.07,-11.3,0
1592,1592.05,-37972,-463.49,0.04,-11.3,0
1593,1593.06,-37992,-463.74,0.02,-11.2,0
1594,1594.08,-38009,-464.00,-0.02,-11.2,0
1595,1595.12,-38029,-464.26,-0.04,-11.2,0
1596,1596.05,-38046,-464.49,-0.06,-11.3,0
1597,1597.06,-38069,-464.74,-0.04,-11.3,0
1598,1598.07,-38090,-464.99,-0.02,-11.4,0
1599,1599.09,-38108,-465.25,-0.06,-11.4,0
1600,1600.10,-38130,-465.50,-0.05,-11.4,0
1601,1601.12,-38154,-465.76,-0.01,-11.4,0
1602,1602.05,-38172,-465.99,-0.02,-11.4,0
1603,1603.06,-38198,-466.24,0.04,-11.4,0
1604,1604.08,-38221,-466.50,0.06,-11.4,0
1605,1605.11,-38244,-466.75,0.10,-11.3,0
1606,1606.12,-38261,-467.01,0.05,-11.3,0
1607,1607.05,-38282,-467.24,0.07,-11.2,0
1608,1608.06,-38302,-467.49,0.06,-11.1,0
1609,1609.08,-38323,-467.75,0.06,-11.1,0
1610,1610.09,-38339,-468.00,0.00,-11.1,0
1611,1611.11,-38359,-468.26,0.00,-11.1,0
1612,1612.13,-38382,-468.51,0.02,-11.1,0
1613,1613.05,-38396,-468.74,-0.04,-11.1,0
1614,1614.06,-38417,-468.99,-0.04,-11.1,0
1615,1615.08,-38440,-469.25,-0.01,-11.1,0
1616,1616.10,-38459,-469.50,-0.04,-11.2,0
1617,1617.11,-38479,-469.75,-0.04,-11.2,0
1618,1618.05,-38502,-469.99,0.00,-11.2,0
1619,1619.06,-38523,-470.24,0.01,-11.2,0
1620,1620.09,-38547,-470.50,0.05,-11.2,0
1621,1621.11,-38568,-470.75,0.05,-11.1,0
1622,1622.12,-38591,-471.01,0.07,-11.0,0
1623,1623.05,-38608,-471.24,0.05,-11.0,0
1624,1624.05,-38630,-471.49,0.06,-10.9,0
1625,1625.06,-38647,-471.74,0.02,-10.9,0
1626,1626.09,-38667,-472.00,0.01,-10.9,0
1627,1627.10,-38688,-472.25,0.01,-10.8,0
1628,1628.11,-38705,-472.50,-0.04,-10.8,0
1629,1629.13,-38727,-472.76,-0.02,-10.9,0
1630,1630.05,-38747,-472.99,0.00,-10.9,0
1631,1631.05,-38764,-473.24,-0.05,-10.9,0
1632,1632.07,-38783,-473.49,-0.07,-10.9,0
1633,1633.09,-38807,-473.75,-0.04,-11.0,0
1634,1634.12,-38829,-474.01,-0.02,-11.0,0
1635,1635.05,-38851,-474.24,0.01,-11.0,0
1636,1636.06,-38873,-474.49,0.04,-11.0,0
1637,1637.07,-38895,-474.74,0.05,-10.9,0
1638,1638.09,-38918,-475.00,0.07,-10.9,0
1639,1639.11,-38937,-475.25,0.05,-10.8,0
1640,1640.12,-38959,-475.51,0.06,-10.8,0
1641,1641.12,-38976,-475.76,0.02,-10.7,0
1642,1642.05,-38992,-475.99,-0.01,-10.7,0
1643,1643.06,-39014,-476.24,0.00,-10.7,0
1644,1644.09,-39032,-476.50,-0.04,-10.7,0
1645,1645.11,-39055,-476.75,-0.01,-10.7,0
1646,1646.11,-39076,-477.01,0.00,-10.7,0
1647,1647.05,-39095,-477.24,0.00,-10.7,0
1648,1648.06,-39113,-477.49,-0.04,-10.8,0
1649,1649.09,-39134,-477.75,-0.04,-10.8,0
1650,1650.10,-39155,-478.00,-0.04,-10.8,0
1651,1651.12,-39181,-478.26,0.02,-10.8,0
1652,1652.06,-39199,-478.49,0.01,-10.8,0
1653,1653.08,-39225,-478.75,0.07,-10.7,0
1654,1654.09,-39242,-479.00,0.02,-10.7,0
1655,1655.10,-39265,-479.25,0.06,-10.6,0
1656,1656.11,-39285,-479.51,0.05,-10.6,0
1657,1657.12,-39302,-479.76,0.00,-10.5,0
1658,1658.05,-39323,-479.99,0.02,-10.5,0
1659,1659.07,-39343,-480.24,0.01,-10.5,0
1660,1660.09,-39362,-480.50,-0.01,-10.5,0
1661,1661.11,-39384,-480.75,0.01,-10.5,0
1662,1662.04,-39399,-480.99,-0.05,-10.5,0
1663,1663.06,-39418,-481.24,-0.06,-10.6,0
1664,1664.09,-39438,-481.50,-0.07,-10.6,0
1665,1665.11,-39463,-481.75,-0.02,-10.6,0
1666,1666.11,-39485,-482.00,-0.01,-10.7,0
1667,1667.13,-39509,-482.26,0.02,-10.7,0
1668,1668.05,-39525,-482.49,-0.01,-10.6,0
1669,1669.08,-39550,-482.75,0.05,-10.6,0
1670,1670.09,-39572,-483.00,0.06,-10.5,0
1671,1671.11,-39593,-483.25,0.06,-10.5,0
1672,1672.12,-39613,-483.51,0.05,-10.4,0
1673,1673.05,-39631,-483.74,0.04,-10.4,0
1674,1674.06,-39648,-483.99,-0.01,-10.3,0
1675,1675.07,-39672,-484.25,0.04,-10.3,0
1676,1676.10,-39689,-484.50,-0.01,-10.3,0
1677,1677.12,-39709,-484.76,-0.02,-10.3,0
1678,1678.05,-39730,-484.99,0.00,-10.4,0
1679,1679.07,-39749,-485.25,-0.02,-10.4,0
1680,1680.09,-39768,-485.50,-0.05,-10.4,0
1681,1681.11,-39791,-485.76,-0.02,-10.5,0
1682,1682.12,-39813,-486.01,-0.01,-10.5,0
1683,1683.05,-39832,-486.24,-0.01,-10.5,0
1684,1684.07,-39856,-486.50,0.02,-10.5,0
1685,1685.09,-39880,-486.75,0.06,-10.5,0
1686,1686.11,-39899,-487.00,0.05,-10.4,0
1687,1687.13,-39919,-487.26,0.04,-10.4,0
1688,1688.05,-39940,-487.49,0.06,-10.3,0
1689,1689.07,-39957,-487.74,0.01,-10.3,0
1690,1690.08,-39979,-488.00,0.02,-10.3,0
1691,1691.10,-39997,-488.25,-0.01,-10.2,0
1692,1692.11,-40020,-488.51,0.02,-10.2,0
1693,1693.13,-40039,-488.76,0.00,-10.3,0
1694,1694.05,-40056,-488.99,-0.02,-10.3,0
1695,1695.06,-40076,-489.24,-0.04,-10.3,0
1696,1696.08,-40096,-489.50,-0.05,-10.3,0
1697,1697.11,-40117,-489.75,-0.05,-10.4,0
1698,1698.12,-40138,-490.01,-0.04,-10.4,0
1699,1699.05,-40159,-490.24,-0.01,-10.4,0
1700,1700.06,-40181,-490.49,0.00,-10.4,0
1701,1701.05,-40207,-490.74,0.06,-10.3,0
1702,1702.07,-40223,-491.00,0.01,-10.3,0
1703,1703.10,-40247,-491.25,0.05,-10.2,0
1704,1704.11,-40266,-491.50,0.02,-10.2,0
1705,1705.13,-40285,-491.76,0.00,-10.2,0
1706,1706.06,-40305,-491.99,0.01,-10.2,0
1707,1707.08,-40325,-492.25,0.00,-10.2,0
1708,1708.10,-40344,-492.50,-0.02,-10.2,0
1709,1709.12,-40364,-492.76,-0.04,-10.2,0
1710,1710.04,-40385,-492.99,-0.01,-10.2,0
1711,1711.05,-40405,-493.24,-0.01,-10.2,0
1712,1712.06,-40423,-493.49,-0.05,-10.3,0
1713,1713.08,-40445,-493.75,-0.04,-10.3,0
1714,1714.11,-40470,-494.00,0.01,-10.3,0
1715,1715.13,-40491,-494.26,0.01,-10.3,0
1716,1716.05,-40507,-494.49,-0.02,-10.3,0
1717,1717.07,-40528,-494.74,-0.01,-10.3,0
1718,1718.08,-40552,-495.00,0.02,-10.3,0
1719,1719.10,-40575,-495.25,0.05,-10.2,0
1720,1720.11,-40594,-495.50,0.02,-10.2,0
1721,1721.12,-40614,-495.76,0.01,-10.2,0
1722,1722.05,-40631,-495.99,0.00,-10.2,0
1723,1723.05,-40653,-496.24,0.01,-10.2,0
1724,1724.06,-40671,-496.49,-0.02,-10.2,0
1725,1725.09,-40694,-496.75,0.00,-10.2,0
1726,1726.09,-40713,-497.00,-0.01,-10.2,0
1727,1727.11,-40735,-497.25,0.00,-10.2,0
1728,1728.13,-40756,-497.51,0.00,-10.3,0
1729,1729.05,-40774,-497.74,-0.01,-10.3,0
1730,1730.05,-40794,-497.99,-0.01,-10.3,0
1731,1731.07,-40814,-498.24,-0.02,-10.3,0
1732,1732.09,-40838,-498.50,0.01,-10.3,0
1733,1733.11,-40860,-498.75,0.02,-10.3,0
1734,1734.13,-40881,-499.01,0.02,-10.2,0
1735,1735.06,-40899,-499.24,0.01,-10.2,0
1736,1736.07,-40919,-499.49,0.00,-10.2,0
1737,1737.09,-40941,-499.75,0.02,-10.2,0
1738,1738.09,-40959,-500.00,-0.01,-10.2,0
1739,1739.12,-40980,-500.26,-0.01,-10.2,0
1740,1740.04,-40999,-500.49,-0.01,-10.2,0
1741,1741.06,-41021,-500.74,0.00,-10.2,0
1742,1742.08,-41040,-501.00,-0.02,-10.2,0
1743,1743.10,-41062,-501.25,-0.01,-10.2,0
1744,1744.11,-41084,-501.50,0.01,-10.2,0
1745,1745.13,-41105,-501.76,0.01,-10.2,0
1746,1746.05,-41121,-501.99,-0.02,-10.2,0
1747,1747.06,-41144,-502.24,0.00,-10.2,0
1748,1748.09,-41167,-502.50,0.02,-10.2,0
1749,1749.11,-41188,-502.75,0.02,-10.2,0
1750,1750.11,-41208,-503.00,0.02,-10.1,0
1751,1751.11,-41227,-503.26,0.00,-10.1,0
1752,1752.12,-41246,-503.51,-0.01,-10.1,0
1753,1753.05,-41265,-503.74,-0.01,-10.1,0
1754,1754.07,-41287,-503.99,0.00,-10.1,0
1755,1755.09,-41309,-504.25,0.01,-10.1,0
1756,1756.11,-41325,-504.50,-0.05,-10.2,0
1757,1757.06,-41348,-504.74,0.00,-10.2,0
1758,1758.07,-41370,-504.99,0.01,-10.2,0
1759,1759.09,-41388,-505.25,-0.02,-10.2,0
1760,1760.09,-41410,-505.50,-0.01,-10.2,0
1761,1761.11,-41432,-505.75,0.01,-10.2,0
1762,1762.12,-41452,-506.01,0.00,-10.2,0
1763,1763.05,-41470,-506.24,-0.01,-10.2,0
1764,1764.08,-41493,-506.50,0.01,-10.2,0
1765,1765.09,-41514,-506.75,0.01,-10.2,0
1766,1766.10,-41534,-507.00,0.00,-10.2,0
1767,1767.12,-41557,-507.26,0.02,-10.2,0
1768,1768.05,-41575,-507.49,0.01,-10.2,0
1769,1769.06,-41595,-507.74,0.01,-10.2,0
1770,1770.07,-41613,-508.00,-0.02,-10.2,0
1771,1771.10,-41639,-508.25,0.04,-10.2,0
1772,1772.11,-41657,-508.50,0.00,-10.2,0
1773,1773.13,-41676,-508.76,-0.02,-10.2,0
1774,1774.05,-41698,-508.99,0.01,-10.2,0
1775,1775.08,-41716,-509.25,-0.01,-10.2,0
1776,1776.09,-41735,-509.50,-0.04,-10.2,0
1777,1777.10,-41757,-509.75,-0.02,-10.2,0
1778,1778.11,-41783,-510.00,0.04,-10.2,0
1779,1779.04,-41801,-510.24,0.02,-10.2,0
1780,1780.07,-41824,-510.49,0.05,-10.2,0
1781,1781.09,-41840,-510.75,0.00,-10.2,0
1782,1782.10,-41864,-511.00,0.04,-10.1,0
1783,1783.13,-41883,-511.26,0.01,-10.1,0
1784,1784.05,-41899,-511.49,-0.02,-10.1,0
1785,1785.06,-41921,-511.74,-0.01,-10.1,0
1786,1786.08,-41939,-512.00,-0.05,-10.1,0
1787,1787.10,-41954,-512.25,-0.12,-10.2,0
1788,1788.11,-41981,-512.50,-0.04,-10.2,0
1789,1789.10,-42001,-512.75,-0.05,-10.2,0
1790,1790.10,-42024,-513.00,-0.01,-10.3,0
1791,1791.13,-42043,-513.26,-0.04,-10.3,0
1792,1792.05,-42062,-513.49,-0.04,-10.3,0
1793,1793.07,-42082,-513.75,-0.05,-10.3,0
1794,1794.10,-42105,-514.00,-0.02,-10.4,0
1795,1795.12,-42128,-514.26,0.00,-10.3,0
1796,1796.04,-42150,-514.49,0.04,-10.3,0
1797,1797.06,-42171,-514.74,0.04,-10.3,0
1798,1798.08,-42192,-515.00,0.04,-10.3,0
1799,1799.10,-42209,-515.25,0.00,-10.3,0
1800,1800.11,-42229,-515.51,-0.01,-10.2,0
1801,1801.05,-42246,-515.74,-0.04,-10.3,0
1802,1802.06,-42266,-515.99,-0.05,-10.3,0
1803,1803.08,-42292,-516.25,0.01,-10.4,0
1804,1804.09,-42308,-516.50,-0.05,-10.4,0
1805,1805.12,-42330,-516.76,-0.04,-10.4,0
1806,1806.05,-42352,-516.99,0.00,-10.5,0
1807,1807.05,-42371,-517.24,-0.01,-10.5,0
1808,1808.07,-42391,-517.50,-0.02,-10.5,0
1809,1809.09,-42415,-517.75,0.01,-10.5,0
1810,1810.10,-42437,-518.00,0.02,-10.5,0
1811,1811.12,-42456,-518.26,0.00,-10.5,0
1812,1812.05,-42477,-518.49,0.02,-10.5,0
1813,1813.06,-42501,-518.74,0.07,-10.4,0
1814,1814.08,-42517,-519.00,0.01,-10.4,0
1815,1815.10,-42538,-519.25,0.01,-10.3,0
1816,1816.12,-42558,-519.51,0.00,-10.3,0
1817,1817.05,-42574,-519.74,-0.04,-10.4,0
1818,1818.05,-42592,-519.99,-0.07,-10.4,0
1819,1819.06,-42615,-520.24,-0.04,-10.5,0
1820,1820.08,-42635,-520.50,-0.05,-10.5,0
1821,1821.09,-42656,-520.75,-0.05,-10.6,0
1822,1822.10,-42679,-521.00,-0.02,-10.6,0
1823,1823.12,-42702,-521.26,0.01,-10.6,0
1824,1824.05,-42719,-521.49,-0.02,-10.6,0
1825,1825.07,-42741,-521.74,0.00,-10.6,0
1826,1826.09,-42764,-522.00,0.02,-10.6,0
1827,1827.11,-42785,-522.26,0.02,-10.6,0
1828,1828.12,-42806,-522.51,0.02,-10.5,0
1829,1829.06,-42828,-522.74,0.06,-10.5,0
1830,1830.07,-42846,-522.99,0.02,-10.4,0
1831,1831.09,-42864,-523.25,-0.01,-10.4,0
1832,1832.10,-42886,-523.50,0.01,-10.4,0
1833,1833.13,-42903,-523.76,-0.04,-10.5,0
1834,1834.06,-42920,-523.99,-0.06,-10.5,0
1835,1835.07,-42942,-524.24,-0.05,-10.6,0
1836,1836.08,-42961,-524.50,-0.07,-10.6,0
1837,1837.10,-42987,-524.75,-0.01,-10.7,0
1838,1838.12,-43008,-525.01,-0.01,-10.7,0
1839,1839.04,-43027,-525.24,-0.01,-10.7,0
1840,1840.06,-43048,-525.49,0.00,-10.7,0
1841,1841.06,-43071,-525.74,0.02,-10.7,0
1842,1842.09,-43090,-526.00,0.00,-10.7,0
1843,1843.10,-43114,-526.25,0.05,-10.7,0
1844,1844.12,-43137,-526.51,0.06,-10.6,0
1845,1845.07,-43153,-526.74,0.02,-10.6,0
1846,1846.09,-43175,-527.00,0.04,-10.5,0
1847,1847.11,-43194,-527.25,0.01,-10.5,0
1848,1848.04,-43211,-527.49,-0.01,-10.5,0
1849,1849.05,-43231,-527.74,-0.01,-10.5,0
1850,1850.06,-43252,-527.99,-0.01,-10.5,0
1851,1851.09,-43270,-528.25,-0.05,-10.5,0
1852,1852.10,-43291,-528.50,-0.05,-10.6,0
1853,1853.12,-43316,-528.76,0.00,-10.6,0
1854,1854.05,-43334,-528.99,-0.01,-10.6,0
1855,1855.04,-43352,-529.24,-0.04,-10.6,0
1856,1856.06,-43378,-529.49,0.02,-10.6,0
1857,1857.08,-43399,-529.75,0.02,-10.6,0
1858,1858.10,-43421,-530.00,0.04,-10.6,0
1859,1859.12,-43445,-530.26,0.07,-10.6,0
1860,1860.05,-43460,-530.49,0.02,-10.5,0
1861,1861.06,-43483,-530.74,0.06,-10.4,0
1862,1862.08,-43500,-531.00,0.01,-10.4,0
1863,1863.10,-43525,-531.25,0.06,-10.4,0
1864,1864.10,-43540,-531.50,-0.01,-10.3,0
1865,1865.12,-43558,-531.76,-0.05,-10.4,0
1866,1866.04,-43575,-531.99,-0.06,-10.4,0
1867,1867.06,-43596,-532.24,-0.06,-10.5,0
1868,1868.09,-43619,-532.50,-0.04,-10.5,0
1869,1869.11,-43641,-532.75,-0.02,-10.6,0
1870,1870.11,-43663,-533.00,-0.01,-10.6,0
1871,1871.04,-43681,-533.24,-0.02,-10.6,0
1872,1872.06,-43704,-533.49,0.00,-10.6,0
1873,1873.08,-43726,-533.75,0.02,-10.6,0
1874,1874.09,-43747,-534.00,0.02,-10.6,0
1875,1875.11,-43768,-534.26,0.02,-10.5,0
1876,1876.04,-43795,-534.49,0.12,-10.5,0
1877,1877.05,-43814,-534.74,0.10,-10.4,0
1878,1878.06,-43831,-534.99,0.05,-10.3,0
1879,1879.09,-43851,-535.25,0.05,-10.2,0
1880,1880.09,-43868,-535.50,0.00,-10.2,0
1881,1881.11,-43887,-535.75,-0.02,-10.2,0
1882,1882.04,-43904,-535.99,-0.05,-10.3,0
1883,1883.06,-43928,-536.24,-0.01,-10.3,0
1884,1884.08,-43948,-536.50,-0.02,-10.4,0
1885,1885.11,-43966,-536.75,-0.06,-10.4,0
1886,1886.12,-43992,-537.01,0.00,-10.4,0
1887,1887.05,-44009,-537.24,-0.02,-10.5,0
1888,1888.06,-44032,-537.49,0.01,-10.4,0
1889,1889.09,-44054,-537.75,0.02,-10.4,0
1890,1890.10,-44078,-538.00,0.06,-10.4,0
1891,1891.13,-44099,-538.26,0.06,-10.3,0
1892,1892.05,-44119,-538.49,0.07,-10.3,0
1893,1893.06,-44137,-538.74,0.04,-10.2,0
1894,1894.08,-44160,-539.00,0.06,-10.1,0
1895,1895.10,-44179,-539.25,0.05,-10.1,0
1896,1896.11,-44198,-539.50,0.02,-10.1,0
1897,1897.04,-44214,-539.74,-0.01,-10.1,0
1898,1898.06,-44233,-539.99,-0.04,-10.1,0
1899,1899.08,-44251,-540.25,-0.07,-10.1,0
1900,1900.08,-44272,-540.50,-0.07,-10.2,0
1901,1901.10,-44292,-540.75,-0.07,-10.3,0
1902,1902.10,-44313,-541.00,-0.07,-10.3,0
1903,1903.12,-44335,-541.26,-0.06,-10.4,0
1904,1904.04,-44355,-541.49,-0.05,-10.4,0
1905,1905.05,-44380,-541.74,0.01,-10.4,0
1906,1906.06,-44404,-541.99,0.05,-10.4,0
1907,1907.08,-44422,-542.25,0.01,-10.3,0
1908,1908.09,-44445,-542.50,0.04,-10.3,0
1909,1909.11,-44470,-542.76,0.09,-10.2,0
1910,1910.04,-44486,-542.99,0.05,-10.2,0
1911,1911.06,-44505,-543.24,0.04,-10.1,0
1912,1912.07,-44524,-543.49,0.01,-10.1,0
1913,1913.09,-44543,-543.75,-0.01,-10.1,0
1914,1914.10,-44559,-544.00,-0.07,-10.2,0
1915,1915.11,-44580,-544.25,-0.06,-10.2,0
1916,1916.12,-44600,-544.51,-0.07,-10.3,0
1917,1917.06,-44620,-544.74,-0.06,-10.3,0
1918,1918.08,-44643,-545.00,-0.04,-10.4,0
1919,1919.10,-44661,-545.25,-0.07,-10.4,0
1920,1920.11,-44687,-545.50,-0.01,-10.5,0
1921,1921.11,-44707,-545.76,-0.01,-10.5,0
1922,1922.04,-44729,-545.99,0.02,-10.5,0
1923,1923.05,-44751,-546.24,0.04,-10.4,0
1924,1924.08,-44777,-546.50,0.10,-10.4,0
1925,1925.09,-44796,-546.75,0.07,-10.3,0
1926,1926.11,-44819,-547.00,0.10,-10.2,0
1927,1927.11,-44835,-547.25,0.05,-10.1,0
1928,1928.05,-44852,-547.49,0.02,-10.1,0
1929,1929.06,-44872,-547.74,0.01,-10.1,0
1930,1930.08,-44889,-548.00,-0.04,-10.2,0
1931,1931.10,-44908,-548.25,-0.06,-10.2,0
1932,1932.11,-44930,-548.50,-0.05,-10.2,0
1933,1933.04,-44948,-548.74,-0.06,-10.3,0
1934,1934.05,-44968,-548.99,-0.06,-10.4,0
1935,1935.07,-44992,-549.24,-0.02,-10.4,0
1936,1936.09,-45014,-549.50,-0.01,-10.4,0
1937,1937.10,-45038,-549.75,0.02,-10.4,0
1938,1938.12,-45059,-550.01,0.02,-10.4,0
1939,1939.06,-45076,-550.24,0.00,-10.4,0
1940,1940.07,-45102,-550.49,0.06,-10.4,0
1941,1941.09,-45124,-550.75,0.09,-10.3,0
1942,1942.10,-45145,-551.00,0.09,-10.2,0
1943,1943.11,-45162,-551.25,0.04,-10.1,0
1944,1944.13,-45181,-551.51,0.01,-10.1,0
1945,1945.05,-45196,-551.74,-0.04,-10.1,0
1946,1946.07,-45218,-552.00,-0.01,-10.2,0
1947,1947.09,-45234,-552.25,-0.07,-10.2,0
1948,1948.10,-45253,-552.50,-0.10,-10.3,0
1949,1949.12,-45274,-552.76,-0.10,-10.4,0
1950,1950.12,-45298,-553.01,-0.05,-10.4,0
1951,1951.05,-45318,-553.24,-0.05,-10.4,0
1952,1952.07,-45340,-553.49,-0.02,-10.5,0
1953,1953.10,-45363,-553.75,0.00,-10.5,0
1954,1954.12,-45386,-554.01,0.02,-10.5,0
1955,1955.05,-45406,-554.24,0.04,-10.5,0
1956,1956.08,-45430,-554.50,0.07,-10.4,0
1957,1957.10,-45449,-554.75,0.05,-10.3,0
1958,1958.11,-45475,-555.01,0.11,-10.3,0
1959,1959.06,-45489,-555.24,0.04,-10.2,0
1960,1960.09,-45509,-555.50,0.02,-10.2,0
1961,1961.12,-45528,-555.76,0.00,-10.2,0
1962,1962.06,-45547,-555.99,0.00,-10.2,0
1963,1963.08,-45564,-556.25,-0.05,-10.2,0
1964,1964.10,-45586,-556.50,-0.04,-10.3,0
1965,1965.05,-45607,-556.74,-0.01,-10.3,0
1966,1966.09,-45624,-557.00,-0.06,-10.4,0
1967,1967.13,-45649,-557.26,-0.02,-10.4,0
1968,1968.07,-45670,-557.50,0.00,-10.4,0
1969,1969.11,-45689,-557.76,-0.02,-10.4,0
1970,1970.05,-45713,-557.99,0.02,-10.4,0
1971,1971.05,-45734,-558.24,0.04,-10.4,0
1972,1972.06,-45758,-558.49,0.07,-10.3,0
1973,1973.10,-45782,-558.75,0.11,-10.2,0
1974,1974.12,-45800,-559.01,0.07,-10.2,0
1975,1975.04,-45815,-559.24,0.02,-10.1,0
1976,1976.07,-45838,-559.49,0.05,-10.1,0
1977,1977.11,-45851,-559.75,-0.05,-10.1,0
1978,1978.12,-45875,-560.01,-0.01,-10.1,0
1979,1979.05,-45892,-560.24,-0.04,-10.1,0
1980,1980.08,-45910,-560.50,-0.07,-10.1,0
1981,1981.13,-45934,-560.76,-0.04,-10.2,0
1982,1982.06,-45953,-560.99,-0.05,-10.2,0
1983,1983.11,-45972,-561.25,-0.07,-10.3,0
1984,1984.04,-45997,-561.49,0.00,-10.3,0
1985,1985.06,-46021,-561.74,0.04,-10.3,0
1986,1986.09,-46039,-562.00,0.00,-10.3,0
1987,1987.04,-46062,-562.24,0.04,-10.3,0
1988,1988.07,-46084,-562.49,0.05,-10.3,0
1989,1989.11,-46105,-562.76,0.05,-10.2,0
1990,1990.12,-46126,-563.01,0.05,-10.1,0
1991,1991.05,-46143,-563.24,0.02,-10.1,0
1992,1992.06,-46164,-563.49,0.04,-10.0,0
1993,1993.09,-46186,-563.75,0.05,-10.0,0
1994,1994.11,-46203,-564.01,0.00,-10.0,0
1995,1995.06,-46222,-564.24,-0.01,-10.0,0
1996,1996.09,-46239,-564.50,-0.06,-10.1,0
1997,1997.13,-46261,-564.76,-0.05,-10.1,0
1998,1998.07,-46282,-564.99,-0.02,-10.2,0
1999,1999.08,-46303,-565.25,-0.02,-10.2,0
