Sample,Timestamp,Current Error,PID Control Signal,Phase Shift
0,0.04,-0.01,20.3,0
1,0.55,0.01,23.6,0
2,1.07,-0.01,20.1,0
3,1.57,-0.01,21.8,0
4,2.09,-0.02,19.6,0
5,2.60,-0.07,22.9,0
6,3.11,-0.07,21.5,0
7,3.60,-0.07,18.5,0
8,4.11,-0.06,25.5,0
9,4.54,-0.10,27.2,0
10,5.05,-0.05,29.8,0
11,5.56,-0.01,32.6,0
12,6.08,0.02,37.4,0
13,6.60,0.01,30.8,0
14,7.12,0.06,37.4,0
15,7.63,0.09,44.7,0
16,8.05,0.12,43.1,0
17,8.57,0.15,47.1,0
18,9.08,0.18,50.0,0
19,9.60,0.16,42.9,0
20,10.11,0.13,39.2,0
21,10.61,0.21,47.2,0
22,11.05,0.17,45.2,0
23,11.57,0.21,50.8,0
24,12.08,0.16,44.3,0
25,12.60,0.17,50.8,0
26,13.12,0.15,53.1,0
27,13.55,0.13,49.7,0
28,14.05,0.07,47.8,0
29,14.57,0.09,44.4,0
30,15.09,0.06,45.5,0
31,15.61,0.05,47.8,0
32,16.12,0.00,46.7,0
33,16.56,0.00,52.8,0
34,17.06,-0.05,43.6,0
35,17.58,-0.06,48.2,0
36,18.09,-0.07,48.6,0
37,18.61,-0.12,49.0,0
38,19.12,-0.10,49.0,0
39,19.56,-0.17,43.0,0
40,20.07,-0.18,48.4,0
41,20.59,-0.22,43.7,0
42,21.11,-0.22,49.1,0
43,21.54,-0.27,47.4,0
44,22.04,-0.26,51.4,0
45,22.56,-0.31,48.6,0
46,23.06,-0.31,44.8,0
47,23.57,-0.33,46.2,0
48,24.08,-0.38,42.5,0
49,24.60,-0.33,56.8,0
50,25.12,-0.40,48.3,0
51,25.55,-0.38,53.3,0
52,26.05,-0.39,57.9,0
53,26.57,-0.40,50.9,0
54,27.09,-0.43,51.5,0
55,27.61,-0.42,54.2,0
56,28.12,-0.49,50.0,0
57,28.56,-0.52,51.8,0
58,29.06,-0.48,57.8,0
59,29.58,-0.49,57.8,0
60,30.10,-0.52,53.8,0
61,30.62,-0.49,59.9,0
62,31.05,-0.54,50.3,0
63,31.57,-0.59,19.7,0
64,32.08,-0.56,22.8,0
65,32.60,-0.52,25.4,0
66,33.12,-0.49,30.7,0
67,33.55,-0.45,30.6,0
68,34.06,-0.44,31.6,0
69,34.57,-0.37,35.4,0
70,35.09,-0.34,35.0,0
71,35.61,-0.26,41.9,0
72,36.12,-0.17,41.0,0
73,36.55,-0.16,36.0,0
74,37.07,-0.12,39.5,0
75,37.58,-0.07,41.8,0
76,38.09,-0.04,39.3,0
77,38.61,0.05,49.8,0
78,39.04,0.04,46.8,0
79,39.56,0.02,41.2,0
80,40.07,0.04,38.1,0
81,40.59,0.07,43.6,0
82,41.11,0.11,44.0,0
83,41.54,0.09,42.4,0
84,42.06,0.09,42.3,0
85,42.57,0.10,43.7,0
86,43.09,0.11,44.9,0
87,43.61,0.12,46.1,0
88,44.04,0.10,39.4,0
89,44.56,0.13,44.9,0
90,45.07,0.12,41.9,0
91,45.57,0.13,40.8,0
92,46.08,0.11,39.1,0
93,46.60,0.12,39.6,0
94,47.12,0.17,49.0,0
95,47.55,0.11,43.7,0
96,48.06,0.09,40.5,0
97,48.58,0.10,43.5,0
98,49.10,0.09,44.0,0
99,49.62,0.06,43.2,0
100,50.05,0.04,40.0,0
101,50.56,-0.02,32.0,0
102,51.08,-0.01,36.0,0
103,51.60,-0.06,32.8,0
104,52.11,-0.05,36.6,0
105,52.54,-0.10,33.3,0
106,53.05,-0.09,34.6,0
107,53.57,-0.07,41.9,0
108,54.08,-0.12,33.3,0
109,54.59,-0.07,42.7,0
110,55.10,-0.11,36.3,0
111,55.61,-0.10,40.1,0
112,56.12,-0.10,40.1,0
113,56.55,-0.09,41.3,0
114,57.05,-0.07,37.2,0
115,57.56,-0.09,35.1,0
116,58.07,-0.05,38.8,0
117,58.58,-0.05,38.8,0
118,59.10,-0.05,40.5,0
119,59.61,-0.02,42.1,0
120,60.12,0.01,46.7,0
121,60.55,0.00,43.5,0
122,61.06,0.00,39.2,0
123,61.57,0.00,40.2,0
124,62.08,-0.01,37.9,0
125,62.60,0.00,41.8,0
126,63.11,0.02,38.2,0
127,63.62,0.01,37.9,0
128,64.05,0.07,45.8,0
129,64.56,0.01,34.3,0
130,65.07,0.05,40.8,0
131,65.58,0.07,41.6,0
132,66.09,0.07,43.4,0
133,66.60,0.07,43.4,0
134,67.12,0.05,41.7,0
135,67.54,0.07,42.6,0
136,68.05,0.05,40.1,0
137,68.57,0.11,44.7,0
138,69.08,0.07,40.0,0
139,69.59,0.09,41.3,0
140,70.10,0.06,38.8,0
141,70.62,0.09,43.2,0
142,71.04,0.05,38.5,0
143,71.55,0.07,42.9,0
144,72.07,0.01,37.4,0
145,72.58,0.02,40.6,0
146,73.09,0.04,40.9,0
147,73.61,-0.02,34.5,0
148,74.12,-0.02,36.3,0
149,74.55,-0.02,42.4,0
150,75.05,0.00,40.7,0
151,75.56,0.01,45.3,0
152,76.08,-0.06,34.3,0
153,76.59,-0.05,37.4,0
154,77.10,-0.01,41.1,0
155,77.62,-0.04,39.5,0
156,78.04,-0.06,37.7,0
157,78.55,-0.05,34.6,0
158,79.06,-0.01,42.0,0
159,79.57,-0.05,36.4,0
160,80.08,-0.06,36.8,0
161,80.59,-0.05,36.3,0
162,81.11,-0.04,41.8,0
163,81.62,-0.02,41.3,0
164,82.05,-0.06,38.4,0
165,82.56,-0.05,33.6,0
166,83.07,-0.04,38.4,0
167,83.58,0.01,43.4,0
168,84.09,-0.04,36.5,0
169,84.60,0.02,42.1,0
170,85.11,-0.02,37.8,0
171,85.54,0.00,39.5,0
172,86.05,0.01,41.5,0
173,86.57,0.02,46.3,0
174,87.08,0.02,40.2,0
175,87.59,-0.02,35.2,0
176,88.10,-0.04,37.4,0
177,88.61,0.02,44.5,0
178,89.05,0.01,38.9,0
179,89.56,0.02,41.2,0
180,90.07,-0.02,38.7,0
181,90.58,-0.02,39.5,0
182,91.09,0.04,44.2,0
183,91.60,-0.02,37.0,0
184,92.12,-0.01,40.0,0
185,92.55,0.00,42.8,0
186,93.06,-0.01,40.8,0
187,93.57,-0.04,33.0,0
188,94.08,-0.02,37.8,0
189,94.60,-0.01,44.2,0
190,95.11,-0.05,34.4,0
191,95.62,-0.01,39.0,0
192,96.05,-0.01,38.9,0
193,96.56,-0.01,36.4,0
194,97.07,0.01,41.6,0
195,97.58,-0.02,37.8,0
196,98.09,0.00,41.1,0
197,98.61,0.00,38.5,0
198,99.12,-0.02,38.5,0
199,99.54,-0.01,39.0,0
200,100.06,-0.02,38.6,0
201,100.57,-0.02,37.7,0
202,101.08,-0.06,33.0,0
203,101.59,0.02,45.5,0
204,102.11,0.02,42.7,0
205,102.62,0.01,37.1,0
206,103.04,-0.01,34.6,0
207,103.55,0.01,37.9,0
208,104.06,0.02,42.8,0
209,104.57,0.00,37.6,0
210,105.08,0.05,45.1,0
211,105.59,0.02,43.5,0
212,106.10,0.00,38.4,0
213,106.61,0.02,40.1,0
214,107.04,0.01,37.0,0
215,107.55,0.00,34.9,0
216,108.07,0.04,42.2,0
217,108.58,0.02,41.9,0
218,109.10,0.02,43.5,0
219,109.61,0.01,43.2,0
220,110.12,-0.01,38.1,0
221,110.55,0.06,45.7,0
222,111.05,0.06,44.0,0
223,111.56,0.04,40.6,0
224,112.08,0.01,40.7,0
225,112.59,0.05,42.6,0
226,113.11,0.05,41.9,0
227,113.62,0.02,38.5,0
228,114.04,0.00,39.4,0
229,114.56,0.02,41.9,0
230,115.07,0.02,42.0,0
231,115.58,-0.01,36.5,0
232,116.09,0.00,39.5,0
233,116.61,0.01,45.1,0
234,117.04,0.05,45.5,0
235,117.55,-0.01,36.6,0
236,118.06,0.00,43.1,0
237,118.58,0.02,44.6,0
238,119.09,-0.02,37.9,0
239,119.60,0.01,39.1,0
240,120.11,-0.04,32.1,0
241,120.54,-0.02,38.8,0
242,121.05,-0.01,39.9,0
243,121.55,-0.02,37.9,0
244,122.07,0.01,40.7,0
245,122.58,0.01,39.9,0
246,123.10,-0.02,36.9,0
247,123.61,0.01,47.8,0
248,124.05,0.00,41.2,0
249,124.56,-0.01,36.5,0
250,125.07,0.01,41.7,0
251,125.58,0.04,44.2,0
252,126.09,0.04,43.2,0
253,126.59,0.05,42.8,0
254,127.10,0.05,43.8,0
255,127.61,0.01,39.0,0
256,128.04,0.04,45.9,0
257,128.56,0.02,39.3,0
258,129.06,0.01,39.0,0
259,129.57,0.01,40.8,0
260,130.08,0.02,43.9,0
261,130.59,0.01,40.9,0
262,131.11,0.04,42.5,0
263,131.62,0.02,38.5,0
264,132.05,0.05,46.3,0
265,132.56,-0.01,32.2,0
266,133.07,0.00,38.8,0
267,133.58,0.05,43.9,0
268,134.09,0.07,44.5,0
269,134.61,0.00,35.3,0
270,135.12,0.01,42.6,0
271,135.54,0.02,39.6,0
272,136.06,0.00,35.2,0
273,136.57,0.04,40.0,0
274,137.08,0.02,39.7,0
275,137.59,0.02,39.7,0
276,138.11,0.04,42.6,0
277,138.62,0.01,39.3,0
278,139.04,0.01,39.3,0
279,139.55,0.02,39.7,0
280,140.06,-0.01,37.7,0
281,140.57,0.04,41.0,0
282,141.08,0.02,44.0,0
283,141.60,0.02,41.3,0
284,142.11,0.02,43.2,0
285,142.62,0.02,39.8,0
286,143.05,0.00,37.2,0
287,143.56,0.00,36.3,0
288,144.07,0.02,42.3,0
289,144.58,0.01,38.5,0
290,145.10,0.02,43.2,0
291,145.61,0.00,43.4,0
292,146.05,-0.01,39.5,0
293,146.56,0.00,41.8,0
294,147.07,-0.01,37.8,0
295,147.58,-0.02,36.5,0
296,148.09,0.00,43.5,0
297,148.60,-0.06,36.3,0
298,149.11,-0.02,41.7,0
299,149.62,-0.01,44.7,0
300,150.05,0.01,47.2,0
301,150.56,-0.07,34.0,0
302,151.07,-0.05,37.4,0
303,151.58,-0.04,38.7,0
304,152.09,-0.01,41.2,0
305,152.60,-0.02,38.2,0
306,153.11,-0.06,36.1,0
307,153.63,-0.05,39.1,0
308,154.05,-0.09,39.6,0
309,154.56,-0.04,37.7,0
310,155.08,0.00,41.3,0
311,155.59,-0.04,40.2,0
312,156.10,0.01,43.5,0
313,156.61,-0.01,39.1,0
314,157.12,0.00,40.5,0
315,157.54,0.00,39.6,0
316,158.05,-0.01,38.3,0
317,158.57,0.00,38.7,0
318,159.09,-0.04,38.3,0
319,159.60,-0.01,38.9,0
320,160.11,-0.01,39.2,0
321,160.62,-0.01,38.3,0
322,161.05,0.01,39.1,0
323,161.56,-0.02,35.2,0
324,162.08,0.01,41.8,0
325,162.59,-0.04,34.8,0
326,163.10,-0.01,41.7,0
327,163.62,-0.02,40.3,0
328,164.04,0.00,38.5,0
329,164.55,0.00,41.3,0
330,165.06,0.01,40.8,0
331,165.57,0.01,43.3,0
332,166.08,0.01,37.2,0
333,166.59,0.01,42.5,0
334,167.10,0.01,38.1,0
335,167.62,0.04,40.7,0
336,168.04,-0.01,34.8,0
337,168.56,-0.01,40.0,0
338,169.08,0.06,45.7,0
339,169.60,0.02,40.2,0
340,170.12,0.04,45.0,0
341,170.55,-0.01,38.3,0
342,171.05,0.00,38.8,0
343,171.57,0.02,43.9,0
344,172.09,0.01,44.5,0
345,172.60,-0.01,38.4,0
346,173.12,0.01,43.4,0
347,173.58,-0.01,40.1,0
348,174.10,-0.01,42.7,0
349,174.62,-0.02,41.4,0
350,175.05,-0.02,41.3,0
351,175.57,-0.04,42.6,0
352,176.09,-0.07,33.7,0
353,176.61,-0.02,41.3,0
354,177.04,-0.09,32.6,0
355,177.56,-0.07,36.3,0
356,178.07,-0.05,41.5,0
357,178.59,-0.05,35.3,0
358,179.11,-0.06,37.5,0
359,179.54,-0.04,43.4,0
360,180.05,-0.09,37.5,0
361,180.56,-0.01,45.1,0
362,181.08,-0.02,44.6,0
363,181.60,-0.02,42.8,0
364,182.12,-0.04,39.8,0
365,182.55,-0.05,35.9,0
366,183.06,0.00,43.7,0
367,183.58,0.02,42.6,0
368,184.09,0.05,45.1,0
369,184.61,-0.04,34.6,0
370,185.04,0.00,40.0,0
371,185.56,-0.01,41.4,0
372,186.08,0.01,40.5,0
373,186.59,0.02,44.2,0
374,187.11,0.02,42.5,0
375,187.54,0.01,40.5,0
376,188.05,0.01,39.7,0
377,188.57,0.02,46.0,0
378,189.08,0.02,39.1,0
379,189.60,0.00,37.5,0
380,190.12,-0.02,34.1,0
381,190.55,0.04,44.6,0
382,191.05,-0.02,34.9,0
383,191.57,0.04,43.9,0
384,192.09,0.01,39.6,0
385,192.60,0.01,40.5,0
386,193.04,-0.01,37.1,0
387,193.56,-0.01,35.3,0
388,194.06,0.01,42.2,0
389,194.58,0.02,42.6,0
390,195.10,0.01,41.3,0
391,195.61,0.02,41.7,0
392,196.04,0.04,40.3,0
393,196.56,0.02,41.0,0
394,197.08,0.00,36.8,0
395,197.60,0.01,38.9,0
396,198.11,0.04,42.2,0
397,198.55,0.04,43.8,0
398,199.05,-0.02,36.9,0
399,199.57,-0.01,12.4,0
400,200.08,0.02,11.1,0
401,200.60,0.06,12.0,0
402,201.11,0.06,7.9,0
403,201.55,0.09,8.8,0
404,202.06,0.17,12.8,0
405,202.58,0.27,22.2,0
406,203.09,0.29,17.7,0
407,203.61,0.40,25.5,0
408,204.12,0.46,24.3,0
409,204.55,0.49,21.4,0
410,205.06,0.57,29.5,0
411,205.58,0.66,29.6,0
412,206.09,0.66,22.9,0
413,206.61,0.70,23.5,0
414,207.05,0.77,28.2,0
415,207.56,0.81,26.2,0
416,208.08,0.84,28.4,0
417,208.59,0.88,29.2,0
418,209.11,0.92,31.7,0
419,209.54,0.93,27.4,0
420,210.06,0.94,28.0,0
421,210.57,0.95,25.7,0
422,211.09,1.00,26.4,0
423,211.62,0.98,21.0,0
424,212.05,1.01,26.6,0
425,212.56,1.05,29.5,0
426,213.08,1.03,26.7,0
427,213.60,1.00,19.4,0
428,214.11,1.01,23.9,0
429,214.55,1.00,86.9,0
430,215.05,1.05,86.1,0
431,215.56,0.95,80.4,0
432,216.07,0.92,78.0,0
433,216.59,0.78,73.3,0
434,217.10,0.63,63.5,0
435,217.63,0.55,71.9,0
436,218.05,0.44,65.6,0
437,218.57,0.28,57.8,0
438,219.08,0.12,52.6,0
439,219.60,-0.02,50.3,0
440,220.11,-0.18,45.0,0
441,220.55,-0.28,42.2,0
442,221.06,-0.39,45.0,0
443,221.58,-0.51,41.3,0
444,222.09,-0.59,41.0,0
445,222.61,-0.65,45.7,0
446,223.04,-0.71,36.8,0
447,223.56,-0.76,39.5,0
448,224.07,-0.82,38.8,0
449,224.59,-0.87,35.4,0
450,225.11,-0.88,39.7,0
451,225.55,-0.90,45.2,0
452,226.05,-0.95,43.1,0
453,226.56,-0.92,51.8,0
454,227.08,-0.94,47.0,0
455,227.60,-0.95,47.1,0
456,228.11,-0.93,46.5,0
457,228.55,-0.94,44.8,0
458,229.05,-0.93,46.4,0
459,229.57,-0.92,48.9,0
460,230.09,-0.89,19.6,0
461,230.61,-0.89,23.4,0
462,231.12,-0.85,24.9,0
463,231.55,-0.82,24.8,0
464,232.07,-0.76,26.4,0
465,232.58,-0.62,33.8,0
466,233.10,-0.59,30.0,0
467,233.62,-0.42,43.6,0
468,234.04,-0.38,42.8,0
469,234.56,-0.28,45.5,0
470,235.08,-0.20,44.4,0
471,235.59,-0.10,46.3,0
472,236.11,-0.02,47.8,0
473,236.63,0.04,51.2,0
474,237.05,0.10,49.8,0
475,237.57,0.16,48.1,0
476,238.10,0.21,52.2,0
477,238.61,0.22,50.9,0
478,239.05,0.24,50.1,0
479,239.57,0.27,54.3,0
480,240.08,0.26,48.9,0
481,240.60,0.28,52.5,0
482,241.12,0.27,51.2,0
483,241.55,0.24,48.9,0
484,242.06,0.22,50.0,0
485,242.57,0.21,49.8,0
486,243.09,0.20,47.8,0
487,243.60,0.15,42.9,0
488,244.12,0.12,44.0,0
489,244.55,0.07,39.9,0
490,245.06,0.06,44.8,0
491,245.58,-0.01,39.1,0
492,246.09,-0.02,37.9,0
493,246.61,0.01,45.2,0
494,247.04,-0.05,37.2,0
495,247.56,-0.05,36.3,0
496,248.07,-0.10,37.4,0
497,248.59,-0.11,38.8,0
498,249.11,-0.20,27.3,0
499,249.55,-0.21,34.8,0
500,250.05,-0.22,35.1,0
501,250.56,-0.26,33.9,0
502,251.08,-0.28,32.2,0
503,251.60,-0.29,32.5,0
504,252.12,-0.29,35.9,0
505,252.55,-0.29,34.9,0
506,253.06,-0.31,30.1,0
507,253.58,-0.28,38.5,0
508,254.09,-0.27,36.2,0
509,254.61,-0.29,32.7,0
510,255.05,-0.27,36.6,0
511,255.56,-0.22,40.7,0
512,256.08,-0.22,37.2,0
513,256.59,-0.20,41.1,0
514,257.11,-0.12,45.9,0
515,257.54,-0.15,37.4,0
516,258.06,-0.05,47.3,0
517,258.57,-0.10,40.5,0
518,259.09,-0.07,35.8,0
519,259.61,-0.04,38.6,0
520,260.04,0.02,48.4,0
521,260.56,0.02,45.8,0
522,261.08,0.05,48.2,0
523,261.60,0.05,45.6,0
524,262.11,0.02,38.8,0
525,262.54,0.07,49.0,0
526,263.04,0.04,39.2,0
527,263.55,0.04,40.0,0
528,264.07,0.04,41.1,0
529,264.58,0.05,42.2,0
530,265.10,0.01,42.0,0
531,265.62,0.04,45.3,0
532,266.05,0.04,45.5,0
533,266.56,0.02,42.4,0
534,267.08,-0.01,39.6,0
535,267.60,-0.05,36.0,0
536,268.11,-0.06,32.8,0
537,268.62,-0.06,36.4,0
538,269.04,-0.04,38.0,0
539,269.55,-0.04,41.4,0
540,270.06,-0.04,37.9,0
541,270.57,-0.06,33.7,0
542,271.08,-0.06,36.4,0
543,271.60,-0.05,43.6,0
544,272.11,-0.06,39.7,0
545,272.62,-0.04,38.8,0
546,273.05,-0.04,40.4,0
547,273.55,-0.06,38.9,0
548,274.06,-0.06,42.4,0
549,274.57,-0.09,37.2,0
550,275.09,-0.02,42.6,0
551,275.60,-0.06,36.9,0
552,276.11,-0.12,32.3,0
553,276.54,-0.02,42.2,0
554,277.05,-0.09,36.1,0
555,277.55,-0.04,44.5,0
556,278.07,-0.01,44.5,0
557,278.58,-0.04,39.3,0
558,279.09,0.00,44.8,0
559,279.61,0.02,46.5,0
560,280.12,-0.04,34.8,0
561,280.54,-0.05,37.1,0
562,281.05,0.04,49.3,0
563,281.56,0.05,44.5,0
564,282.07,0.02,40.2,0
565,282.58,-0.01,34.7,0
566,283.10,0.06,46.6,0
567,283.61,0.05,48.0,0
568,284.04,0.04,41.4,0
569,284.55,0.04,43.4,0
570,285.06,0.05,42.0,0
571,285.57,0.04,42.6,0
572,286.08,0.05,42.8,0
573,286.59,-0.01,32.9,0
574,287.11,0.01,38.3,0
575,287.62,0.02,39.6,0
576,288.05,0.04,45.2,0
577,288.56,0.00,40.5,0
578,289.07,0.00,36.2,0
579,289.58,-0.01,39.2,0
580,290.09,-0.01,39.4,0
581,290.60,-0.01,43.7,0
582,291.11,-0.02,40.8,0
583,291.62,-0.04,41.2,0
584,292.05,-0.01,41.0,0
585,292.56,-0.05,37.4,0
586,293.08,-0.06,40.3,0
587,293.59,0.00,45.8,0
588,294.11,-0.06,36.9,0
589,294.62,-0.05,42.4,0
590,295.05,-0.02,39.8,0
591,295.56,-0.05,34.5,0
592,296.07,-0.06,38.5,0
593,296.58,-0.04,38.5,0
594,297.09,-0.01,44.4,0
595,297.61,-0.02,41.3,0
596,298.12,-0.04,40.1,0
597,298.54,-0.05,37.1,0
598,299.05,-0.04,38.3,0
599,299.56,-0.04,40.2,0
600,300.07,0.00,44.8,0
601,300.59,0.01,45.0,0
602,301.10,0.00,41.2,0
603,301.61,-0.01,40.0,0
604,302.12,0.01,43.3,0
605,302.55,-0.01,42.4,0
606,303.06,-0.04,34.6,0
607,303.56,0.05,44.5,0
608,304.07,0.02,40.1,0
609,304.58,0.02,40.1,0
610,305.10,0.02,43.6,0
611,305.61,0.04,45.1,0
612,306.12,0.01,40.7,0
613,306.55,0.04,42.3,0
614,307.05,0.01,38.1,0
615,307.56,0.01,36.3,0
616,308.07,0.04,44.1,0
617,308.59,0.02,42.8,0
618,309.10,0.04,43.3,0
619,309.61,0.02,39.4,0
620,310.12,0.02,42.1,0
621,310.55,0.00,36.9,0
622,311.06,0.04,44.1,0
623,311.56,0.04,41.7,0
624,312.07,0.04,41.6,0
625,312.59,0.02,40.3,0
626,313.11,0.01,41.7,0
627,313.62,0.01,39.9,0
628,314.04,0.01,40.7,0
629,314.55,-0.02,37.1,0
630,315.06,0.00,40.6,0
631,315.57,-0.06,32.4,0
632,316.08,-0.05,34.5,0
633,316.59,-0.01,42.7,0
634,317.11,0.00,41.4,0
635,317.62,-0.02,35.3,0
636,318.05,-0.04,40.2,0
637,318.56,0.01,44.3,0
638,319.07,-0.04,37.6,0
639,319.58,-0.04,41.0,0
640,320.09,-0.05,37.2,0
641,320.60,-0.04,42.8,0
642,321.11,-0.05,38.1,0
643,321.62,-0.05,40.6,0
644,322.05,-0.04,44.4,0
645,322.56,-0.04,41.9,0
646,323.08,-0.07,41.4,0
647,323.59,-0.07,41.4,0
648,324.10,-0.06,39.2,0
649,324.61,-0.04,40.9,0
650,325.04,-0.09,34.9,0
651,325.55,-0.05,37.8,0
652,326.06,-0.05,37.7,0
653,326.58,-0.05,40.4,0
654,327.10,0.00,47.9,0
655,327.61,-0.07,39.3,0
656,328.12,-0.02,43.8,0
657,328.55,0.00,42.7,0
658,329.05,-0.04,38.1,0
659,329.56,-0.02,38.4,0
660,330.08,0.00,44.4,0
661,330.59,0.01,43.8,0
662,331.11,-0.02,37.4,0
663,331.62,-0.01,37.8,0
664,332.04,-0.01,43.0,0
665,332.56,-0.01,40.3,0
666,333.07,0.01,42.1,0
667,333.58,-0.01,40.3,0
668,334.09,0.01,40.3,0
669,334.60,0.00,42.4,0
670,335.11,0.00,40.0,0
671,335.62,0.06,48.9,0
672,336.04,0.05,45.8,0
673,336.55,0.02,39.8,0
674,337.06,-0.01,37.0,0
675,337.57,0.04,42.2,0
676,338.08,0.00,37.3,0
677,338.60,0.01,37.8,0
678,339.11,0.00,36.5,0
679,339.62,0.01,40.5,0
680,340.05,0.02,43.3,0
681,340.56,0.01,42.1,0
682,341.08,0.04,40.3,0
683,341.59,0.02,40.0,0
684,342.10,0.02,40.8,0
685,342.61,0.06,47.3,0
686,343.04,0.05,40.8,0
687,343.55,-0.01,36.3,0
688,344.07,0.02,42.7,0
689,344.58,0.01,38.7,0
690,345.09,0.02,44.5,0
691,345.61,0.00,38.5,0
692,346.12,-0.01,37.1,0
693,346.55,0.02,46.1,0
694,347.06,0.01,41.5,0
695,347.57,-0.05,37.7,0
696,348.08,-0.02,39.4,0
697,348.59,-0.06,37.3,0
698,349.10,-0.01,41.6,0
699,349.61,-0.02,41.0,0
700,350.04,-0.06,35.5,0
701,350.55,-0.02,36.8,0
702,351.06,-0.02,40.2,0
703,351.57,-0.06,37.3,0
704,352.08,0.00,45.4,0
705,352.59,0.00,42.0,0
706,353.11,-0.01,39.7,0
707,353.62,-0.01,38.8,0
708,354.05,0.00,41.7,0
709,354.56,-0.01,43.1,0
710,355.07,-0.02,35.8,0
711,355.58,0.01,42.2,0
712,356.10,-0.04,36.2,0
713,356.61,0.01,43.0,0
714,357.04,-0.01,39.6,0
715,357.55,0.00,38.2,0
716,358.06,0.01,43.0,0
717,358.58,0.00,40.7,0
718,359.09,0.02,44.3,0
719,359.60,0.04,40.3,0
720,360.11,0.00,40.0,0
721,360.55,-0.01,39.5,0
722,361.05,0.01,38.7,0
723,361.55,0.01,40.5,0
724,362.06,0.05,45.1,0
725,362.57,0.04,40.3,0
726,363.09,-0.02,33.8,0
727,363.60,0.01,38.8,0
728,364.11,0.04,43.8,0
729,364.62,0.06,45.6,0
730,365.05,0.04,38.6,0
731,365.55,0.07,46.1,0
732,366.07,0.05,42.6,0
733,366.58,0.05,44.2,0
734,367.09,0.06,43.1,0
735,367.61,0.05,39.0,0
736,368.04,0.04,42.2,0
737,368.56,0.06,44.8,0
738,369.07,0.05,41.9,0
739,369.59,0.05,40.2,0
740,370.11,0.00,39.3,0
741,370.62,0.02,40.3,0
742,371.06,-0.02,36.0,0
743,371.58,0.00,42.1,0
744,372.09,-0.05,35.4,0
745,372.61,0.01,46.9,0
746,373.13,0.01,43.3,0
747,373.56,0.00,42.0,0
748,374.07,-0.04,36.6,0
749,374.59,-0.04,40.1,0
750,375.10,0.00,41.3,0
751,375.61,-0.02,36.9,0
752,376.12,-0.06,35.8,0
753,376.55,-0.02,39.7,0
754,377.06,-0.05,41.4,0
755,377.58,-0.05,41.3,0
756,378.09,-0.04,41.8,0
757,378.61,0.00,45.4,0
758,379.13,-0.05,38.6,0
759,379.56,-0.05,38.7,0
760,380.07,0.00,42.0,0
761,380.59,-0.02,41.1,0
762,381.10,0.00,42.0,0
763,381.62,0.00,41.9,0
764,382.05,0.01,42.2,0
765,382.57,-0.02,36.8,0
766,383.09,0.00,44.5,0
767,383.60,-0.01,39.7,0
768,384.12,0.01,40.6,0
769,384.55,-0.01,39.7,0
770,385.09,-0.01,38.9,0
771,385.60,0.00,40.2,0
772,386.10,0.01,42.2,0
773,386.62,0.02,43.6,0
774,387.05,0.01,40.4,0
775,387.57,0.04,43.8,0
776,388.08,0.02,41.0,0
777,388.60,0.04,44.8,0
778,389.12,0.04,43.9,0
779,389.55,0.01,37.2,0
780,390.06,0.05,43.6,0
781,390.58,0.02,39.3,0
782,391.10,0.05,43.6,0
783,391.63,0.04,46.6,0
784,392.05,0.00,37.6,0
785,392.57,0.04,44.0,0
786,393.09,0.01,39.7,0
787,393.61,0.01,41.5,0
788,394.12,0.01,41.7,0
789,394.55,0.05,46.2,0
790,395.06,0.02,40.2,0
791,395.58,0.01,39.9,0
792,396.09,0.01,41.7,0
793,396.61,0.02,39.5,0
794,397.04,-0.01,40.0,0
795,397.56,0.00,40.4,0
796,398.07,0.00,42.2,0
797,398.59,-0.01,41.7,0
798,399.11,0.00,42.1,0
799,399.54,0.00,40.4,0
800,400.05,-0.04,36.7,0
801,400.57,0.02,43.8,0
802,401.09,-0.02,38.8,0
803,401.61,-0.02,42.2,0
804,402.04,-0.01,45.2,0
805,402.56,-0.05,38.8,0
806,403.08,-0.01,43.4,0
807,403.59,-0.01,45.1,0
808,404.11,0.00,42.1,0
809,404.63,-0.01,41.6,0
810,405.05,-0.01,40.9,0
811,405.58,-0.01,41.7,0
812,406.10,-0.02,41.2,0
813,406.61,-0.04,40.9,0
814,407.05,-0.02,36.9,0
815,407.57,-0.05,41.2,0
816,408.09,-0.04,37.4,0
817,408.61,-0.05,38.8,0
818,409.04,-0.07,34.4,0
819,409.57,-0.05,43.8,0
820,410.08,-0.04,40.8,0
821,410.59,-0.04,42.5,0
822,411.11,-0.06,39.9,0
823,411.54,-0.04,41.5,0
824,412.05,-0.05,40.3,0
825,412.57,-0.04,41.5,0
826,413.09,-0.02,39.3,0
827,413.61,-0.04,38.8,0
828,414.12,-0.05,38.5,0
829,414.56,-0.02,40.1,0
830,415.08,-0.02,40.9,0
831,415.59,-0.01,41.2,0
832,416.11,0.01,42.1,0
833,416.63,-0.05,33.9,0
834,417.05,0.00,44.2,0
835,417.57,-0.01,41.2,0
836,418.09,0.01,39.4,0
837,418.60,-0.01,39.5,0
838,419.12,-0.05,35.8,0
839,419.55,-0.02,35.7,0
840,420.07,0.00,39.9,0
841,420.59,0.02,41.5,0
842,421.10,0.02,45.0,0
843,421.63,0.01,42.8,0
844,422.05,-0.01,40.3,0
845,422.56,0.01,43.8,0
846,423.08,0.00,41.6,0
847,423.60,0.02,45.0,0
848,424.11,-0.01,37.8,0
849,424.55,-0.04,34.4,0
850,425.05,0.01,46.5,0
851,425.57,-0.01,41.2,0
852,426.09,0.00,38.1,0
853,426.60,0.04,48.9,0
854,427.12,0.00,41.6,0
855,427.55,-0.01,41.2,0
856,428.07,-0.02,34.8,0
857,428.58,0.01,44.6,0
858,429.10,0.02,45.2,0
859,429.62,-0.02,35.6,0
860,430.04,0.00,39.8,0
861,430.56,0.01,41.2,0
862,431.08,0.02,45.0,0
863,431.60,0.01,42.0,0
864,432.11,-0.01,39.6,0
865,432.54,-0.01,43.0,0
866,433.05,-0.02,33.9,0
867,433.56,0.00,39.1,0
868,434.07,-0.02,38.3,0
869,434.59,0.01,40.3,0
870,435.10,0.01,46.3,0
871,435.63,0.01,46.2,0
872,436.05,-0.02,42.6,0
873,436.57,-0.02,42.6,0
874,437.08,-0.02,39.9,0
875,437.60,0.00,46.0,0
876,438.11,-0.01,40.4,0
877,438.55,-0.02,39.9,0
878,439.07,0.02,43.2,0
879,439.59,0.01,48.1,0
880,440.10,-0.05,35.7,0
881,440.61,0.02,42.4,0
882,441.05,-0.04,38.6,0
883,441.57,-0.02,39.0,0
884,442.08,-0.02,37.3,0
885,442.60,0.01,43.6,0
886,443.11,-0.02,38.1,0
887,443.55,0.02,42.4,0
888,444.06,0.01,42.0,0
889,444.57,0.00,39.9,0
890,445.09,0.04,47.2,0
891,445.61,0.02,41.4,0
892,446.04,0.02,45.8,0
893,446.56,0.01,41.0,0
894,447.08,0.01,44.5,0
895,447.60,0.00,40.6,0
896,448.11,0.01,39.3,0
897,448.54,0.04,45.3,0
898,449.05,0.04,42.0,0
899,449.55,0.05,45.8,0
900,450.07,0.01,39.4,0
901,450.59,0.02,42.3,0
902,451.10,0.05,47.5,0
903,451.62,0.02,44.0,0
904,452.05,0.01,39.3,0
905,452.56,0.04,44.6,0
906,453.08,0.01,36.8,0
907,453.60,0.04,42.0,0
908,454.11,0.07,45.8,0
909,454.54,0.07,43.2,0
910,455.05,0.01,36.0,0
911,455.57,0.02,41.6,0
912,456.08,0.02,42.7,0
913,456.60,0.02,41.7,0
914,457.11,0.04,42.9,0
915,457.55,0.02,39.2,0
916,458.06,0.04,43.0,0
917,458.58,0.04,42.2,0
918,459.10,-0.02,35.0,0
919,459.62,0.01,45.7,0
920,460.05,0.02,44.4,0
921,460.57,-0.01,39.8,0
922,461.08,0.00,42.7,0
923,461.60,-0.01,41.5,0
924,462.11,0.02,43.6,0
925,462.55,-0.01,40.6,0
926,463.05,0.01,39.8,0
927,463.56,0.00,41.0,0
928,464.08,-0.04,35.6,0
929,464.60,-0.01,39.0,0
930,465.12,-0.01,39.7,0
931,465.55,0.01,46.5,0
932,466.07,-0.02,38.6,0
933,466.58,-0.02,42.0,0
934,467.10,0.01,41.3,0
935,467.61,-0.04,39.0,0
936,468.05,-0.01,39.8,0
937,468.56,0.01,39.8,0
938,469.07,0.01,38.0,0
939,469.59,0.04,43.0,0
940,470.09,0.00,39.3,0
941,470.60,0.05,43.6,0
942,471.12,0.05,41.7,0
943,471.55,0.01,41.4,0
944,472.06,0.04,41.4,0
945,472.57,0.02,38.4,0
946,473.08,0.06,42.2,0
947,473.60,0.06,47.5,0
948,474.11,0.06,42.2,0
949,474.62,0.01,38.2,0
950,475.05,0.04,44.9,0
951,475.55,0.04,42.5,0
952,476.06,0.06,47.6,0
953,476.57,0.02,42.2,0
954,477.09,0.00,36.9,0
955,477.60,-0.01,38.3,0
956,478.11,0.05,42.8,0
957,478.54,0.04,46.8,0
958,479.05,0.02,40.4,0
959,479.56,0.02,42.9,0
960,480.07,0.01,40.0,0
961,480.58,0.02,42.2,0
962,481.10,0.01,39.2,0
963,481.62,-0.04,37.4,0
964,482.04,0.00,39.6,0
965,482.55,0.00,42.2,0
966,483.06,0.04,40.8,0
967,483.57,-0.01,40.0,0
968,484.08,-0.01,40.2,0
969,484.59,0.01,43.6,0
970,485.11,-0.01,37.5,0
971,485.62,-0.05,33.7,0
972,486.05,-0.02,37.8,0
973,486.56,-0.06,35.1,0
974,487.07,-0.01,39.2,0
975,487.58,0.01,40.9,0
976,488.09,-0.01,38.3,0
977,488.60,-0.01,37.4,0
978,489.12,-0.02,42.3,0
979,489.54,0.00,40.5,0
980,490.05,-0.02,37.1,0
981,490.57,0.01,39.1,0
982,491.08,0.00,39.6,0
983,491.59,0.02,43.0,0
984,492.10,0.00,40.5,0
985,492.62,-0.02,34.5,0
986,493.12,0.01,41.6,0
987,493.55,0.02,47.4,0
988,494.06,0.01,39.1,0
989,494.57,0.01,40.9,0
990,495.09,0.01,40.0,0
991,495.60,0.01,39.1,0
992,496.11,-0.02,35.3,0
993,496.62,0.01,39.9,0
994,497.05,0.02,41.3,0
995,497.56,-0.04,35.7,0
996,498.07,0.02,46.6,0
997,498.59,0.02,42.2,0
998,499.10,0.01,39.2,0
999,499.61,-0.01,36.6,0
1000,500.04,0.06,46.8,0
1001,500.55,0.05,41.2,0
1002,501.06,0.02,42.3,0
1003,501.57,0.02,37.8,0
1004,502.08,-0.01,37.5,0
1005,502.59,0.04,40.9,0
1006,503.11,0.04,43.4,0
1007,503.63,0.04,45.1,0
1008,504.05,0.01,41.8,0
1009,504.56,0.00,36.2,0
1010,505.08,0.01,39.3,0
1011,505.58,0.05,43.1,0
1012,506.09,-0.01,40.3,0
1013,506.60,-0.01,36.8,0
1014,507.12,0.02,42.4,0
1015,507.55,0.04,43.7,0
1016,508.06,0.02,38.8,0
1017,508.57,0.01,43.7,0
1018,509.08,0.02,39.8,0
1019,509.60,-0.02,36.5,0
1020,510.11,0.06,48.9,0
1021,510.62,-0.02,37.3,0
1022,511.05,0.00,38.2,0
1023,511.56,0.02,44.1,0
1024,512.07,0.00,41.7,0
1025,512.58,0.00,40.9,0
1026,513.10,-0.02,39.2,0
1027,513.61,0.01,38.6,0
1028,514.12,-0.04,33.4,0
1029,514.55,0.01,43.9,0
1030,515.05,0.00,39.1,0
1031,515.56,-0.01,38.7,0
1032,516.07,0.00,41.7,0
1033,516.58,-0.01,40.5,0
1034,517.09,-0.04,32.6,0
1035,517.60,-0.06,37.2,0
1036,518.11,0.00,43.5,0
1037,518.54,-0.06,35.3,0
1038,519.05,-0.04,36.1,0
1039,519.57,0.01,44.6,0
1040,520.08,0.02,46.8,0
1041,520.59,-0.02,41.7,0
1042,521.10,-0.01,38.6,0
1043,521.61,-0.04,39.5,0
1044,522.12,-0.02,40.8,0
1045,522.55,-0.05,41.0,0
1046,523.06,-0.06,33.5,0
1047,523.57,0.00,38.9,0
1048,524.08,0.01,43.8,0
1049,524.59,-0.01,40.4,0
1050,525.11,0.00,38.0,0
1051,525.62,0.02,40.6,0
1052,526.05,-0.01,41.9,0
1053,526.56,0.00,41.5,0
1054,527.07,-0.02,38.1,0
1055,527.58,-0.01,38.6,0
1056,528.10,0.00,42.4,0
1057,528.61,0.01,41.0,0
1058,529.04,0.00,39.8,0
1059,529.55,0.01,41.0,0
1060,530.06,0.02,41.4,0
1061,530.58,-0.02,38.9,0
1062,531.09,-0.01,38.6,0
1063,531.60,-0.02,38.2,0
1064,532.11,-0.04,36.0,0
1065,532.55,-0.01,41.9,0
1066,533.05,-0.04,42.1,0
1067,533.55,0.02,45.1,0
1068,534.07,0.00,42.3,0
1069,534.58,0.04,45.4,0
1070,535.09,0.01,46.2,0
1071,535.60,-0.02,37.2,0
1072,536.11,0.01,44.5,0
1073,536.54,-0.01,41.1,0
1074,537.04,-0.04,36.0,0
1075,537.55,-0.01,40.3,0
1076,538.07,-0.02,39.8,0
1077,538.58,0.01,44.4,0
1078,539.09,-0.04,38.6,0
1079,539.61,-0.05,34.6,0
1080,540.12,0.04,44.3,0
1081,540.54,0.00,40.6,0
1082,541.05,0.01,43.5,0
1083,541.56,-0.02,41.6,0
1084,542.07,-0.01,41.1,0
1085,542.58,0.01,43.6,0
1086,543.10,-0.01,41.8,0
1087,543.61,-0.02,41.3,0
1088,544.04,0.02,45.6,0
1089,544.55,-0.01,38.4,0
1090,545.06,-0.01,41.9,0
1091,545.57,-0.01,39.3,0
1092,546.08,-0.02,37.1,0
1093,546.59,-0.02,39.7,0
1094,547.11,0.00,40.6,0
1095,547.62,-0.02,37.1,0
1096,548.05,-0.02,40.5,0
1097,548.56,-0.01,43.5,0
1098,549.08,-0.05,37.2,0
1099,549.58,-0.01,40.0,0
1100,550.09,0.00,43.1,0
1101,550.60,-0.02,40.4,0
1102,551.11,-0.02,43.3,0
1103,551.62,-0.05,37.9,0
1104,552.05,-0.04,40.1,0
1105,552.56,-0.01,38.3,0
1106,553.08,-0.01,42.6,0
1107,553.58,0.00,41.3,0
1108,554.09,-0.01,43.6,0
1109,554.60,-0.02,38.8,0
1110,555.12,-0.02,41.3,0
1111,555.54,0.01,42.6,0
1112,556.06,0.04,45.9,0
1113,556.56,0.00,36.8,0
1114,557.07,0.00,36.8,0
1115,557.59,0.02,42.1,0
1116,558.10,0.05,46.3,0
1117,558.61,0.00,39.5,0
1118,559.04,0.00,41.2,0
1119,559.55,-0.02,36.1,0
1120,560.06,-0.04,36.6,0
1121,560.58,-0.04,38.2,0
1122,561.09,-0.04,36.6,0
1123,561.61,-0.04,39.1,0
1124,562.12,-0.01,42.6,0
1125,562.56,-0.06,35.6,0
1126,563.07,-0.02,44.8,0
1127,563.59,-0.04,41.7,0
1128,564.11,-0.04,40.9,0
1129,564.62,-0.05,40.4,0
1130,565.05,-0.06,35.8,0
1131,565.58,-0.06,38.3,0
1132,566.09,-0.11,30.5,0
1133,566.61,-0.02,42.9,0
1134,567.13,-0.06,38.2,0
1135,567.56,-0.04,42.4,0
1136,568.06,-0.11,33.0,0
1137,568.58,-0.07,41.2,0
1138,569.09,-0.09,37.4,0
1139,569.61,-0.06,39.0,0
1140,570.12,-0.06,38.9,0
1141,570.56,-0.06,38.8,0
1142,571.08,-0.05,39.1,0
1143,571.60,-0.04,43.8,0
1144,572.11,-0.07,39.3,0
1145,572.54,-0.04,43.8,0
1146,573.04,-0.06,37.0,0
1147,573.55,-0.05,37.3,0
1148,574.06,-0.07,33.8,0
1149,574.58,-0.09,32.7,0
1150,575.10,-0.02,43.2,0
1151,575.62,-0.06,41.9,0
1152,576.05,-0.06,40.2,0
1153,576.56,-0.07,41.6,0
1154,577.08,-0.05,43.1,0
1155,577.60,-0.06,36.6,0
1156,578.11,-0.05,39.7,0
1157,578.54,-0.07,37.2,0
1158,579.05,-0.09,37.5,0
1159,579.57,-0.07,40.5,0
1160,580.08,-0.04,40.8,0
1161,580.60,-0.04,41.5,0
1162,581.12,-0.07,37.7,0
1163,581.55,-0.04,40.6,0
1164,582.05,-0.10,34.2,0
1165,582.57,0.00,46.3,0
1166,583.09,-0.06,36.4,0
1167,583.60,-0.05,35.9,0
1168,584.12,-0.06,33.6,0
1169,584.55,-0.01,42.9,0
1170,585.06,-0.04,37.8,0
1171,585.58,-0.04,41.3,0
1172,586.09,-0.04,37.8,0
1173,586.61,-0.05,36.5,0
1174,587.12,-0.01,37.7,0
1175,587.56,-0.04,36.9,0
1176,588.07,-0.02,38.2,0
1177,588.59,-0.05,38.3,0
1178,589.11,-0.05,38.2,0
1179,589.54,-0.04,37.7,0
1180,590.05,-0.02,40.7,0
1181,590.56,-0.04,39.4,0
1182,591.08,-0.02,37.2,0
1183,591.59,-0.01,39.3,0
1184,592.11,0.00,42.4,0
1185,592.54,-0.06,36.0,0
1186,593.05,0.00,39.7,0
1187,593.57,-0.04,39.3,0
1188,594.08,-0.01,39.2,0
1189,594.60,-0.02,40.5,0
1190,595.11,-0.02,43.2,0
1191,595.57,-0.06,35.1,0
1192,596.08,-0.01,39.2,0
1193,596.60,-0.04,36.6,0
1194,597.04,-0.02,42.2,0
1195,597.56,-0.05,37.9,0
1196,598.07,-0.05,37.1,0
1197,598.59,-0.09,30.5,0
1198,599.10,-0.06,35.7,0
1199,599.63,0.00,45.2,0
1200,600.05,0.00,45.4,0
1201,600.57,-0.05,37.8,0
1202,601.08,-0.06,34.0,0
1203,601.60,-0.06,33.1,0
1204,602.11,-0.06,35.7,0
1205,602.55,-0.06,33.9,0
1206,603.06,-0.06,38.1,0
1207,603.58,-0.05,39.4,0
1208,604.09,-0.02,39.3,0
1209,604.61,-0.02,43.6,0
1210,605.12,-0.02,42.7,0
1211,605.56,-0.02,35.8,0
1212,606.07,-0.05,39.4,0
1213,606.59,-0.05,32.3,0
1214,607.11,-0.02,41.1,0
1215,607.54,-0.05,35.7,0
1216,608.05,0.00,40.7,0
1217,608.56,-0.04,36.0,0
1218,609.08,0.01,43.7,0
1219,609.60,-0.05,35.7,0
1220,610.11,-0.01,39.5,0
1221,610.54,-0.05,35.7,0
1222,611.05,-0.04,41.3,0
1223,611.57,-0.02,39.9,0
1224,612.09,-0.05,37.4,0
1225,612.60,-0.02,37.2,0
1226,613.12,-0.02,39.8,0
1227,613.55,-0.05,35.5,0
1228,614.07,-0.02,37.2,0
1229,614.58,0.00,41.4,0
1230,615.10,0.01,41.9,0
1231,615.62,0.00,38.8,0
1232,616.04,0.04,43.4,0
1233,616.56,0.04,40.0,0
1234,617.08,-0.02,37.2,0
1235,617.60,0.00,42.3,0
1236,618.11,-0.02,36.3,0
1237,618.55,0.00,39.6,0
1238,619.05,0.04,42.7,0
1239,619.57,-0.01,35.0,0
1240,620.08,-0.02,36.3,0
1241,620.60,-0.02,35.5,0
1242,621.12,-0.04,34.2,0
1243,621.55,0.02,43.0,0
1244,622.06,-0.01,38.3,0
1245,622.58,-0.02,37.0,0
1246,623.09,0.00,41.3,0
1247,623.61,0.02,42.1,0
1248,624.04,0.04,41.6,0
1249,624.56,0.06,42.5,0
1250,625.07,0.00,39.6,0
1251,625.58,0.00,34.5,0
1252,626.11,0.02,42.2,0
1253,626.61,0.00,34.5,0
1254,627.05,-0.01,38.4,0
1255,627.57,-0.04,35.9,0
1256,628.08,-0.01,35.0,0
1257,628.60,-0.02,35.4,0
1258,629.12,-0.04,37.6,0
1259,629.55,-0.02,35.4,0
1260,630.06,0.01,42.7,0
1261,630.57,-0.02,37.2,0
1262,631.09,-0.01,35.0,0
1263,631.61,0.00,38.8,0
1264,632.12,-0.05,33.8,0
1265,632.56,-0.04,38.4,0
1266,633.08,-0.01,41.8,0
1267,633.59,-0.05,35.5,0
1268,634.11,-0.01,36.7,0
1269,634.63,-0.04,38.4,0
1270,635.05,-0.02,38.0,0
1271,635.57,-0.04,36.8,0
1272,636.08,-0.06,35.1,0
1273,636.60,-0.04,37.6,0
1274,637.12,-0.06,35.1,0
1275,637.56,0.00,41.2,0
1276,638.06,-0.04,36.5,0
1277,638.57,-0.01,39.9,0
1278,639.09,-0.01,41.6,0
1279,639.61,-0.06,36.6,0
1280,640.12,-0.04,37.4,0
1281,640.55,-0.02,36.1,0
1282,641.07,-0.01,37.3,0
1283,641.59,-0.06,32.3,0
1284,642.11,-0.05,37.1,0
1285,642.54,-0.04,38.1,0
1286,643.05,-0.06,32.2,0
1287,643.56,-0.05,37.8,0
1288,644.08,-0.02,37.7,0
1289,644.59,-0.04,37.2,0
1290,645.11,-0.05,32.5,0
1291,645.54,-0.02,35.0,0
1292,646.06,-0.02,38.5,0
1293,646.57,0.01,39.7,0
1294,647.10,0.00,38.2,0
1295,647.62,0.05,49.2,0
1296,648.04,0.00,40.0,0
1297,648.56,-0.04,36.2,0
1298,649.08,-0.04,38.9,0
1299,649.59,-0.01,37.9,0
1300,650.11,-0.02,34.9,0
1301,650.63,-0.02,37.5,0
1302,651.06,-0.05,33.3,0
1303,651.58,-0.04,31.9,0
1304,652.09,-0.01,37.9,0
1305,652.61,0.02,41.7,0
1306,653.04,0.04,43.7,0
1307,653.56,0.01,38.5,0
1308,654.07,0.00,35.7,0
1309,654.59,-0.04,38.8,0
1310,655.11,-0.01,38.7,0
1311,655.54,-0.02,33.1,0
1312,656.05,0.00,39.2,0
1313,656.57,0.02,38.2,0
1314,657.09,0.01,36.1,0
1315,657.61,-0.05,34.1,0
1316,658.04,-0.01,38.7,0
1317,658.56,-0.02,38.3,0
1318,659.08,0.00,39.1,0
1319,659.59,-0.04,34.4,0
1320,660.11,-0.04,34.5,0
1321,660.63,-0.02,38.2,0
1322,661.05,-0.02,33.1,0
1323,661.57,0.00,38.2,0
1324,662.09,-0.05,32.4,0
1325,662.60,0.00,37.3,0
1326,663.11,0.01,41.2,0
1327,663.63,-0.05,35.7,0
1328,664.05,-0.01,36.1,0
1329,664.56,0.01,39.6,0
1330,665.07,-0.02,33.1,0
1331,665.58,-0.02,32.2,0
1332,666.09,0.01,43.1,0
1333,666.60,0.00,36.5,0
1334,667.12,-0.04,31.8,0
1335,667.54,0.02,40.8,0
1336,668.06,0.01,40.3,0
1337,668.57,0.05,45.8,0
1338,669.09,0.02,37.2,0
1339,669.60,0.05,41.5,0
1340,670.11,0.02,38.9,0
1341,670.54,0.00,40.8,0
1342,671.05,0.01,36.9,0
1343,671.55,0.04,41.3,0
1344,672.06,0.00,37.3,0
1345,672.57,0.02,39.9,0
1346,673.08,0.00,36.4,0
1347,673.59,0.02,34.6,0
1348,674.10,0.06,42.0,0
1349,674.61,0.04,35.1,0
1350,675.12,0.01,34.2,0
1351,675.55,0.02,35.6,0
1352,676.06,0.01,37.0,0
1353,676.57,0.04,39.6,0
1354,677.09,0.06,40.4,0
1355,677.61,0.01,33.5,0
1356,678.11,0.04,39.6,0
1357,678.55,0.00,36.6,0
1358,679.05,0.04,37.9,0
1359,679.56,0.04,37.7,0
1360,680.07,0.02,34.8,0
1361,680.58,0.02,37.6,0
1362,681.10,0.01,35.4,0
1363,681.61,0.01,39.1,0
1364,682.12,-0.04,32.2,0
1365,682.55,0.00,35.1,0
1366,683.05,-0.02,31.6,0
1367,683.56,0.01,39.1,0
1368,684.07,0.01,39.0,0
1369,684.58,0.01,33.7,0
1370,685.09,0.01,33.8,0
1371,685.61,0.04,43.4,0
1372,686.12,0.05,41.1,0
1373,686.55,0.04,37.2,0
1374,687.06,0.04,40.6,0
1375,687.57,0.04,39.8,0
1376,688.08,0.00,33.5,0
1377,688.59,0.02,40.3,0
1378,689.11,0.02,41.9,0
1379,689.54,0.00,39.5,0
1380,690.05,-0.01,34.9,0
1381,690.56,0.00,38.8,0
1382,691.08,0.01,39.2,0
1383,691.59,-0.02,31.8,0
1384,692.10,-0.01,37.5,0
1385,692.62,-0.02,35.2,0
1386,693.04,-0.05,34.7,0
1387,693.55,-0.02,35.4,0
1388,694.06,-0.04,34.0,0
1389,694.57,-0.01,37.6,0
1390,695.08,0.01,42.6,0
1391,695.60,-0.02,35.2,0
1392,696.11,0.01,40.0,0
1393,696.54,0.01,40.0,0
1394,697.05,0.01,41.7,0
1395,697.56,-0.02,34.5,0
1396,698.07,-0.04,35.8,0
1397,698.58,-0.01,37.4,0
1398,699.10,-0.01,38.2,0
1399,699.62,0.01,40.7,0
1400,700.04,0.00,39.5,0
1401,700.55,-0.01,33.9,0
1402,701.06,0.01,38.2,0
1403,701.57,0.02,39.5,0
1404,702.08,0.02,39.5,0
1405,702.59,0.01,36.3,0
1406,703.11,0.06,43.2,0
1407,703.54,0.06,39.8,0
1408,704.05,0.01,34.7,0
1409,704.57,0.09,43.2,0
1410,705.08,0.05,36.8,0
1411,705.59,-0.01,30.4,0
1412,706.11,-0.01,34.0,0
1413,706.62,0.00,37.9,0
1414,707.05,0.02,41.2,0
1415,707.56,0.01,35.8,0
1416,708.07,0.01,38.4,0
1417,708.58,0.02,38.8,0
1418,709.09,0.04,41.7,0
1419,709.61,0.01,36.5,0
1420,710.11,0.07,45.7,0
1421,710.54,0.02,37.0,0
1422,711.05,0.05,43.2,0
1423,711.56,0.05,44.1,0
1424,712.07,0.02,36.2,0
1425,712.59,-0.01,31.4,0
1426,713.10,0.04,41.1,0
1427,713.61,0.01,40.3,0
1428,714.12,0.00,38.2,0
1429,714.55,-0.01,35.8,0
1430,715.06,-0.02,33.9,0
1431,715.56,-0.01,35.1,0
1432,716.07,0.00,41.8,0
1433,716.58,0.02,39.8,0
1434,717.09,-0.02,37.3,0
1435,717.60,-0.01,37.8,0
1436,718.11,0.04,45.4,0
1437,718.54,0.00,41.5,0
1438,719.05,-0.01,40.5,0
1439,719.56,-0.01,41.2,0
1440,720.07,-0.01,37.7,0
1441,720.58,-0.06,31.8,0
1442,721.10,-0.04,35.2,0
1443,721.61,0.01,41.2,0
1444,722.12,-0.06,36.2,0
1445,722.55,-0.04,39.6,0
1446,723.05,-0.02,40.8,0
1447,723.56,-0.05,33.0,0
1448,724.07,-0.02,40.8,0
1449,724.59,0.00,40.6,0
1450,725.10,-0.01,41.0,0
1451,725.61,-0.06,32.4,0
1452,726.04,-0.02,38.0,0
1453,726.55,0.00,41.5,0
1454,727.06,-0.02,37.2,0
1455,727.57,-0.02,34.5,0
1456,728.09,-0.02,33.6,0
1457,728.59,-0.01,39.4,0
1458,729.11,0.01,39.2,0
1459,729.62,-0.01,35.8,0
1460,730.04,-0.02,38.8,0
1461,730.56,0.01,44.3,0
1462,731.07,0.00,41.4,0
1463,731.58,-0.04,35.7,0
1464,732.09,0.00,41.4,0
1465,732.60,-0.01,39.2,0
1466,733.11,-0.01,39.3,0
1467,733.62,-0.02,37.9,0
1468,734.05,-0.01,40.0,0
1469,734.56,0.02,40.4,0
1470,735.08,-0.01,39.1,0
1471,735.59,-0.02,39.7,0
1472,736.10,0.00,37.8,0
1473,736.61,0.00,37.9,0
1474,737.12,0.00,38.8,0
1475,737.55,-0.05,35.4,0
1476,738.06,-0.02,37.0,0
1477,738.58,-0.01,40.9,0
1478,739.09,-0.05,38.8,0
1479,739.61,-0.05,37.0,0
1480,740.12,-0.02,39.6,0
1481,740.54,0.00,40.3,0
1482,741.05,-0.04,34.8,0
1483,741.56,-0.02,36.0,0
1484,742.07,-0.04,37.4,0
1485,742.59,-0.02,38.6,0
1486,743.10,-0.04,33.0,0
1487,743.61,-0.01,35.5,0
1488,744.12,-0.02,37.8,0
1489,744.55,-0.05,36.8,0
1490,745.06,0.00,42.1,0
1491,745.56,-0.04,34.7,0
1492,746.07,0.00,39.3,0
1493,746.58,-0.01,37.2,0
1494,747.09,-0.02,37.6,0
1495,747.60,-0.02,34.2,0
1496,748.11,-0.02,37.6,0
1497,748.54,0.01,44.8,0
1498,749.05,-0.07,31.7,0
1499,749.56,-0.02,36.6,0
1500,750.07,-0.02,32.2,0
1501,750.58,0.00,40.2,0
1502,751.10,0.00,39.2,0
1503,751.61,0.01,37.0,0
1504,752.12,-0.04,36.3,0
1505,752.55,-0.02,36.7,0
1506,753.06,-0.02,34.8,0
1507,753.57,0.04,38.6,0
1508,754.08,-0.01,39.7,0
1509,754.59,-0.04,33.7,0
1510,755.11,-0.01,40.5,0
1511,755.62,0.00,41.8,0
1512,756.05,-0.01,39.6,0
1513,756.56,-0.05,32.3,0
1514,757.07,-0.02,35.7,0
1515,757.58,0.00,36.4,0
1516,758.09,-0.02,34.8,0
1517,758.60,0.00,35.6,0
1518,759.11,0.04,43.9,0
1519,759.62,-0.01,34.3,0
1520,760.05,-0.01,38.6,0
1521,760.56,-0.01,36.9,0
1522,761.07,-0.02,35.7,0
1523,761.58,-0.05,33.0,0
1524,762.09,-0.01,38.7,0
1525,762.60,0.01,42.1,0
1526,763.11,-0.01,34.3,0
1527,763.62,-0.04,33.4,0
1528,764.05,0.00,41.6,0
1529,764.56,-0.01,35.2,0
1530,765.08,0.01,41.9,0
1531,765.58,0.00,37.4,0
1532,766.09,0.00,39.1,0
1533,766.60,-0.04,33.6,0
1534,767.12,-0.04,36.9,0
1535,767.54,-0.06,29.2,0
1536,768.05,-0.01,36.8,0
1537,768.56,-0.01,35.1,0
1538,769.07,0.01,40.4,0
1539,769.59,-0.02,32.1,0
1540,770.10,-0.01,38.7,0
1541,770.61,-0.01,38.7,0
1542,771.04,-0.01,35.1,0
1543,771.55,-0.01,34.2,0
1544,772.06,-0.01,38.6,0
1545,772.58,-0.01,41.2,0
1546,773.09,0.01,42.0,0
1547,773.61,-0.02,33.8,0
1548,774.11,-0.02,35.5,0
1549,774.55,-0.04,36.8,0
1550,775.05,0.00,37.2,0
1551,775.57,-0.01,37.6,0
1552,776.08,0.04,41.8,0
1553,776.59,-0.04,36.8,0
1554,777.10,-0.01,34.1,0
1555,777.61,-0.01,36.6,0
1556,778.12,-0.02,35.5,0
1557,778.55,0.00,41.6,0
1558,779.05,-0.02,37.2,0
1559,779.56,-0.02,36.4,0
1560,780.08,-0.02,38.1,0
1561,780.59,0.01,41.9,0
1562,781.10,0.00,38.8,0
1563,781.61,0.02,40.5,0
1564,782.04,0.00,41.3,0
1565,782.55,0.01,41.8,0
1566,783.07,-0.02,34.5,0
1567,783.58,0.02,39.7,0
1568,784.09,0.00,34.3,0
1569,784.60,0.00,37.1,0
1570,785.12,0.02,38.8,0
1571,785.54,-0.01,34.9,0
1572,786.06,-0.04,32.3,0
1573,786.57,-0.02,34.4,0
1574,787.09,-0.01,34.1,0
1575,787.60,-0.02,6.3,0
1576,788.11,-0.05,3.7,0
1577,788.54,0.00,6.8,0
1578,789.05,0.04,10.1,0
1579,789.56,0.06,8.8,0
1580,790.08,0.17,19.7,0
1581,790.58,0.18,14.5,0
1582,791.09,0.27,18.6,0
1583,791.60,0.32,18.0,0
1584,792.11,0.39,19.8,0
1585,792.54,0.48,27.2,0
1586,793.05,0.51,25.2,0
1587,793.56,0.56,23.5,0
1588,794.07,0.62,25.4,0
1589,794.58,0.65,22.2,0
1590,795.09,0.70,22.2,0
1591,795.61,0.73,22.0,0
1592,796.12,0.77,25.0,0
1593,796.55,0.79,21.7,0
1594,797.06,0.82,25.7,0
1595,797.57,0.87,27.0,0
1596,798.08,0.90,28.3,0
1597,798.59,0.90,23.5,0
1598,799.11,0.93,25.5,0
1599,799.62,0.93,22.5,0
1600,800.04,0.95,23.0,0
1601,800.56,0.94,21.2,0
1602,801.07,0.96,25.2,0
1603,801.58,0.98,25.6,0
1604,802.09,0.96,20.4,0
1605,802.60,0.93,16.7,0
1606,803.12,0.98,19.9,0
1607,803.54,0.95,22.2,0
1608,804.05,0.96,20.8,0
1609,804.57,0.95,18.7,0
1610,805.08,0.92,16.0,0
1611,805.59,0.88,12.1,0
1612,806.10,0.89,16.6,0
1613,806.60,0.90,21.1,0
1614,807.12,0.90,19.5,0
1615,807.54,0.88,13.3,0
1616,808.04,0.88,14.4,0
1617,808.55,0.84,13.8,0
1618,809.05,0.78,6.4,0
1619,809.57,0.73,3.3,0
1620,810.07,0.72,5.4,0
1621,810.58,0.74,5.7,0
1622,811.09,0.74,4.7,0
1623,811.60,0.71,1.8,0
1624,812.11,0.78,12.6,0
1625,812.62,0.78,10.1,0
1626,813.04,0.74,8.3,0
1627,813.55,0.78,9.5,0
1628,814.07,0.83,12.1,0
1629,814.58,0.84,15.8,0
1630,815.09,0.83,6.9,0
1631,815.60,0.84,4.4,0
1632,816.10,0.84,14.2,0
1633,816.61,0.88,8.1,0
1634,817.11,0.88,9.4,0
1635,817.62,0.85,5.6,0
1636,818.11,0.88,7.7,0
1637,818.54,0.88,5.5,0
1638,819.05,0.87,32.5,0
1639,819.62,0.85,32.6,0
1640,820.11,0.84,31.7,0
1641,820.62,0.79,30.7,0
1642,821.05,0.77,28.5,0
1643,821.55,0.68,26.3,0
1644,822.12,0.63,22.2,0
1645,822.54,0.59,23.0,0
1646,823.12,0.52,20.5,0
1647,823.60,0.46,19.8,0
1648,824.10,0.43,19.9,0
1649,824.59,0.34,13.7,0
1650,825.09,0.33,17.4,0
1651,825.59,0.29,13.6,0
1652,826.09,0.29,19.3,0
1653,826.59,0.23,14.0,0
1654,827.10,0.21,13.4,0
1655,827.61,0.23,17.8,0
1656,828.09,0.20,16.8,0
1657,828.60,0.17,15.3,0
1658,829.09,0.11,8.8,0
1659,829.60,0.11,10.9,0
1660,830.09,0.12,14.9,0
1661,830.58,0.10,12.4,0
1662,831.08,0.09,13.0,0
1663,831.58,0.07,10.9,0
1664,832.07,0.06,12.3,0
1665,832.57,0.07,14.6,0
1666,833.07,0.07,12.8,0
1667,833.57,0.06,14.3,0
1668,834.07,0.05,13.0,0
1669,834.57,0.06,14.4,0
1670,835.07,0.07,14.8,0
1671,835.58,0.07,17.5,0
1672,836.08,0.10,18.3,0
1673,836.59,0.06,10.9,0
1674,837.08,0.09,17.2,0
1675,837.58,0.04,10.2,0
1676,838.08,0.09,16.3,0
1677,838.57,0.10,18.6,0
1678,839.07,0.09,14.5,0
1679,839.57,0.06,12.0,0
1680,840.07,0.07,15.2,0
1681,840.57,0.07,15.2,0
1682,841.07,0.04,13.2,0
1683,841.58,0.02,9.2,0
1684,842.07,0.05,13.6,0
1685,842.57,0.06,13.1,0
1686,843.07,0.04,9.7,0
1687,843.58,0.07,17.2,0
1688,844.08,0.02,11.2,0
1689,844.59,0.05,12.9,0
1690,845.09,0.06,16.0,0
1691,845.59,0.05,13.8,0
1692,846.10,0.07,16.4,0
1693,846.60,0.07,18.3,0
1694,847.09,0.05,12.1,0
1695,847.58,0.04,11.7,0
1696,848.08,0.09,18.8,0
1697,848.58,0.09,19.8,0
1698,849.07,0.05,13.1,0
1699,849.57,0.07,16.7,0
1700,850.08,0.02,12.5,0
1701,850.56,0.06,15.4,0
1702,851.07,0.02,12.5,0
1703,851.55,0.05,17.0,0
1704,852.05,0.07,17.7,0
1705,852.55,0.04,13.0,0
1706,853.04,0.04,13.9,0
1707,853.61,0.07,18.7,0
1708,854.11,0.02,10.8,0
1709,854.61,0.05,15.2,0
1710,855.12,0.02,11.8,0
1711,855.62,0.02,13.6,0
1712,856.11,0.05,17.1,0
1713,856.61,0.05,16.2,0
1714,857.12,0.04,15.0,0
1715,857.62,0.05,15.4,0
1716,858.04,0.04,14.1,0
1717,858.54,0.02,11.0,0
1718,859.04,0.09,20.2,0
1719,859.54,0.04,15.1,0
1720,860.04,0.05,14.6,0
1721,860.61,0.04,14.2,0
1722,861.11,0.02,12.9,0
1723,861.60,0.02,13.9,0
1724,862.10,0.06,17.8,0
1725,862.60,0.04,14.3,0
1726,863.11,0.01,12.7,0
1727,863.61,0.04,16.1,0
1728,864.11,0.05,15.6,0
1729,864.61,0.02,13.1,0
1730,865.11,0.06,17.8,0
1731,865.61,0.06,17.0,0
1732,866.11,0.04,17.2,0
1733,866.60,0.00,10.5,0
1734,867.10,0.02,14.1,0
1735,867.59,0.02,14.1,0
1736,868.09,0.05,16.7,0
1737,868.59,0.06,17.1,0
1738,869.09,0.02,11.4,0
1739,869.58,0.06,19.9,0
1740,870.08,0.00,13.4,0
1741,870.59,0.04,16.4,0
1742,871.09,0.02,13.3,0
1743,871.58,0.01,12.9,0
1744,872.07,0.02,16.1,0
1745,872.57,0.04,16.4,0
1746,873.08,0.04,18.3,0
1747,873.59,0.02,17.0,0
1748,874.09,0.05,17.7,0
1749,874.59,0.00,13.5,0
1750,875.09,0.01,14.8,0
1751,875.58,0.02,16.1,0
1752,876.09,0.02,14.3,0
1753,876.58,0.01,11.2,0
1754,877.08,0.05,19.7,0
1755,877.59,0.04,16.5,0
1756,878.10,0.02,16.2,0
1757,878.60,0.01,14.0,0
1758,879.11,0.01,12.2,0
1759,879.62,0.02,16.2,0
1760,880.04,0.00,11.9,0
1761,880.61,0.01,15.9,0
1762,881.11,0.02,17.2,0
1763,881.61,0.00,12.8,0
1764,882.12,0.00,13.7,0
1765,882.61,0.02,16.3,0
1766,883.10,0.01,15.0,0
1767,883.59,0.00,11.8,0
1768,884.09,0.01,15.9,0
1769,884.59,0.01,14.1,0
1770,885.09,0.02,15.4,0
1771,885.58,-0.01,11.5,0
1772,886.09,0.01,15.0,0
1773,886.58,0.00,13.7,0
1774,887.08,0.00,12.8,0
1775,887.57,0.00,11.9,0
1776,888.07,0.01,16.9,0
1777,888.56,0.01,14.1,0
1778,889.06,0.01,17.8,0
1779,889.56,0.01,15.1,0
1780,890.05,0.01,13.2,0
1781,890.55,0.01,14.1,0
1782,891.04,-0.01,13.4,0
1783,891.61,0.00,13.8,0
1784,892.11,0.00,13.8,0
1785,892.62,0.02,18.2,0
1786,893.12,0.02,19.1,0
1787,893.62,-0.01,13.4,0
1788,894.12,0.01,18.7,0
1789,894.62,0.00,13.8,0
1790,895.05,-0.02,10.3,0
1791,895.62,0.01,17.9,0
1792,896.11,-0.04,11.8,0
1793,896.60,0.01,16.9,0
1794,897.11,0.01,16.0,0
1795,897.61,0.01,17.8,0
1796,898.11,-0.01,14.3,0
1797,898.60,0.00,15.6,0
1798,899.09,0.02,15.4,0
1799,899.59,0.01,16.0,0
1800,900.09,-0.02,11.2,0
1801,900.59,-0.01,15.3,0
1802,901.09,0.01,16.0,0
1803,901.59,-0.01,12.5,0
1804,902.08,0.01,16.9,0
1805,902.59,0.00,12.9,0
1806,903.08,-0.01,12.5,0
1807,903.59,-0.02,10.4,0
1808,904.10,0.00,15.6,0
1809,904.61,0.02,18.2,0
1810,905.12,0.00,14.7,0
1811,905.62,0.00,16.5,0
1812,906.11,-0.02,12.1,0
1813,906.61,0.00,16.6,0
1814,907.10,0.00,15.6,0
1815,907.59,0.01,16.0,0
1816,908.10,0.00,19.2,0
1817,908.61,-0.01,11.6,0
1818,909.09,-0.01,13.4,0
1819,909.58,-0.05,10.4,0
1820,910.09,-0.02,13.0,0
1821,910.58,-0.01,13.4,0
1822,911.07,-0.02,13.0,0
1823,911.57,0.00,16.5,0
1824,912.05,0.02,18.2,0
1825,912.55,-0.01,13.4,0
1826,913.12,-0.06,7.2,0
1827,913.62,-0.01,14.3,0
1828,914.12,-0.04,10.8,0
1829,914.62,-0.02,13.0,0
1830,915.04,0.04,20.3,0
1831,915.62,-0.02,9.3,0
1832,916.05,-0.02,10.3,0
1833,916.55,0.02,19.8,0
1834,917.07,-0.04,11.7,0
1835,917.57,0.00,13.7,0
1836,918.07,-0.01,15.2,0
1837,918.57,-0.02,14.8,0
1838,919.07,-0.01,14.2,0
1839,919.57,-0.01,15.1,0
1840,920.08,-0.02,12.9,0
1841,920.57,0.00,17.3,0
1842,921.07,0.00,16.4,0
1843,921.56,0.01,15.9,0
1844,922.07,-0.01,15.1,0
1845,922.57,0.00,15.4,0
1846,923.06,0.00,15.5,0
1847,923.55,-0.02,11.0,0
1848,924.05,-0.02,11.9,0
1849,924.56,0.04,22.8,0
1850,925.06,-0.01,13.2,0
1851,925.57,0.01,16.7,0
1852,926.06,-0.04,10.6,0
1853,926.55,-0.04,13.4,0
1854,927.05,0.01,17.6,0
1855,927.56,-0.04,9.7,0
1856,928.06,-0.04,13.4,0
1857,928.57,-0.02,14.6,0
1858,929.07,-0.06,8.0,0
1859,929.57,-0.01,13.1,0
1860,930.08,-0.01,14.0,0
1861,930.58,-0.01,14.0,0
1862,931.08,-0.06,8.9,0
1863,931.60,0.00,17.0,0
1864,932.10,-0.01,12.2,0
1865,932.61,-0.01,13.1,0
1866,933.10,-0.02,12.7,0
1867,933.59,-0.05,12.9,0
1868,934.09,-0.02,14.5,0
1869,934.57,0.01,19.4,0
1870,935.09,0.01,17.4,0
1871,935.58,-0.02,11.7,0
1872,936.07,-0.04,12.2,0
1873,936.57,-0.02,11.7,0
1874,937.07,-0.04,13.1,0
1875,937.57,0.00,16.1,0
1876,938.06,-0.04,10.3,0
1877,938.56,0.00,16.0,0
1878,939.05,-0.01,13.8,0
1879,939.55,-0.04,12.2,0
1880,940.12,-0.04,12.1,0
1881,940.62,-0.02,15.3,0
1882,941.11,-0.02,13.4,0
1883,941.60,-0.02,13.4,0
1884,942.09,-0.04,11.2,0
1885,942.60,-0.04,11.2,0
1886,943.10,-0.04,10.3,0
1887,943.59,-0.01,15.6,0
1888,944.08,-0.02,12.4,0
1889,944.58,-0.05,11.7,0
1890,945.08,-0.01,14.6,0
1891,945.57,-0.02,13.3,0
1892,946.08,-0.04,11.1,0
1893,946.58,-0.04,12.0,0
1894,947.09,0.00,15.8,0
1895,947.60,-0.04,9.3,0
1896,948.11,-0.04,11.1,0
1897,948.62,-0.05,9.8,0
1898,949.12,-0.01,14.5,0
1899,949.62,-0.02,16.0,0
1900,950.04,-0.05,9.8,0
1901,950.61,-0.02,14.1,0
1902,951.11,-0.04,11.0,0
1903,951.54,-0.02,11.4,0
1904,952.11,0.00,15.8,0
1905,952.61,-0.02,13.2,0
1906,953.10,-0.02,11.3,0
1907,953.59,-0.01,14.5,0
1908,954.08,-0.01,13.5,0
1909,954.57,-0.02,14.1,0
1910,955.09,0.00,15.7,0
1911,955.57,-0.02,11.3,0
1912,956.06,-0.02,12.2,0
1913,956.55,0.01,17.0,0
1914,957.12,0.00,12.9,0
1915,957.54,-0.05,10.5,0
1916,958.04,-0.01,15.3,0
1917,958.61,-0.01,14.4,0
1918,959.11,0.02,20.1,0
1919,959.60,-0.02,11.2,0
1920,960.11,-0.01,15.3,0
1921,960.61,0.01,15.1,0
1922,961.10,-0.02,12.1,0
1923,961.59,-0.05,10.4,0
1924,962.09,-0.01,15.2,0
1925,962.58,-0.04,11.7,0
1926,963.08,0.00,15.6,0
1927,963.58,-0.01,13.4,0
1928,964.08,-0.02,11.1,0
1929,964.57,-0.01,14.3,0
1930,965.08,-0.02,12.0,0
1931,965.58,-0.02,12.0,0
1932,966.08,-0.04,10.8,0
1933,966.58,-0.04,10.7,0
1934,967.08,-0.01,14.2,0
1935,967.57,0.00,14.6,0
1936,968.07,-0.02,11.0,0
1937,968.56,-0.02,12.9,0
1938,969.06,0.01,18.6,0
1939,969.57,-0.01,14.1,0
1940,970.08,-0.02,12.9,0
1941,970.59,-0.01,15.0,0
1942,971.09,-0.04,9.7,0
1943,971.60,-0.01,13.2,0
1944,972.11,-0.01,15.0,0
1945,972.60,-0.04,11.5,0
1946,973.11,0.00,15.4,0
1947,973.60,-0.04,11.5,0
1948,974.10,-0.04,12.4,0
1949,974.59,0.00,15.4,0
1950,975.09,-0.04,9.6,0
1951,975.59,-0.02,13.6,0
1952,976.09,-0.02,11.8,0
1953,976.59,-0.02,11.8,0
1954,977.09,-0.04,10.5,0
1955,977.61,0.00,15.2,0
1956,978.12,-0.01,13.1,0
1957,978.60,-0.04,10.5,0
1958,979.11,-0.02,12.7,0
1959,979.54,0.00,16.1,0
1960,980.11,-0.05,8.2,0
1961,980.62,0.01,16.5,0
1962,981.12,-0.01,11.2,0
1963,981.62,-0.02,10.8,0
1964,982.12,-0.01,13.9,0
1965,982.61,-0.04,10.4,0
1966,983.12,-0.02,14.4,0
1967,983.55,-0.02,10.8,0
1968,984.12,-0.01,14.8,0
1969,984.54,-0.01,15.7,0
1970,985.12,-0.02,11.6,0
1971,985.60,0.00,15.2,0
1972,986.09,-0.02,11.6,0
1973,986.57,-0.04,11.2,0
1974,987.08,0.00,17.8,0
1975,987.58,-0.04,9.4,0
1976,988.07,0.00,15.1,0
1977,988.57,-0.02,11.6,0
1978,989.07,-0.04,10.2,0
1979,989.56,-0.02,13.4,0
1980,990.05,-0.01,13.7,0
1981,990.55,-0.01,11.9,0
1982,991.04,-0.02,11.5,0
1983,991.60,-0.02,12.4,0
1984,992.10,-0.02,12.4,0
1985,992.61,-0.01,12.8,0
1986,993.11,-0.02,10.6,0
1987,993.61,0.00,15.0,0
1988,994.12,0.00,14.9,0
1989,994.61,-0.04,9.2,0
1990,995.12,-0.01,12.7,0
1991,995.61,-0.02,11.4,0
1992,996.11,-0.02,12.4,0
1993,996.61,-0.02,11.4,0
1994,997.11,-0.04,12.0,0
1995,997.61,-0.02,13.2,0
1996,998.11,0.01,18.9,0
1997,998.60,-0.05,10.6,0
1998,999.10,0.00,14.9,0
1999,999.61,-0.02,11.4,0
2000,1000.10,-0.05,9.7,0
2001,1000.58,-0.04,10.0,0
2002,1001.07,0.00,15.7,0
2003,1001.57,0.00,13.9,0
2004,1002.06,-0.04,9.1,0
2005,1002.56,-0.02,11.3,0
2006,1003.06,-0.02,10.4,0
2007,1003.56,0.00,14.7,0
2008,1004.06,-0.01,15.3,0
2009,1004.56,-0.04,9.0,0
2010,1005.07,-0.02,11.2,0
2011,1005.55,0.01,15.1,0
2012,1006.05,-0.01,13.4,0
2013,1006.62,-0.04,9.9,0
2014,1007.11,-0.04,12.7,0
2015,1007.62,-0.02,11.2,0
2016,1008.11,-0.05,11.4,0
2017,1008.60,-0.02,12.1,0
2018,1009.11,-0.04,9.9,0
2019,1009.60,-0.04,8.9,0
2020,1010.12,-0.01,11.5,0
2021,1010.61,0.00,14.6,0
2022,1011.11,-0.01,11.5,0
2023,1011.54,0.00,13.7,0
2024,1012.04,-0.01,11.5,0
2025,1012.62,-0.02,12.9,0
2026,1013.04,-0.01,12.4,0
2027,1013.61,-0.02,11.1,0
2028,1014.11,-0.05,9.4,0
2029,1014.62,-0.05,10.3,0
2030,1015.05,-0.01,11.4,0
2031,1015.55,-0.02,12.0,0
2032,1016.06,-0.04,9.8,0
2033,1016.54,0.00,15.5,0
2034,1017.12,-0.06,7.1,0
2035,1017.56,-0.04,11.5,0
2036,1018.07,-0.02,12.8,0
2037,1018.56,-0.01,13.2,0
2038,1019.06,-0.04,8.8,0
2039,1019.56,-0.04,10.6,0
2040,1020.07,0.00,14.4,0
2041,1020.56,-0.02,11.8,0
2042,1021.05,0.00,14.5,0
2043,1021.54,-0.02,10.0,0
2044,1022.12,0.00,14.4,0
2045,1022.62,-0.01,12.2,0
2046,1023.12,-0.02,10.9,0
2047,1023.62,0.00,15.3,0
2048,1024.11,-0.01,12.2,0
2049,1024.62,0.00,13.4,0
2050,1025.12,-0.01,12.1,0
2051,1025.62,0.00,13.4,0
2052,1026.04,0.00,15.2,0
2053,1026.54,-0.04,5.9,0
2054,1027.11,-0.04,11.4,0
2055,1027.61,-0.01,13.9,0
2056,1028.12,-0.01,13.9,0
2057,1028.61,-0.01,14.9,0
2058,1029.11,-0.01,11.2,0
2059,1029.60,-0.01,11.1,0
2060,1030.10,-0.01,13.9,0
2061,1030.61,-0.02,9.9,0
2062,1031.12,-0.04,9.5,0
2063,1031.61,-0.01,13.0,0
2064,1032.11,-0.01,12.0,0
2065,1032.59,-0.05,7.2,0
2066,1033.10,-0.02,11.6,0
2067,1033.60,0.00,12.4,0
2068,1034.09,-0.02,8.9,0
2069,1034.59,-0.04,12.2,0
2070,1035.10,-0.01,13.8,0
2071,1035.59,-0.02,10.7,0
2072,1036.08,0.01,14.5,0
2073,1036.59,-0.01,12.9,0
2074,1037.09,-0.01,11.9,0
2075,1037.59,-0.02,13.4,0
2076,1038.10,0.00,15.9,0
2077,1038.59,-0.02,9.7,0
2078,1039.09,-0.01,10.0,0
2079,1039.58,-0.01,9.1,0
2080,1040.09,-0.01,10.1,0
2081,1040.59,-0.01,15.5,0
2082,1041.09,-0.02,11.5,0
2083,1041.61,-0.01,13.7,0
2084,1042.12,0.01,15.3,0
2085,1042.61,-0.02,10.6,0
2086,1043.11,-0.04,9.2,0
2087,1043.60,-0.02,12.4,0
2088,1044.11,-0.01,10.9,0
2089,1044.61,-0.04,12.0,0
2090,1045.10,-0.02,12.3,0
2091,1045.61,0.01,15.2,0
2092,1046.10,0.01,14.4,0
2093,1046.59,-0.02,8.6,0
2094,1047.09,-0.02,11.4,0
2095,1047.59,0.00,14.0,0
2096,1048.09,-0.04,10.1,0
2097,1048.58,0.00,14.9,0
2098,1049.08,0.00,13.9,0
2099,1049.58,0.00,13.0,0
2100,1050.09,0.00,13.9,0
2101,1050.58,-0.01,13.5,0
2102,1051.07,0.00,14.8,0
2103,1051.57,-0.02,9.5,0
2104,1052.07,0.01,13.3,0
2105,1052.57,0.00,12.0,0
2106,1053.08,-0.04,9.1,0
2107,1053.58,-0.01,12.6,0
2108,1054.08,-0.01,11.6,0
2109,1054.56,0.00,14.8,0
2110,1055.05,0.00,12.0,0
2111,1055.62,-0.01,10.7,0
2112,1056.04,-0.04,9.1,0
2113,1056.54,-0.04,7.2,0
2114,1057.12,-0.04,10.9,0
2115,1057.62,-0.04,10.8,0
2116,1058.12,-0.01,12.5,0
2117,1058.61,-0.04,9.0,0
2118,1059.10,-0.02,10.2,0
2119,1059.59,-0.02,9.3,0
2120,1060.08,-0.01,8.7,0
2121,1060.56,0.00,12.8,0
2122,1061.07,-0.02,12.1,0
2123,1061.58,0.02,17.2,0
2124,1062.08,-0.04,6.2,0
2125,1062.58,-0.01,14.2,0
2126,1063.07,-0.02,12.0,0
2127,1063.56,-0.01,12.4,0
2128,1064.07,-0.02,10.2,0
2129,1064.56,-0.04,9.8,0
2130,1065.13,-0.01,13.3,0
2131,1065.62,-0.01,13.2,0
2132,1066.11,0.00,12.7,0
2133,1066.61,-0.02,8.3,0
2134,1067.10,0.00,13.6,0
2135,1067.59,0.00,13.6,0
2136,1068.10,-0.02,11.0,0
2137,1068.61,-0.01,12.3,0
2138,1069.10,-0.01,12.3,0
2139,1069.58,-0.02,10.0,0
2140,1070.08,-0.02,11.0,0
2141,1070.57,-0.06,5.3,0
2142,1071.08,0.00,15.3,0
2143,1071.58,-0.04,7.8,0
2144,1072.08,-0.02,12.8,0
2145,1072.58,-0.01,12.2,0
2146,1073.09,-0.01,10.4,0
2147,1073.58,0.01,13.9,0
2148,1074.08,0.00,12.5,0
2149,1074.58,-0.04,8.7,0
2150,1075.07,0.01,16.7,0
2151,1075.56,-0.01,10.3,0
2152,1076.05,0.01,12.0,0
2153,1076.55,-0.04,5.9,0
2154,1077.04,-0.02,11.8,0
2155,1077.54,0.04,18.2,0
2156,1078.12,-0.05,5.4,0
2157,1078.61,-0.01,14.9,0
2158,1079.12,-0.01,11.2,0
2159,1079.54,-0.04,7.7,0
2160,1080.11,0.01,15.7,0
2161,1080.61,-0.02,9.0,0
2162,1081.11,0.00,13.4,0
2163,1081.61,0.01,14.7,0
2164,1082.10,-0.05,5.4,0
2165,1082.60,0.01,16.4,0
2166,1083.10,-0.01,13.0,0
2167,1083.61,-0.02,11.7,0
2168,1084.12,0.00,14.2,0
2169,1084.62,0.01,12.8,0
2170,1085.12,0.00,12.4,0
2171,1085.61,-0.01,12.0,0
2172,1086.12,0.00,12.4,0
2173,1086.54,-0.02,9.8,0
2174,1087.04,-0.01,10.2,0
2175,1087.55,-0.02,9.8,0
2176,1088.05,-0.02,8.0,0
2177,1088.55,-0.02,10.7,0
2178,1089.05,-0.01,11.1,0
2179,1089.55,0.00,10.5,0
2180,1090.05,-0.01,8.3,0
2181,1090.55,-0.04,8.5,0
2182,1091.05,-0.01,12.9,0
2183,1091.56,0.01,13.6,0
2184,1092.06,-0.01,11.9,0
2185,1092.55,0.00,12.3,0
2186,1093.11,0.01,12.7,0
2187,1093.60,-0.02,9.7,0
2188,1094.10,-0.02,8.8,0
2189,1094.60,-0.01,13.7,0
2190,1095.09,-0.02,10.6,0
2191,1095.59,0.00,11.3,0
2192,1096.10,-0.01,12.8,0
2193,1096.61,-0.02,7.0,0
2194,1097.10,-0.02,8.8,0
2195,1097.60,0.00,13.1,0
2196,1098.11,0.00,13.1,0
2197,1098.61,0.00,10.4,0
2198,1099.12,-0.01,12.7,0
2199,1099.54,0.00,14.0,0
2200,1100.04,-0.05,8.0,0
2201,1100.55,-0.02,8.7,0
2202,1101.04,0.00,11.3,0
2203,1101.54,-0.06,2.0,0
2204,1102.11,-0.01,14.6,0
2205,1102.61,0.00,12.2,0
2206,1103.11,-0.02,10.5,0
2207,1103.61,0.00,11.2,0
2208,1104.11,0.00,8.5,0
2209,1104.61,0.00,13.1,0
2210,1105.11,-0.01,11.8,0
2211,1105.62,-0.01,10.9,0
2212,1106.04,-0.01,12.7,0
2213,1106.54,-0.01,9.9,0
2214,1107.04,-0.02,9.5,0
2215,1107.61,0.01,13.4,0
2216,1108.11,0.02,15.6,0
2217,1108.61,-0.02,6.7,0
2218,1109.10,-0.01,9.9,0
2219,1109.60,0.00,12.1,0
2220,1110.10,-0.04,10.1,0
2221,1110.59,0.00,12.1,0
2222,1111.11,-0.01,9.9,0
2223,1111.62,-0.02,7.7,0
2224,1112.12,0.01,12.4,0
2225,1112.62,-0.02,7.6,0
2226,1113.12,-0.04,10.0,0
2227,1113.62,-0.01,10.7,0
2228,1114.04,-0.01,11.7,0
2229,1114.62,-0.02,8.5,0
2230,1115.10,-0.04,9.0,0
2231,1115.60,-0.01,10.7,0
2232,1116.09,-0.01,10.7,0
2233,1116.60,0.01,13.3,0
2234,1117.10,-0.01,8.9,0
2235,1117.61,-0.02,7.6,0
2236,1118.11,0.00,12.0,0
2237,1118.61,-0.01,8.8,0
2238,1119.12,-0.04,7.2,0
2239,1119.60,-0.01,12.5,0
2240,1120.10,0.02,16.4,0
2241,1120.59,-0.05,5.8,0
2242,1121.08,-0.02,12.2,0
2243,1121.57,0.00,12.9,0
2244,1122.08,-0.01,12.5,0
2245,1122.58,0.01,11.4,0
2246,1123.09,-0.02,7.5,0
2247,1123.59,-0.01,11.6,0
2248,1124.10,-0.01,9.7,0
2249,1124.58,-0.02,9.3,0
2250,1125.06,-0.02,8.3,0
2251,1125.56,0.00,11.9,0
2252,1126.07,-0.01,12.4,0
2253,1126.56,-0.01,11.5,0
2254,1127.07,-0.04,7.1,0
2255,1127.56,0.00,12.8,0
2256,1128.07,-0.01,10.6,0
2257,1128.58,-0.01,7.9,0
2258,1129.08,-0.04,8.0,0
2259,1129.57,-0.02,9.3,0
2260,1130.07,-0.05,7.6,0
2261,1130.57,0.00,10.9,0
2262,1131.07,-0.02,9.3,0
2263,1131.57,-0.02,8.3,0
2264,1132.07,0.00,12.7,0
2265,1132.58,-0.01,12.3,0
2266,1133.08,-0.02,9.2,0
2267,1133.56,-0.01,10.5,0
2268,1134.07,-0.01,9.6,0
2269,1134.57,0.00,11.8,0
2270,1135.06,-0.02,10.1,0
2271,1135.57,-0.02,8.3,0
2272,1136.07,0.01,13.0,0
2273,1136.57,0.01,12.1,0
2274,1137.08,-0.02,7.4,0
2275,1137.59,-0.01,13.2,0
2276,1138.07,0.01,13.1,0
2277,1138.56,-0.02,9.1,0
2278,1139.06,0.00,12.6,0
2279,1139.55,-0.02,8.2,0
2280,1140.05,-0.02,9.1,0
2281,1140.55,-0.02,11.0,0
2282,1141.04,-0.01,11.3,0
2283,1141.54,-0.02,11.0,0
2284,1142.04,-0.01,10.4,0
2285,1142.54,-0.01,10.4,0
2286,1143.04,-0.02,9.1,0
2287,1143.54,-0.01,8.5,0
2288,1144.04,0.01,12.0,0
2289,1144.54,0.00,10.7,0
2290,1145.04,-0.01,9.4,0
2291,1145.54,-0.01,8.5,0
2292,1146.12,0.01,12.9,0
2293,1146.61,-0.02,10.9,0
2294,1147.12,0.00,12.5,0
2295,1147.60,-0.01,10.3,0
2296,1148.09,-0.01,9.4,0
2297,1148.59,-0.02,8.1,0
2298,1149.10,-0.02,7.2,0
2299,1149.60,-0.05,5.6,0
2300,1150.10,-0.02,10.8,0
2301,1150.59,-0.01,11.2,0
2302,1151.08,0.00,11.6,0
2303,1151.57,-0.02,9.0,0
2304,1152.06,0.01,11.9,0
2305,1152.54,0.00,12.5,0
2306,1153.11,-0.02,8.0,0
2307,1153.62,-0.02,8.1,0
2308,1154.12,-0.01,9.3,0
2309,1154.61,-0.01,10.3,0
2310,1155.11,0.01,11.9,0
2311,1155.61,-0.02,7.1,0
2312,1156.11,-0.05,6.4,0
2313,1156.62,-0.02,10.8,0
2314,1157.04,-0.04,4.1,0
2315,1157.54,0.00,12.4,0
2316,1158.11,0.00,10.6,0
2317,1158.61,0.02,12.3,0
2318,1159.11,-0.04,6.7,0
2319,1159.61,-0.02,8.9,0
2320,1160.12,-0.01,10.2,0
2321,1160.61,0.00,10.6,0
2322,1161.11,0.01,13.7,0
2323,1161.61,-0.02,7.1,0
2324,1162.10,0.00,11.5,0
2325,1162.59,-0.01,12.0,0
2326,1163.10,-0.02,8.0,0
2327,1163.60,0.00,11.5,0
2328,1164.10,-0.01,11.1,0
2329,1164.61,-0.01,9.2,0
2330,1165.11,0.01,13.6,0
2331,1165.62,-0.01,9.2,0
2332,1166.11,0.00,11.4,0
2333,1166.61,-0.01,9.2,0
2334,1167.11,-0.02,9.8,0
2335,1167.61,0.00,12.3,0
2336,1168.11,0.02,12.1,0
2337,1168.54,0.00,11.4,0
2338,1169.12,-0.01,9.2,0
2339,1169.54,0.00,11.4,0
2340,1170.12,0.01,11.8,0
2341,1170.54,-0.02,8.8,0
2342,1171.11,-0.02,9.7,0
2343,1171.61,-0.02,8.8,0
2344,1172.11,0.00,11.4,0
2345,1172.60,-0.04,7.5,0
2346,1173.11,0.02,15.7,0
2347,1173.61,-0.01,11.0,0
2348,1174.12,0.00,10.4,0
2349,1174.54,-0.01,11.0,0
2350,1175.12,0.00,11.3,0
2351,1175.61,-0.01,9.1,0
2352,1176.11,-0.04,7.4,0
2353,1176.61,0.02,14.8,0
2354,1177.10,-0.01,7.3,0
2355,1177.59,-0.02,6.9,0
2356,1178.09,0.00,13.2,0
2357,1178.60,0.00,9.5,0
2358,1179.10,0.00,10.4,0
2359,1179.61,0.00,11.3,0
2360,1180.12,-0.02,9.7,0
2361,1180.61,-0.01,8.2,0
2362,1181.10,0.00,11.3,0
2363,1181.60,-0.01,10.0,0
2364,1182.08,-0.01,9.1,0
2365,1182.57,-0.01,10.0,0
2366,1183.05,-0.02,8.7,0
2367,1183.62,-0.02,9.6,0
2368,1184.04,-0.02,7.8,0
2369,1184.54,0.00,11.3,0
2370,1185.04,-0.01,5.4,0
2371,1185.54,0.01,10.7,0
2372,1186.05,-0.02,7.8,0
2373,1186.55,-0.02,8.7,0
2374,1187.12,0.01,12.6,0
2375,1187.54,-0.02,7.8,0
2376,1188.12,-0.02,7.8,0
2377,1188.62,0.05,17.3,0
2378,1189.12,0.00,7.6,0
2379,1189.54,-0.02,7.8,0
2380,1190.11,0.02,14.8,0
2381,1190.60,-0.01,8.1,0
2382,1191.10,0.00,11.3,0
2383,1191.59,0.02,13.9,0
2384,1192.10,-0.01,6.3,0
2385,1192.59,0.01,12.6,0
2386,1193.09,0.00,13.1,0
2387,1193.60,-0.04,6.5,0
2388,1194.10,-0.01,8.1,0
2389,1194.59,-0.06,3.8,0
2390,1195.10,-0.01,9.0,0
2391,1195.60,-0.01,7.2,0
2392,1196.10,0.00,12.2,0
2393,1196.61,-0.01,9.0,0
2394,1197.10,-0.02,8.6,0
2395,1197.59,0.00,11.2,0
2396,1198.10,-0.01,9.0,0
2397,1198.61,0.00,10.3,0
2398,1199.12,0.01,12.5,0
2399,1199.62,0.01,11.6,0
2400,1200.04,0.01,13.4,0
2401,1200.61,-0.01,8.0,0
2402,1201.11,-0.02,7.7,0
2403,1201.61,-0.01,10.8,0
2404,1202.12,0.00,11.2,0
2405,1202.54,0.00,11.2,0
2406,1203.11,-0.02,7.6,0
2407,1203.61,0.01,14.3,0
2408,1204.10,0.00,9.3,0
2409,1204.61,-0.01,8.1,0
2410,1205.11,0.00,9.3,0
2411,1205.61,-0.01,9.0,0
2412,1206.10,0.00,9.3,0
2413,1206.60,-0.01,9.9,0
2414,1207.10,-0.04,6.4,0
2415,1207.61,0.00,11.1,0
2416,1208.11,0.01,13.3,0
2417,1208.62,0.01,12.4,0
2418,1209.12,-0.01,8.0,0
2419,1209.54,0.00,11.1,0
2420,1210.04,-0.01,8.0,0
2421,1210.55,-0.01,8.0,0
2422,1211.05,-0.05,5.1,0
2423,1211.55,0.04,15.0,0
2424,1212.05,0.00,6.6,0
2425,1212.55,-0.06,2.9,0
2426,1213.04,0.00,14.9,0
2427,1213.55,-0.02,7.6,0
2428,1214.04,-0.01,10.7,0
2429,1214.55,0.01,14.2,0
2430,1215.05,0.00,12.0,0
2431,1215.55,0.02,14.6,0
2432,1216.05,0.00,12.0,0
2433,1216.55,0.02,14.5,0
2434,1217.07,-0.01,9.8,0
2435,1217.56,0.01,10.5,0
2436,1218.07,-0.01,7.1,0
2437,1218.58,-0.01,9.8,0
2438,1219.09,0.00,10.2,0
2439,1219.59,0.00,11.1,0
2440,1220.09,0.00,8.3,0
2441,1220.57,-0.01,7.9,0
2442,1221.06,0.00,11.1,0
2443,1221.57,-0.01,9.8,0
2444,1222.08,0.02,13.6,0
2445,1222.57,-0.02,5.7,0
2446,1223.08,0.00,10.1,0
2447,1223.58,0.00,9.2,0
2448,1224.07,0.01,12.3,0
2449,1224.57,-0.01,8.9,0
2450,1225.09,-0.01,10.7,0
2451,1225.59,0.02,15.4,0
2452,1226.09,-0.02,8.5,0
2453,1226.59,0.01,11.4,0
2454,1227.09,0.00,11.0,0
2455,1227.58,-0.04,7.1,0
2456,1228.08,0.00,10.1,0
2457,1228.58,0.00,11.0,0
2458,1229.09,-0.02,8.5,0
2459,1229.60,-0.02,6.6,0
2460,1230.10,-0.01,8.8,0
2461,1230.59,-0.01,6.0,0
2462,1231.09,-0.01,10.6,0
2463,1231.60,0.00,10.1,0
2464,1232.10,-0.02,9.3,0
2465,1232.60,-0.02,5.7,0
2466,1233.11,-0.01,10.6,0
2467,1233.61,0.01,12.2,0
2468,1234.11,-0.01,7.9,0
2469,1234.61,-0.04,8.0,0
2470,1235.10,-0.01,7.8,0
2471,1235.61,0.01,10.4,0
2472,1236.11,-0.02,7.5,0
2473,1236.61,-0.01,6.9,0
2474,1237.11,0.00,11.0,0
2475,1237.59,0.01,12.3,0
2476,1238.08,-0.05,3.0,0
2477,1238.59,-0.04,7.1,0
2478,1239.08,-0.02,9.3,0
2479,1239.59,-0.01,9.6,0
2480,1240.10,-0.02,5.7,0
2481,1240.60,0.02,13.5,0
2482,1241.10,-0.01,9.6,0
2483,1241.62,-0.02,6.6,0
2484,1242.11,0.02,13.5,0
2485,1242.60,0.00,7.2,0
2486,1243.10,-0.02,8.3,0
2487,1243.59,-0.04,7.0,0
2488,1244.10,0.01,13.1,0
2489,1244.61,0.02,14.3,0
2490,1245.11,0.01,11.2,0
2491,1245.61,0.00,10.0,0
2492,1246.11,0.00,10.9,0
2493,1246.61,0.01,10.4,0
2494,1247.11,-0.04,4.3,0
2495,1247.61,0.02,10.7,0
2496,1248.10,-0.02,5.5,0
2497,1248.61,0.01,11.3,0
2498,1249.11,-0.01,9.6,0
2499,1249.61,-0.04,7.0,0
2500,1250.11,0.00,10.9,0
2501,1250.60,-0.01,8.7,0
2502,1251.11,0.01,11.2,0
2503,1251.60,0.01,10.3,0
2504,1252.10,-0.04,5.2,0
2505,1252.60,0.00,10.9,0
2506,1253.09,-0.01,7.7,0
2507,1253.58,0.01,13.1,0
2508,1254.09,-0.01,7.8,0
2509,1254.59,0.01,13.1,0
2510,1255.08,-0.01,10.5,0
2511,1255.57,-0.02,8.3,0
2512,1256.06,-0.02,10.1,0
2513,1256.56,0.00,10.8,0
2514,1257.06,-0.01,8.6,0
2515,1257.56,-0.01,8.6,0
2516,1258.05,0.00,8.1,0
2517,1258.54,0.01,11.2,0
2518,1259.12,0.01,10.3,0
2519,1259.54,0.02,14.3,0
2520,1260.12,-0.02,5.5,0
2521,1260.61,0.00,10.8,0
2522,1261.11,-0.01,11.4,0
2523,1261.62,-0.02,8.2,0
2524,1262.12,-0.01,7.7,0
2525,1262.54,-0.02,7.3,0
2526,1263.04,0.00,10.8,0
2527,1263.62,-0.01,8.6,0
2528,1264.10,0.00,10.8,0
2529,1264.61,-0.05,3.9,0
2530,1265.12,0.01,12.1,0
2531,1265.61,0.00,10.8,0
2532,1266.04,0.00,10.8,0
2533,1266.62,0.00,9.8,0
2534,1267.04,0.04,17.4,0
2535,1267.61,-0.02,4.4,0
2536,1268.12,-0.01,10.4,0
2537,1268.54,0.01,10.2,0
2538,1269.04,-0.01,8.6,0
2539,1269.55,0.02,10.6,0
2540,1270.05,0.01,12.0,0
2541,1270.56,-0.01,9.5,0
2542,1271.06,-0.01,12.2,0
2543,1271.56,0.00,10.8,0
2544,1272.05,-0.01,9.5,0
2545,1272.55,-0.02,8.2,0
2546,1273.05,0.00,8.9,0
2547,1273.56,0.00,10.8,0
2548,1274.06,0.00,8.0,0
2549,1274.56,0.01,12.1,0
2550,1275.05,-0.01,7.6,0
2551,1275.54,-0.02,8.2,0
2552,1276.11,-0.02,8.2,0
2553,1276.60,-0.02,8.1,0
2554,1277.09,-0.02,8.1,0
2555,1277.58,-0.02,10.0,0
2556,1278.07,0.00,11.7,0
2557,1278.57,0.02,11.5,0
2558,1279.08,-0.01,8.5,0
2559,1279.57,0.02,13.3,0
2560,1280.08,0.02,13.3,0
2561,1280.57,0.00,7.9,0
2562,1281.06,-0.02,7.2,0
2563,1281.56,-0.02,6.3,0
2564,1282.04,0.00,10.7,0
2565,1282.54,0.00,9.8,0
2566,1283.11,-0.02,6.3,0
2567,1283.61,0.01,12.0,0
2568,1284.11,0.02,12.4,0
2569,1284.60,-0.02,8.1,0
2570,1285.10,0.00,10.7,0
2571,1285.59,0.04,12.7,0
2572,1286.09,0.00,10.7,0
2573,1286.60,0.00,8.0,0
2574,1287.10,0.01,10.2,0
2575,1287.59,0.00,11.7,0
2576,1288.10,-0.02,8.2,0
2577,1288.59,0.00,10.7,0
2578,1289.09,0.02,16.0,0
2579,1289.58,0.01,11.1,0
2580,1290.08,-0.02,9.0,0
2581,1290.58,0.02,11.4,0
2582,1291.09,0.00,10.7,0
2583,1291.58,0.00,9.8,0
2584,1292.08,-0.05,4.6,0
2585,1292.58,0.00,10.7,0
2586,1293.09,0.02,13.2,0
2587,1293.60,0.00,7.0,0
2588,1294.10,-0.01,7.6,0
2589,1294.59,0.00,9.8,0
2590,1295.09,0.01,11.0,0
2591,1295.58,0.00,9.8,0
2592,1296.08,-0.02,7.2,0
2593,1296.57,-0.02,9.0,0
2594,1297.05,-0.01,10.3,0
2595,1297.55,-0.04,8.6,0
2596,1298.04,0.00,11.6,0
2597,1298.54,-0.01,7.5,0
2598,1299.12,0.01,11.0,0
2599,1299.61,-0.02,5.3,0
2600,1300.12,0.00,11.5,0
2601,1300.61,-0.04,5.9,0
2602,1301.11,-0.01,10.3,0
2603,1301.61,-0.01,9.3,0
2604,1302.12,0.00,12.4,0
2605,1302.54,-0.01,10.2,0
2606,1303.12,-0.01,10.2,0
2607,1303.54,0.01,13.7,0
2608,1304.05,0.00,11.5,0
2609,1304.55,0.01,12.7,0
2610,1305.06,0.00,10.6,0
2611,1305.57,-0.02,6.2,0
2612,1306.05,-0.02,8.9,0
2613,1306.62,-0.02,8.9,0
2614,1307.10,0.00,9.6,0
2615,1307.61,0.01,12.8,0
2616,1308.11,-0.01,6.5,0
2617,1308.62,0.00,10.5,0
2618,1309.11,0.01,10.0,0
2619,1309.61,-0.02,6.1,0
2620,1310.11,0.00,9.6,0
2621,1310.61,-0.01,9.3,0
2622,1311.11,-0.01,8.3,0
2623,1311.60,-0.01,10.2,0
2624,1312.10,-0.01,7.4,0
2625,1312.58,0.00,10.6,0
2626,1313.08,0.00,10.5,0
2627,1313.58,-0.01,7.4,0
2628,1314.08,-0.02,7.1,0
2629,1314.56,0.00,11.5,0
2630,1315.06,0.01,12.8,0
2631,1315.56,0.00,8.7,0
2632,1316.04,0.00,9.6,0
2633,1316.55,0.01,10.9,0
2634,1317.04,-0.01,9.2,0
2635,1317.62,0.01,10.9,0
2636,1318.11,0.00,10.5,0
2637,1318.61,0.01,11.8,0
2638,1319.11,-0.02,7.9,0
2639,1319.62,0.00,13.2,0
2640,1320.11,-0.02,7.9,0
2641,1320.59,0.00,11.5,0
2642,1321.09,0.01,11.8,0
2643,1321.59,0.00,9.6,0
2644,1322.08,-0.01,8.3,0
2645,1322.58,-0.02,7.9,0
2646,1323.08,0.01,10.8,0
2647,1323.58,-0.02,7.0,0
2648,1324.08,-0.01,8.3,0
2649,1324.57,0.02,13.1,0
2650,1325.06,0.02,10.3,0
2651,1325.57,-0.01,11.9,0
2652,1326.07,0.02,12.1,0
2653,1326.56,0.00,7.7,0
2654,1327.07,-0.01,8.3,0
2655,1327.56,-0.04,6.6,0
2656,1328.07,0.01,10.8,0
2657,1328.57,0.01,10.8,0
2658,1329.08,-0.01,7.4,0
2659,1329.60,-0.04,6.7,0
2660,1330.10,-0.01,8.3,0
2661,1330.59,0.00,9.5,0
2662,1331.09,0.01,9.9,0
2663,1331.58,0.00,9.5,0
2664,1332.08,0.01,9.9,0
2665,1332.58,-0.02,6.0,0
2666,1333.08,0.04,15.2,0
2667,1333.57,-0.02,6.9,0
2668,1334.06,0.00,9.5,0
2669,1334.56,-0.04,7.5,0
2670,1335.05,-0.01,8.2,0
2671,1335.55,-0.01,10.1,0
2672,1336.05,0.01,10.8,0
2673,1336.55,0.01,9.9,0
2674,1337.06,-0.01,8.2,0
2675,1337.56,0.00,10.4,0
2676,1338.05,-0.01,10.1,0
2677,1338.55,0.00,11.3,0
2678,1339.06,-0.01,8.2,0
2679,1339.56,-0.02,6.9,0
2680,1340.06,0.00,12.2,0
2681,1340.55,-0.01,10.1,0
2682,1341.05,-0.02,6.9,0
2683,1341.54,-0.01,8.2,0
2684,1342.11,-0.04,6.5,0
2685,1342.62,0.00,11.3,0
2686,1343.12,0.00,10.4,0
2687,1343.62,-0.02,6.9,0
2688,1344.12,-0.01,7.3,0
2689,1344.61,0.01,11.7,0
2690,1345.09,-0.01,8.2,0
2691,1345.59,0.01,11.7,0
2692,1346.09,-0.01,6.4,0
2693,1346.58,-0.02,7.8,0
2694,1347.09,0.05,16.4,0
2695,1347.59,-0.01,6.4,0
2696,1348.09,0.00,9.5,0
2697,1348.60,-0.01,10.0,0
2698,1349.11,-0.01,8.2,0
2699,1349.62,-0.01,7.3,0
2700,1350.11,0.00,10.4,0
2701,1350.61,-0.05,3.4,0
2702,1351.11,0.02,13.8,0
2703,1351.62,0.01,9.8,0
2704,1352.12,-0.02,6.9,0
2705,1352.62,0.00,12.2,0
2706,1353.12,-0.01,7.2,0
2707,1353.54,-0.02,4.2,0
2708,1354.04,0.00,10.4,0
2709,1354.55,-0.05,2.5,0
2710,1355.04,-0.02,9.6,0
2711,1355.55,-0.01,10.0,0
2712,1356.06,0.01,11.6,0
2713,1356.57,0.01,10.7,0
2714,1357.07,0.00,10.3,0
2715,1357.57,0.01,9.8,0
2716,1358.09,0.01,12.5,0
2717,1358.58,-0.04,5.6,0
2718,1359.09,0.01,10.7,0
2719,1359.58,0.00,10.4,0
2720,1360.09,0.01,8.9,0
2721,1360.58,0.01,11.6,0
2722,1361.08,0.01,10.7,0
2723,1361.57,0.01,10.7,0
2724,1362.07,0.00,13.1,0
2725,1362.57,0.00,7.6,0
2726,1363.08,0.02,12.9,0
2727,1363.57,0.01,10.8,0
2728,1364.08,0.00,9.5,0
2729,1364.58,-0.02,6.0,0
2730,1365.08,-0.01,10.0,0
2731,1365.59,-0.05,3.4,0
2732,1366.09,-0.02,7.8,0
2733,1366.59,0.01,11.6,0
2734,1367.10,-0.02,7.8,0
2735,1367.60,0.00,9.4,0
2736,1368.09,0.04,15.2,0
2737,1368.58,-0.01,5.3,0
2738,1369.06,0.00,10.4,0
2739,1369.56,-0.01,8.1,0
2740,1370.06,0.01,10.7,0
2741,1370.55,0.01,12.6,0
2742,1371.05,0.00,9.4,0
2743,1371.56,-0.01,9.1,0
2744,1372.06,-0.02,6.9,0
2745,1372.57,0.02,16.5,0
2746,1373.07,0.00,10.3,0
2747,1373.58,-0.02,6.9,0
2748,1374.07,0.01,12.5,0
2749,1374.58,-0.01,7.2,0
2750,1375.08,0.02,12.9,0
2751,1375.57,-0.04,4.6,0
2752,1376.07,-0.01,9.0,0
2753,1376.58,-0.01,9.9,0
2754,1377.07,-0.04,6.4,0
2755,1377.56,-0.01,9.0,0
2756,1378.06,-0.02,5.8,0
2757,1378.55,-0.01,9.9,0
2758,1379.05,-0.01,9.0,0
2759,1379.54,-0.02,6.8,0
2760,1380.12,0.00,11.2,0
2761,1380.61,0.00,10.3,0
2762,1381.11,0.01,10.7,0
2763,1381.63,0.00,7.6,0
2764,1382.11,0.01,11.6,0
2765,1382.61,-0.02,5.9,0
2766,1383.11,0.01,15.2,0
2767,1383.61,-0.01,9.9,0
2768,1384.11,-0.01,9.9,0
2769,1384.61,0.01,10.6,0
2770,1385.11,0.00,10.3,0
2771,1385.61,0.00,10.3,0
2772,1386.12,0.01,10.6,0
2773,1386.54,-0.01,7.2,0
2774,1387.12,0.00,11.2,0
2775,1387.54,0.02,12.8,0
2776,1388.05,0.00,7.5,0
2777,1388.55,-0.01,9.0,0
2778,1389.04,-0.01,9.0,0
2779,1389.61,0.00,10.3,0
2780,1390.11,-0.02,6.8,0
2781,1390.60,0.01,12.5,0
2782,1391.10,0.00,10.3,0
2783,1391.60,0.00,11.2,0
2784,1392.11,-0.02,5.9,0
2785,1392.60,-0.02,8.6,0
2786,1393.10,0.00,9.3,0
2787,1393.61,-0.01,9.0,0
2788,1394.10,0.00,10.3,0
2789,1394.60,0.02,10.1,0
2790,1395.09,-0.02,5.8,0
2791,1395.57,0.02,13.9,0
2792,1396.06,0.00,7.5,0
2793,1396.56,0.02,14.8,0
2794,1397.05,-0.02,5.8,0
2795,1397.56,0.01,12.4,0
2796,1398.04,-0.02,6.7,0
2797,1398.55,-0.02,6.8,0
2798,1399.11,0.00,11.2,0
2799,1399.59,-0.04,5.4,0
2800,1400.10,-0.01,8.0,0
2801,1400.59,-0.06,4.7,0
2802,1401.10,0.04,15.8,0
2803,1401.59,-0.02,4.8,0
2804,1402.10,-0.01,7.1,0
2805,1402.61,0.02,12.7,0
2806,1403.12,0.01,8.7,0
2807,1403.55,-0.01,7.1,0
2808,1404.05,-0.02,6.7,0
2809,1404.61,0.00,11.1,0
2810,1405.11,-0.01,10.7,0
2811,1405.61,0.01,14.2,0
2812,1406.12,0.00,7.4,0
2813,1406.54,0.00,8.3,0
2814,1407.04,-0.02,7.6,0
2815,1407.63,-0.01,8.9,0
2816,1408.04,-0.02,4.8,0
2817,1408.60,-0.01,9.8,0
2818,1409.09,0.01,10.6,0
2819,1409.59,-0.02,5.7,0
2820,1410.09,-0.01,7.0,0
2821,1410.57,0.01,11.5,0
2822,1411.08,-0.04,4.5,0
2823,1411.58,0.00,12.0,0
2824,1412.07,0.00,10.1,0
2825,1412.56,0.01,10.5,0
2826,1413.05,-0.01,7.0,0
2827,1413.54,0.01,11.5,0
2828,1414.04,0.00,7.4,0
2829,1414.54,-0.01,6.1,0
2830,1415.04,-0.01,7.9,0
2831,1415.61,-0.02,7.6,0
2832,1416.11,-0.02,6.6,0
2833,1416.60,0.01,12.4,0
2834,1417.09,0.00,8.3,0
2835,1417.59,0.01,11.4,0
2836,1418.11,0.01,10.5,0
2837,1418.61,-0.02,5.7,0
2838,1419.12,0.01,13.2,0
2839,1419.61,-0.01,7.9,0
2840,1420.11,-0.01,7.0,0
2841,1420.60,0.01,11.4,0
2842,1421.10,0.00,8.3,0
2843,1421.59,-0.01,7.9,0
2844,1422.10,-0.02,5.7,0
2845,1422.60,0.01,12.3,0
2846,1423.10,0.00,11.0,0
2847,1423.61,0.00,9.2,0
2848,1424.11,-0.01,8.8,0
2849,1424.61,0.02,12.7,0
2850,1425.10,0.00,7.3,0
2851,1425.59,0.00,10.1,0
2852,1426.09,0.00,9.2,0
2853,1426.58,-0.01,6.0,0
2854,1427.07,-0.02,7.5,0
2855,1427.57,0.02,12.7,0
2856,1428.07,-0.04,7.2,0
2857,1428.57,0.04,15.8,0
2858,1429.06,0.02,10.8,0
2859,1429.57,-0.01,7.9,0
2860,1430.07,-0.04,7.2,0
2861,1430.56,0.00,11.0,0
2862,1431.06,-0.01,7.9,0
2863,1431.54,0.02,11.8,0
2864,1432.12,0.00,7.3,0
2865,1432.54,0.01,10.4,0
2866,1433.04,0.00,9.2,0
2867,1433.54,-0.01,7.9,0
2868,1434.11,0.00,10.1,0
2869,1434.62,-0.02,6.6,0
2870,1435.11,-0.02,6.6,0
2871,1435.62,-0.05,2.2,0
2872,1436.04,0.00,10.1,0
2873,1436.54,-0.01,8.8,0
2874,1437.12,0.01,11.4,0
2875,1437.62,0.02,12.6,0
2876,1438.11,-0.02,7.5,0
2877,1438.61,-0.02,8.4,0
2878,1439.11,-0.02,8.4,0
2879,1439.56,0.00,9.1,0
2880,1440.07,0.02,12.6,0
2881,1440.57,0.00,8.2,0
2882,1441.07,0.02,12.6,0
2883,1441.56,-0.01,7.9,0
2884,1442.05,0.01,12.3,0
2885,1442.56,0.02,12.6,0
2886,1443.07,-0.04,6.2,0
2887,1443.56,-0.02,8.4,0
2888,1444.04,-0.01,6.9,0
2889,1444.55,-0.01,7.9,0
2890,1445.04,-0.04,5.3,0
2891,1445.54,0.01,11.3,0
2892,1446.11,0.01,9.5,0
2893,1446.60,-0.01,6.9,0
2894,1447.10,0.02,12.6,0
2895,1447.61,0.00,8.2,0
2896,1448.11,-0.02,10.2,0
2897,1448.62,0.02,12.6,0
2898,1449.11,0.02,10.8,0
2899,1449.61,-0.02,6.5,0
2900,1450.11,0.01,10.4,0
2901,1450.61,-0.04,6.2,0
2902,1451.11,0.00,10.9,0
2903,1451.54,0.00,11.8,0
2904,1452.12,-0.05,4.0,0
2905,1452.62,0.00,12.8,0
2906,1453.12,0.00,8.2,0
2907,1453.55,0.01,10.4,0
2908,1454.04,-0.01,6.9,0
2909,1454.55,0.02,11.6,0
2910,1455.04,0.02,12.6,0
2911,1455.54,0.00,7.3,0
2912,1456.11,0.00,10.0,0
2913,1456.60,0.01,10.4,0
2914,1457.10,-0.01,8.7,0
2915,1457.60,0.01,11.3,0
2916,1458.11,-0.01,6.0,0
2917,1458.60,0.06,16.6,0
2918,1459.11,-0.04,2.6,0
2919,1459.61,0.00,11.0,0
2920,1460.10,0.02,13.6,0
2921,1460.59,-0.02,4.6,0
2922,1461.10,-0.01,7.9,0
2923,1461.60,0.02,11.7,0
2924,1462.11,0.00,10.9,0
2925,1462.60,0.00,9.1,0
2926,1463.10,0.00,9.1,0
2927,1463.59,0.01,11.4,0
2928,1464.09,0.01,9.5,0
2929,1464.57,0.01,11.4,0
2930,1465.06,-0.01,7.8,0
2931,1465.55,0.00,10.0,0
2932,1466.05,0.00,9.1,0
2933,1466.55,-0.01,6.1,0
2934,1467.05,-0.01,7.8,0
2935,1467.56,-0.04,8.0,0
2936,1468.06,0.00,11.8,0
2937,1468.57,-0.02,5.7,0
2938,1469.07,-0.01,6.9,0
2939,1469.59,0.00,7.3,0
2940,1470.09,0.02,13.5,0
2941,1470.59,-0.01,9.7,0
2942,1471.09,0.02,12.6,0
2943,1471.57,-0.01,5.9,0
2944,1472.07,0.02,12.6,0
2945,1472.56,-0.01,7.8,0
2946,1473.06,-0.01,6.9,0
2947,1473.55,-0.01,10.6,0
2948,1474.05,0.01,12.2,0
2949,1474.55,0.00,10.0,0
2950,1475.05,0.01,12.2,0
2951,1475.55,-0.01,8.7,0
2952,1476.05,-0.01,6.9,0
2953,1476.62,0.00,10.0,0
2954,1477.04,0.00,11.8,0
2955,1477.55,-0.02,7.4,0
2956,1478.04,-0.01,6.9,0
2957,1478.62,0.01,11.3,0
2958,1479.12,0.02,11.6,0
2959,1479.54,0.00,8.2,0
2960,1480.04,0.00,10.0,0
2961,1480.55,0.04,16.5,0
2962,1481.05,-0.01,8.7,0
2963,1481.56,0.00,9.1,0
2964,1482.07,0.01,12.1,0
2965,1482.57,0.00,9.1,0
2966,1483.06,0.00,10.9,0
2967,1483.56,-0.01,8.7,0
2968,1484.08,0.01,10.3,0
2969,1484.58,0.01,8.5,0
2970,1485.08,0.00,10.0,0
2971,1485.59,-0.02,5.6,0
2972,1486.09,-0.04,6.1,0
2973,1486.58,0.00,10.9,0
2974,1487.08,-0.02,6.5,0
2975,1487.57,0.01,9.4,0
2976,1488.07,-0.01,6.9,0
2977,1488.58,0.00,7.2,0
2978,1489.09,-0.02,5.6,0
2979,1489.59,-0.01,6.0,0
2980,1490.09,-0.02,8.3,0
2981,1490.59,-0.04,4.3,0
2982,1491.10,-0.01,7.8,0
2983,1491.60,0.01,12.1,0
2984,1492.11,0.00,8.1,0
2985,1492.61,0.00,7.2,0
2986,1493.10,-0.02,5.5,0
2987,1493.60,-0.04,6.1,0
2988,1494.09,0.00,8.1,0
2989,1494.59,0.02,10.7,0
2990,1495.10,-0.01,7.8,0
2991,1495.60,-0.01,7.8,0
2992,1496.10,0.01,10.3,0
2993,1496.60,-0.01,7.8,0
2994,1497.10,-0.02,7.4,0
2995,1497.61,0.00,10.9,0
2996,1498.10,-0.01,7.8,0
2997,1498.61,-0.02,6.5,0
2998,1499.11,0.01,12.1,0
2999,1499.60,0.02,13.4,0
