Sample,Timestamp,Current Error
0,0.04,0.01
1,5.06,-0.09
2,10.09,-0.12
3,15.07,0.06
4,20.08,0.09
5,25.04,0.18
6,30.08,0.12
7,35.10,-0.02
8,40.12,0.10
9,45.08,0.13
10,50.04,0.00
11,55.09,0.01
12,60.07,0.12
13,65.05,0.00
14,70.11,-0.01
15,75.05,0.09
16,80.11,-0.02
17,85.06,0.00
18,90.10,0.06
19,95.09,0.02
20,100.11,-0.05
21,105.04,0.04
22,110.10,0.02
23,115.07,-0.06
24,120.05,0.00
25,125.11,0.06
26,130.07,-0.07
27,135.04,-0.05
28,140.09,0.01
29,145.05,-0.05
30,150.05,-0.05
31,155.09,0.06
32,160.04,0.01
33,165.04,-0.04
34,170.04,0.07
35,175.09,0.04
36,180.11,-0.07
37,185.07,0.05
38,190.11,0.01
39,195.10,-0.07
40,200.04,-0.02
41,205.05,0.04
42,210.12,-0.01
43,215.05,0.01
44,220.10,0.05
45,225.07,-0.04
46,230.11,-0.02
47,235.08,0.07
48,240.04,-0.04
49,245.07,-0.07
50,250.10,0.09
51,255.07,-0.02
52,260.09,-0.05
53,265.06,0.09
54,270.08,0.01
55,275.04,-0.04
56,280.11,0.04
57,285.08,0.02
58,290.05,-0.06
59,295.08,-0.01
60,300.05,0.04
61,305.08,-0.06
62,310.09,-0.06
63,315.04,0.09
64,320.08,-0.04
65,325.05,-0.09
66,330.12,0.10
67,335.09,0.00
68,340.06,-0.11
69,345.12,0.09
70,350.09,0.04
71,355.05,-0.06
72,360.05,0.01
73,365.09,0.05
74,370.06,-0.01
75,375.11,-0.01
76,380.04,0.07
77,385.07,-0.06
78,390.04,-0.06
79,395.08,0.11
80,400.06,-0.05
81,405.09,-0.10
82,410.04,0.06
83,415.11,-0.02
84,420.04,-0.09
85,425.05,0.02
86,430.10,-0.01
87,435.11,-0.09
88,440.05,0.02
89,445.09,0.02
90,450.07,-0.10
91,455.12,0.00
92,460.05,0.05
93,465.09,-0.07
94,470.12,-0.04
95,475.08,0.05
96,480.05,0.00
97,485.10,-0.06
98,490.09,0.05
99,495.09,-0.05
100,500.05,-0.04
101,505.09,0.05
102,510.04,0.07
103,515.10,-0.09
104,520.04,0.00
105,525.10,0.01
106,530.09,-0.02
107,535.12,-0.04
108,540.11,0.05
109,545.07,-0.05
110,550.11,-0.05
111,555.10,0.06
112,560.05,0.00
113,565.07,-0.09
114,570.12,0.10
115,575.09,0.01
116,580.07,-0.06
117,585.05,0.02
118,590.05,-0.05
119,595.11,-0.06
120,600.04,-0.01
121,605.10,0.00
122,610.05,-0.02
123,615.11,-0.01
124,620.04,0.02
125,625.11,-0.06
126,630.05,-0.02
127,635.08,0.06
128,640.04,-0.02
129,645.05,-0.02
130,650.05,0.05
131,655.09,0.02
132,660.05,-0.05
133,665.11,0.06
134,670.12,0.00
135,675.12,-0.09
136,680.05,0.04
137,685.11,0.04
138,690.07,-0.05
139,695.12,-0.01
140,700.11,0.02
141,705.05,-0.04
142,710.11,-0.04
143,715.05,0.11
144,720.12,-0.07
145,725.10,-0.09
146,730.07,0.12
147,735.12,0.01
148,740.05,-0.07
149,745.06,0.06
150,750.09,0.02
151,755.05,-0.07
152,760.12,0.00
153,765.07,0.06
154,770.10,-0.05
155,775.05,-0.02
156,780.09,0.09
157,785.05,-0.06
158,790.12,-0.07
159,795.11,0.07
160,800.04,-0.04
161,805.07,-0.05
162,810.12,0.10
163,815.06,0.00
164,820.11,-0.09
165,825.05,0.04
166,830.10,0.00
167,835.12,-0.10
168,840.07,-0.04
169,845.06,0.05
170,850.12,-0.06
171,855.05,0.00
172,860.09,0.10
173,865.07,-0.05
174,870.05,-0.09
175,875.04,0.07
176,880.07,-0.05
177,885.04,-0.06
178,890.10,0.05
179,895.04,0.01
180,900.07,-0.10
181,905.12,0.07
182,910.12,0.01
183,915.10,-0.06
184,920.12,0.01
185,925.08,0.06
186,930.08,-0.06
187,935.04,0.01
188,940.11,0.05
189,945.08,-0.02
190,950.10,-0.05
191,955.09,0.02
192,960.06,-0.05
193,965.04,-0.06
194,970.06,0.09
195,975.05,-0.02
196,980.09,-0.09
197,985.04,0.09
198,990.12,-0.05
199,995.09,-0.02
200,1000.05,0.01
201,1005.12,0.05
202,1010.06,-0.04
203,1015.12,0.02
204,1020.04,0.07
205,1025.10,0.00
206,1030.11,0.01
207,1035.09,0.10
208,1040.07,-0.01
209,1045.12,0.00
210,1050.04,0.11
211,1055.04,-0.05
212,1060.11,-0.05
213,1065.10,0.06
214,1070.05,0.01
215,1075.07,-0.07
216,1080.05,0.07
217,1085.10,0.04
218,1090.04,-0.09
219,1095.09,-0.01
220,1100.05,0.06
221,1105.09,-0.04
222,1110.07,-0.06
223,1115.04,0.09
224,1120.04,-0.06
225,1125.08,-0.05
226,1130.05,0.10
227,1135.12,0.00
228,1140.05,-0.07
229,1145.05,0.09
230,1150.12,-0.02
231,1155.10,-0.06
232,1160.05,0.02
233,1165.11,0.04
234,1170.05,-0.06
235,1175.10,0.01
236,1180.08,0.06
237,1185.05,-0.05
238,1190.09,-0.02
239,1195.12,0.09
240,1200.09,0.00
241,1205.05,-0.10
242,1210.10,0.07
243,1215.05,-0.01
244,1220.08,-0.10
245,1225.11,0.06
246,1230.04,0.01
247,1235.08,-0.09
248,1240.11,-0.01
249,1245.06,0.05
250,1250.04,-0.05
251,1255.05,-0.01
252,1260.11,0.05
253,1265.11,-0.01
254,1270.12,-0.07
255,1275.05,0.05
256,1280.11,-0.02
257,1285.04,-0.02
258,1290.11,0.10
259,1295.05,0.00
260,1300.11,-0.06
261,1305.07,0.05
262,1310.04,0.01
263,1315.11,-0.06
264,1320.11,0.05
265,1325.08,0.04
266,1330.04,-0.04
267,1335.04,-0.04
268,1340.05,0.06
269,1345.08,-0.04
270,1350.05,-0.04
271,1355.13,0.07
272,1360.11,-0.02
273,1365.12,-0.04
274,1370.11,0.07
275,1375.04,-0.01
276,1380.10,-0.05
277,1385.09,0.06
278,1390.11,-0.04
279,1395.06,-0.06
280,1400.10,-0.01
281,1405.05,0.04
282,1410.10,-0.02
283,1415.12,0.00
284,1420.10,0.05
285,1425.10,-0.04
286,1430.05,-0.04
287,1435.11,0.06
288,1440.11,-0.04
289,1445.04,-0.11
290,1450.11,0.10
291,1455.05,-0.05
292,1460.09,-0.01
293,1465.04,0.05
294,1470.11,-0.04
295,1475.07,-0.07
296,1480.09,0.05
297,1485.07,0.06
298,1490.10,-0.05
299,1495.11,0.01
300,1500.04,0.06
301,1505.05,-0.09
302,1510.12,-0.02
303,1515.05,0.11
304,1520.10,-0.01
305,1525.05,-0.04
306,1530.12,0.09
307,1535.10,0.00
308,1540.11,-0.06
309,1545.09,0.09
310,1550.05,0.00
311,1555.08,-0.07
312,1560.04,0.06
313,1565.11,0.06
314,1570.08,-0.05
315,1575.04,-0.01
316,1580.11,0.06
317,1585.07,-0.06
318,1590.12,-0.02
319,1595.12,0.09
320,1600.11,-0.01
321,1605.05,-0.09
322,1610.04,0.11
323,1615.06,-0.04
324,1620.11,-0.07
325,1625.05,0.07
326,1630.05,0.05
327,1635.09,-0.05
328,1640.11,0.04
329,1645.07,0.06
330,1650.12,-0.04
331,1655.11,-0.02
332,1660.12,0.07
333,1665.07,-0.02
334,1670.05,-0.05
335,1675.06,0.05
336,1680.04,-0.04
337,1685.12,-0.06
338,1690.08,0.09
339,1695.11,0.00
340,1700.07,-0.07
341,1705.11,0.07
342,1710.06,0.05
343,1715.11,-0.06
344,1720.12,0.02
345,1725.08,0.06
346,1730.06,-0.04
347,1735.11,-0.02
348,1740.08,0.06
349,1745.05,-0.06
350,1750.12,-0.07
351,1755.12,0.09
352,1760.10,-0.04
353,1765.12,-0.07
354,1770.07,0.09
355,1775.11,0.01
356,1780.07,-0.04
357,1785.11,0.07
358,1790.08,-0.01
359,1795.04,-0.05
360,1800.05,0.02
361,1805.08,0.00
362,1810.12,-0.07
363,1815.12,0.02
364,1820.10,0.05
365,1825.07,-0.01
366,1830.04,-0.02
367,1835.11,0.09
368,1840.08,0.01
369,1845.11,0.01
370,1850.04,0.12
371,1855.08,0.00
372,1860.10,-0.05
373,1865.05,0.04
374,1870.10,0.02
375,1875.07,-0.01
376,1880.11,0.05
377,1885.06,0.04
378,1890.12,-0.05
379,1895.08,-0.01
380,1900.04,0.06
381,1905.10,-0.05
382,1910.04,-0.02
383,1915.09,0.12
384,1920.05,-0.04
385,1925.11,-0.02
386,1930.09,0.13
387,1935.12,-0.01
388,1940.05,-0.11
389,1945.10,0.07
390,1950.10,0.04
391,1955.11,-0.04
392,1960.06,0.04
393,1965.06,0.05
394,1970.09,-0.07
395,1975.11,-0.02
396,1980.05,0.07
397,1985.10,-0.07
398,1990.05,-0.06
399,1995.12,0.07
400,2000.10,-0.05
401,2005.06,-0.06
402,2010.10,0.07
403,2015.10,-0.05
404,2020.04,-0.10
405,2025.04,0.06
406,2030.11,0.00
407,2035.08,-0.07
408,2040.09,0.00
409,2045.12,0.04
410,2050.11,-0.04
411,2055.06,-0.01
412,2060.09,0.09
413,2065.04,0.00
414,2070.08,-0.05
415,2075.10,0.09
416,2080.08,-0.04
417,2085.12,-0.11
418,2090.08,0.04
419,2095.06,0.01
420,2100.10,-0.09
421,2105.11,0.05
422,2110.07,0.05
423,2115.11,-0.07
424,2120.07,0.01
425,2125.12,0.07
426,2130.10,-0.01
427,2135.09,-0.01
428,2140.05,0.07
429,2145.09,-0.02
430,2150.11,-0.04
431,2155.08,0.09
432,2160.12,-0.01
433,2165.08,-0.01
434,2170.11,0.07
435,2175.09,-0.04
436,2180.09,-0.05
437,2185.04,0.09
438,2190.08,0.05
439,2195.10,-0.02
440,2200.12,0.01
441,2205.11,0.00
442,2210.06,-0.04
443,2215.09,0.01
444,2220.12,0.05
445,2225.09,-0.04
446,2230.10,-0.02
447,2235.12,0.09
448,2240.08,-0.02
449,2245.05,-0.05
450,2250.09,0.07
451,2255.05,0.02
452,2260.09,-0.06
453,2265.04,0.06
454,2270.11,0.02
455,2275.04,-0.09
456,2280.08,0.04
457,2285.07,0.05
458,2290.10,-0.06
459,2295.07,-0.01
460,2300.04,0.09
461,2305.10,-0.05
462,2310.08,-0.04
463,2315.12,0.10
464,2320.09,-0.06
465,2325.07,-0.05
466,2330.10,0.11
467,2335.11,-0.04
468,2340.10,-0.11
469,2345.12,0.09
470,2350.11,0.02
471,2355.09,-0.06
472,2360.07,0.06
473,2365.12,0.07
474,2370.04,-0.05
475,2375.07,-0.01
476,2380.04,0.07
477,2385.12,-0.06
478,2390.10,-0.05
479,2395.12,0.07
480,2400.07,-0.01
481,2405.10,-0.10
482,2410.05,0.05
483,2415.11,-0.02
484,2420.10,-0.07
485,2425.06,0.06
486,2430.05,0.02
487,2435.11,-0.07
488,2440.11,0.00
489,2445.08,0.05
490,2450.11,-0.05
491,2455.11,-0.01
492,2460.07,0.06
493,2465.12,-0.04
494,2470.05,-0.05
495,2475.11,0.09
496,2480.10,-0.04
497,2485.11,-0.05
498,2490.10,0.10
499,2495.11,0.01
500,2500.10,-0.09
501,2505.04,0.07
502,2510.09,0.00
503,2515.12,-0.07
504,2520.11,0.01
505,2525.04,0.09
506,2530.06,-0.04
507,2535.09,0.00
508,2540.12,0.05
509,2545.10,-0.04
510,2550.12,-0.06
511,2555.09,0.07
512,2560.11,-0.02
513,2565.11,-0.07
514,2570.07,0.04
515,2575.07,-0.02
516,2580.12,-0.05
517,2585.06,0.06
518,2590.11,0.05
519,2595.10,-0.09
520,2600.11,-0.01
521,2605.08,0.02
522,2610.11,0.01
523,2615.08,0.00
524,2620.11,0.02
525,2625.09,-0.02
526,2630.11,-0.01
527,2635.11,0.10
528,2640.07,-0.02
529,2645.04,-0.04
530,2650.09,0.13
531,2655.08,-0.05
532,2660.10,-0.07
533,2665.05,0.06
534,2670.10,0.00
535,2675.08,-0.07
536,2680.10,0.05
537,2685.07,0.01
538,2690.11,-0.09
539,2695.12,0.00
540,2700.10,0.09
541,2705.06,-0.06
542,2710.06,-0.01
543,2715.11,0.06
544,2720.07,-0.04
545,2725.11,-0.05
546,2730.12,0.09
547,2735.10,-0.02
548,2740.05,-0.11
549,2745.07,0.06
550,2750.11,-0.01
551,2755.08,-0.04
552,2760.10,0.04
553,2765.05,0.04
554,2770.11,-0.06
555,2775.06,-0.01
556,2780.11,0.09
557,2785.08,-0.02
558,2790.10,-0.04
559,2795.10,0.10
560,2800.11,0.00
561,2805.05,-0.09
562,2810.05,0.07
563,2815.10,-0.04
564,2820.07,-0.11
565,2825.09,0.07
566,2830.09,-0.02
567,2835.05,-0.12
568,2840.10,0.01
569,2845.06,0.04
570,2850.11,-0.09
571,2855.09,-0.01
572,2860.11,0.06
573,2865.09,-0.01
574,2870.05,-0.05
575,2875.09,0.09
576,2880.08,-0.01
577,2885.05,-0.09
578,2890.07,0.09
579,2895.11,0.01
580,2900.07,-0.07
581,2905.10,0.04
582,2910.05,0.04
583,2915.12,-0.01
584,2920.07,0.01
585,2925.12,0.02
586,2930.08,-0.02
587,2935.08,-0.04
588,2940.11,0.04
589,2945.07,-0.01
590,2950.08,-0.04
591,2955.12,0.11
592,2960.10,-0.01
593,2965.11,-0.04
594,2970.08,0.04
595,2975.11,-0.02
596,2980.10,-0.04
597,2985.07,0.06
598,2990.11,-0.04
599,2995.05,-0.02
600,3000.11,0.05
601,3005.11,0.00
602,3010.07,-0.04
603,3015.10,0.01
604,3020.05,0.09
605,3025.11,-0.06
606,3030.07,-0.05
607,3035.04,0.12
608,3040.09,-0.04
609,3045.08,-0.05
610,3050.04,0.11
611,3055.10,0.00
612,3060.07,-0.09
613,3065.11,0.04
614,3070.10,0.01
615,3075.10,-0.02
616,3080.05,0.05
617,3085.11,0.02
618,3090.05,-0.04
619,3095.05,0.01
620,3100.10,0.05
621,3105.08,-0.07
622,3110.04,-0.04
623,3115.10,0.09
624,3120.07,-0.05
625,3125.11,-0.04
626,3130.08,0.11
627,3135.11,-0.02
628,3140.08,-0.06
629,3145.10,0.07
630,3150.12,0.01
631,3155.10,-0.05
632,3160.11,0.02
633,3165.09,0.05
634,3170.12,-0.06
635,3175.04,-0.02
636,3180.11,0.07
637,3185.10,-0.04
638,3190.12,-0.06
639,3195.10,0.09
640,3200.10,-0.05
641,3205.06,-0.07
642,3210.10,0.10
643,3215.07,0.00
644,3220.09,-0.07
645,3225.09,0.07
646,3230.05,0.01
647,3235.05,-0.10
648,3240.10,0.01
649,3245.10,0.05
650,3250.09,-0.01
651,3255.09,-0.01
652,3260.04,0.09
653,3265.08,-0.02
654,3270.11,-0.07
655,3275.08,0.09
656,3280.07,-0.02
657,3285.11,-0.09
658,3290.06,0.04
659,3295.09,-0.04
660,3300.10,-0.05
661,3305.10,0.07
662,3310.10,0.02
663,3315.05,-0.09
664,3320.10,0.01
665,3325.08,0.05
666,3330.06,-0.05
667,3335.10,-0.02
668,3340.09,0.02
669,3345.09,-0.06
670,3350.11,-0.05
671,3355.10,0.07
672,3360.11,-0.04
673,3365.08,-0.07
674,3370.11,0.09
675,3375.06,-0.04
676,3380.07,-0.04
677,3385.11,0.06
678,3390.08,0.05
679,3395.11,-0.04
680,3400.06,0.04
681,3405.05,0.02
682,3410.11,-0.05
683,3415.08,0.01
684,3420.06,0.06
685,3425.10,-0.02
686,3430.04,0.00
687,3435.12,0.12
688,3440.12,-0.02
689,3445.10,-0.07
690,3450.09,0.12
691,3455.11,0.04
692,3460.10,-0.04
693,3465.06,0.06
694,3470.09,0.02
695,3475.07,-0.06
696,3480.11,0.07
697,3485.09,0.05
698,3490.05,-0.06
699,3495.09,0.01
700,3500.04,0.11
701,3505.07,-0.07
702,3510.10,-0.07
703,3515.05,0.06
704,3520.11,-0.02
705,3525.08,-0.11
706,3530.10,0.10
707,3535.08,-0.02
708,3540.05,-0.10
709,3545.11,0.05
710,3550.09,0.02
711,3555.12,-0.07
712,3560.07,0.02
713,3565.05,0.07
714,3570.05,-0.04
715,3575.06,0.01
716,3580.04,0.07
717,3585.09,-0.07
718,3590.12,-0.05
719,3595.10,0.07
720,3600.10,-0.04
721,3605.10,-0.09
722,3610.09,0.10
723,3615.04,-0.01
724,3620.10,-0.11
725,3625.06,0.05
726,3630.11,0.02
727,3635.09,-0.11
728,3640.11,-0.02
729,3645.09,0.06
730,3650.05,-0.05
731,3655.10,-0.01
732,3660.09,0.05
733,3665.06,-0.05
734,3670.10,-0.02
735,3675.04,0.07
736,3680.06,-0.01
737,3685.11,-0.09
738,3690.06,0.09
739,3695.04,-0.01
740,3700.10,-0.02
741,3705.07,0.02
742,3710.06,0.01
743,3715.12,-0.05
744,3720.09,0.00
745,3725.09,0.04
746,3730.05,-0.05
747,3735.09,0.00
748,3740.12,0.12
749,3745.10,0.01
750,3750.06,-0.07
751,3755.09,0.09
752,3760.05,-0.01
753,3765.09,-0.06
754,3770.12,0.05
755,3775.10,-0.02
756,3780.07,-0.06
757,3785.11,0.07
758,3790.11,0.00
759,3795.09,-0.05
760,3800.05,0.01
761,3805.10,0.02
762,3810.07,-0.02
763,3815.04,-0.01
764,3820.08,0.05
765,3825.06,-0.01
766,3830.10,-0.02
767,3835.04,0.07
768,3840.08,-0.01
769,3845.04,-0.10
770,3850.08,0.10
771,3855.07,-0.01
772,3860.10,-0.06
773,3865.10,0.02
774,3870.08,0.04
775,3875.05,-0.06
776,3880.08,0.05
777,3885.06,0.07
778,3890.05,-0.07
779,3895.05,0.00
780,3900.12,0.04
781,3905.07,-0.06
782,3910.09,-0.04
783,3915.08,0.09
784,3920.07,-0.05
785,3925.04,-0.05
786,3930.08,0.09
787,3935.06,-0.05
788,3940.10,-0.07
789,3945.11,0.07
790,3950.07,0.04
791,3955.10,-0.10
792,3960.10,0.02
793,3965.04,0.02
794,3970.09,-0.06
795,3975.09,-0.04
796,3980.07,0.09
797,3985.05,-0.06
798,3990.08,-0.07
799,3995.10,0.12
800,4000.08,-0.04
801,4005.06,-0.10
802,4010.09,0.10
803,4015.09,0.00
804,4020.05,-0.09
805,4025.09,0.07
806,4030.12,0.04
807,4035.10,-0.13
808,4040.06,0.00
809,4045.12,0.04
810,4050.07,-0.09
811,4055.05,-0.06
812,4060.09,0.06
813,4065.08,-0.04
814,4070.10,-0.07
815,4075.07,0.10
816,4080.10,-0.01
817,4085.07,-0.10
818,4090.11,0.06
819,4095.08,0.02
820,4100.09,-0.10
821,4105.08,0.04
822,4110.04,0.00
823,4115.09,-0.01
824,4120.09,0.07
825,4125.06,0.04
826,4130.09,-0.07
827,4135.12,-0.04
828,4140.10,0.05
829,4145.09,-0.04
830,4150.05,-0.05
831,4155.11,0.09
832,4160.09,0.02
833,4165.07,-0.01
834,4170.12,0.06
835,4175.09,-0.02
836,4180.07,-0.07
837,4185.11,0.05
838,4190.08,0.07
839,4195.09,-0.06
840,4200.09,0.01
841,4205.07,0.05
842,4210.11,-0.01
843,4215.09,0.02
844,4220.04,0.06
845,4225.10,-0.05
846,4230.07,-0.05
847,4235.12,0.13
848,4240.07,-0.05
849,4245.09,-0.06
850,4250.06,0.10
851,4255.05,-0.04
852,4260.12,-0.06
853,4265.09,0.07
854,4270.05,0.00
855,4275.07,-0.04
856,4280.10,0.05
857,4285.09,0.04
858,4290.09,-0.10
859,4295.08,0.00
860,4300.06,0.04
861,4305.11,-0.09
862,4310.09,-0.06
863,4315.07,0.12
864,4320.11,-0.02
865,4325.07,-0.10
866,4330.06,0.09
867,4335.10,0.00
868,4340.05,-0.10
869,4345.09,0.07
870,4350.09,0.00
871,4355.06,-0.07
872,4360.08,0.01
873,4365.06,0.06
874,4370.04,-0.07
875,4375.08,0.04
876,4380.04,0.07
877,4385.09,-0.02
878,4390.05,-0.05
879,4395.11,0.09
880,4400.06,-0.05
881,4405.09,-0.10
882,4410.06,0.09
883,4415.04,0.00
884,4420.10,-0.10
885,4425.11,0.02
886,4430.10,-0.01
887,4435.07,-0.12
888,4440.10,-0.01
889,4445.08,0.04
890,4450.08,-0.05
891,4455.04,-0.04
892,4460.09,0.04
893,4465.07,-0.04
894,4470.05,-0.06
895,4475.09,0.05
896,4480.07,-0.02
897,4485.11,-0.05
898,4490.06,0.01
899,4495.08,0.00
900,4500.09,-0.04
901,4505.12,0.05
902,4510.08,0.06
903,4515.10,-0.09
904,4520.08,0.02
905,4525.04,0.06
906,4530.05,-0.06
907,4535.09,-0.04
908,4540.09,0.10
909,4545.04,0.01
910,4550.09,-0.02
911,4555.12,0.09
912,4560.08,-0.05
913,4565.10,-0.04
914,4570.05,0.07
915,4575.08,0.04
916,4580.07,-0.07
917,4585.10,0.04
918,4590.09,0.00
919,4595.07,-0.04
920,4600.10,0.05
921,4605.07,0.06
922,4610.10,-0.06
923,4615.11,-0.02
924,4620.10,0.05
925,4625.06,-0.06
926,4630.07,-0.04
927,4635.09,0.10
928,4640.06,-0.07
929,4645.11,-0.09
930,4650.06,0.10
931,4655.10,-0.04
932,4660.05,-0.04
933,4665.10,0.02
934,4670.09,0.01
935,4675.08,-0.06
936,4680.09,0.09
937,4685.05,0.05
938,4690.10,-0.09
939,4695.09,0.05
940,4700.05,0.09
941,4705.09,-0.07
942,4710.06,-0.07
943,4715.12,0.06
944,4720.09,-0.04
945,4725.05,-0.05
946,4730.10,0.11
947,4735.09,-0.07
948,4740.07,-0.10
949,4745.11,0.09
950,4750.10,0.02
951,4755.07,-0.07
952,4760.06,0.02
953,4765.10,0.04
954,4770.04,-0.05
955,4775.09,-0.02
956,4780.05,0.05
957,4785.12,-0.05
958,4790.09,-0.05
959,4795.10,0.10
960,4800.07,-0.05
961,4805.10,-0.06
962,4810.07,0.06
963,4815.06,-0.02
964,4820.10,-0.06
965,4825.08,0.06
966,4830.12,0.00
967,4835.09,-0.09
968,4840.07,0.04
969,4845.06,0.05
970,4850.12,-0.06
971,4855.06,-0.04
972,4860.12,0.09
973,4865.08,-0.01
974,4870.11,-0.02
975,4875.07,0.07
976,4880.11,-0.04
977,4885.07,-0.07
978,4890.10,0.09
979,4895.09,-0.01
980,4900.05,-0.06
981,4905.07,0.07
982,4910.11,0.02
983,4915.10,-0.06
984,4920.05,-0.02
985,4925.09,0.04
986,4930.04,-0.02
987,4935.09,-0.01
988,4940.07,0.07
989,4945.11,-0.07
990,4950.10,-0.04
991,4955.07,0.09
992,4960.10,-0.02
993,4965.05,-0.02
994,4970.09,0.07
995,4975.07,0.00
996,4980.11,-0.07
997,4985.06,0.04
998,4990.10,-0.02
999,4995.06,-0.06
1000,5000.12,0.02
1001,5005.07,0.02
1002,5010.04,0.00
1003,5015.09,0.01
1004,5020.09,0.05
1005,5025.07,-0.06
1006,5030.11,0.00
1007,5035.08,0.09
1008,5040.07,0.01
1009,5045.09,-0.06
1010,5050.11,0.09
1011,5055.10,-0.02
1012,5060.07,-0.09
1013,5065.09,0.06
1014,5070.09,0.01
1015,5075.07,-0.07
1016,5080.10,0.04
1017,5085.09,0.02
1018,5090.12,-0.07
1019,5095.05,0.00
1020,5100.10,0.09
1021,5105.09,-0.07
1022,5110.05,-0.06
1023,5115.10,0.12
1024,5120.07,-0.01
1025,5125.11,-0.06
1026,5130.12,0.09
1027,5135.09,-0.02
1028,5140.06,-0.12
1029,5145.12,0.07
1030,5150.11,0.00
1031,5155.05,-0.09
1032,5160.09,0.04
1033,5165.06,0.09
1034,5170.12,-0.10
1035,5175.07,-0.02
1036,5180.10,0.06
1037,5185.08,-0.07
1038,5190.05,-0.06
1039,5195.10,0.07
1040,5200.07,-0.05
1041,5205.11,-0.09
1042,5210.07,0.09
1043,5215.04,-0.01
1044,5220.07,-0.10
1045,5225.10,0.05
1046,5230.09,0.01
1047,5235.05,-0.10
1048,5240.09,0.01
1049,5245.05,0.04
1050,5250.12,-0.09
1051,5255.10,-0.02
1052,5260.06,0.06
1053,5265.12,-0.04
1054,5270.06,-0.05
1055,5275.09,0.06
1056,5280.05,-0.05
1057,5285.07,-0.09
1058,5290.09,0.05
1059,5295.06,0.01
1060,5300.12,-0.05
1061,5305.07,0.05
1062,5310.04,0.00
1063,5315.10,-0.07
1064,5320.07,0.01
1065,5325.07,0.07
1066,5330.11,-0.01
1067,5335.09,-0.07
1068,5340.08,0.06
1069,5345.07,-0.06
1070,5350.08,-0.05
1071,5355.08,0.10
1072,5360.11,0.01
1073,5365.09,-0.07
1074,5370.11,0.05
1075,5375.09,0.00
1076,5380.07,-0.06
1077,5385.07,0.05
1078,5390.10,-0.01
1079,5395.08,-0.04
1080,5400.06,0.04
1081,5405.10,0.02
1082,5410.06,-0.05
1083,5415.11,0.00
1084,5420.10,0.05
1085,5425.06,-0.07
1086,5430.12,-0.01
1087,5435.06,0.06
1088,5440.08,-0.05
1089,5445.05,-0.04
1090,5450.09,0.10
1091,5455.07,-0.01
1092,5460.08,-0.05
1093,5465.09,0.04
1094,5470.09,-0.01
1095,5475.04,-0.01
1096,5480.07,0.09
1097,5485.05,0.06
1098,5490.09,-0.02
1099,5495.12,-0.01
1100,5500.08,0.10
1101,5505.05,-0.09
1102,5510.09,-0.01
1103,5515.11,0.06
1104,5520.07,-0.05
1105,5525.12,-0.02
1106,5530.09,0.06
1107,5535.08,-0.01
1108,5540.07,-0.11
1109,5545.08,0.09
1110,5550.05,0.01
1111,5555.04,-0.07
1112,5560.08,0.04
1113,5565.05,0.09
1114,5570.11,-0.04
1115,5575.08,-0.04
1116,5580.05,0.06
1117,5585.08,-0.02
1118,5590.07,-0.06
1119,5595.12,0.07
1120,5600.13,-0.02
1121,5605.08,-0.04
1122,5610.08,0.07
1123,5615.05,-0.05
1124,5620.09,-0.11
1125,5625.11,0.07
1126,5630.08,0.06
1127,5635.11,-0.06
1128,5640.06,0.02
1129,5645.04,0.04
1130,5650.10,-0.09
1131,5655.07,-0.04
1132,5660.12,0.06
1133,5665.08,-0.01
1134,5670.09,-0.01
1135,5675.08,0.07
1136,5680.11,-0.01
1137,5685.10,-0.04
1138,5690.07,0.09
1139,5695.11,0.02
1140,5700.06,-0.09
1141,5705.05,0.06
1142,5710.10,0.02
1143,5715.09,-0.02
1144,5720.04,0.02
1145,5725.08,0.02
1146,5730.06,-0.05
1147,5735.10,-0.04
1148,5740.07,0.06
1149,5745.13,-0.04
1150,5750.08,-0.04
1151,5755.12,0.07
1152,5760.07,-0.04
1153,5765.05,-0.04
1154,5770.07,0.09
1155,5775.10,0.00
1156,5780.08,-0.07
1157,5785.04,0.10
1158,5790.09,0.01
1159,5795.06,-0.04
1160,5800.08,0.04
1161,5805.07,0.04
1162,5810.07,-0.02
1163,5815.11,0.02
1164,5820.08,0.05
1165,5825.06,-0.02
1166,5830.09,0.01
1167,5835.05,0.09
1168,5840.11,-0.01
1169,5845.07,-0.02
1170,5850.12,0.09
1171,5855.08,-0.02
1172,5860.09,-0.06
1173,5865.04,0.09
1174,5870.09,-0.01
1175,5875.12,-0.05
1176,5880.11,0.09
1177,5885.08,0.02
1178,5890.12,-0.04
1179,5895.07,-0.02
1180,5900.09,0.06
1181,5905.05,-0.04
1182,5910.12,-0.05
1183,5915.08,0.10
1184,5920.04,-0.02
1185,5925.12,-0.07
1186,5930.10,0.10
1187,5935.08,-0.01
1188,5940.05,-0.07
1189,5945.07,0.05
1190,5950.06,-0.02
1191,5955.08,-0.05
1192,5960.11,0.05
1193,5965.07,0.06
1194,5970.09,-0.09
1195,5975.07,-0.01
1196,5980.11,0.10
1197,5985.06,-0.06
1198,5990.07,-0.01
1199,5995.11,0.10
1200,6000.09,-0.05
1201,6005.07,-0.05
1202,6010.11,0.10
1203,6015.08,0.00
1204,6020.09,-0.09
1205,6025.07,-0.01
1206,6030.11,0.00
1207,6035.06,-0.06
1208,6040.10,0.00
1209,6045.08,0.04
1210,6050.07,-0.07
1211,6055.08,-0.02
1212,6060.12,0.05
1213,6065.08,-0.05
1214,6070.06,-0.06
1215,6075.07,0.06
1216,6080.07,-0.04
1217,6085.11,-0.04
1218,6090.06,0.06
1219,6095.11,-0.02
1220,6100.06,-0.06
1221,6105.07,0.04
1222,6110.11,0.02
1223,6115.06,-0.05
1224,6120.07,0.04
1225,6125.07,0.04
1226,6130.10,-0.05
1227,6135.07,-0.02
1228,6140.10,0.02
1229,6145.07,-0.01
1230,6150.08,-0.04
1231,6155.12,0.09
1232,6160.08,-0.02
1233,6165.05,-0.05
1234,6170.10,0.09
1235,6175.07,-0.02
1236,6180.12,-0.01
1237,6185.07,0.04
1238,6190.05,0.01
1239,6195.08,-0.06
1240,6200.08,0.06
1241,6205.12,0.07
1242,6210.07,-0.06
1243,6215.11,0.01
1244,6220.08,0.07
1245,6225.08,-0.04
1246,6230.10,-0.04
1247,6235.08,0.09
1248,6240.12,-0.04
1249,6245.10,-0.05
1250,6250.08,0.09
1251,6255.05,-0.06
1252,6260.06,-0.01
1253,6265.12,0.05
1254,6270.06,-0.01
1255,6275.09,-0.02
1256,6280.05,0.04
1257,6285.06,0.04
1258,6290.07,-0.02
1259,6295.08,-0.01
1260,6300.04,0.07
1261,6305.09,-0.05
1262,6310.07,-0.02
1263,6315.12,0.13
1264,6320.07,0.00
1265,6325.08,-0.01
1266,6330.08,0.12
1267,6335.11,-0.01
1268,6340.08,-0.06
1269,6345.04,0.06
1270,6350.08,0.00
1271,6355.06,-0.07
1272,6360.11,0.04
1273,6365.08,0.05
1274,6370.05,-0.06
1275,6375.08,0.00
1276,6380.07,0.07
1277,6385.10,-0.06
1278,6390.05,-0.02
1279,6395.07,0.09
1280,6400.07,-0.04
1281,6405.07,-0.05
1282,6410.08,0.11
1283,6415.07,0.04
1284,6420.04,-0.06
1285,6425.04,0.09
1286,6430.07,0.04
1287,6435.11,-0.04
1288,6440.05,0.00
1289,6445.07,0.04
1290,6450.09,-0.02
1291,6455.06,-0.04
1292,6460.10,0.05
1293,6465.08,-0.05
1294,6470.12,-0.10
1295,6475.10,0.06
1296,6480.06,0.02
1297,6485.10,-0.06
1298,6490.11,0.10
1299,6495.08,0.01
1300,6500.06,-0.05
1301,6505.08,0.05
1302,6510.04,0.07
1303,6515.10,-0.05
1304,6520.11,0.04
1305,6525.07,0.06
1306,6530.07,-0.02
1307,6535.04,0.04
1308,6540.08,0.06
1309,6545.06,-0.01
1310,6550.08,-0.06
1311,6555.06,0.05
1312,6560.08,-0.04
1313,6565.11,-0.07
1314,6570.08,0.06
1315,6575.07,-0.04
1316,6580.05,-0.04
1317,6585.10,0.05
1318,6590.09,0.00
1319,6595.05,-0.01
1320,6600.11,0.02
1321,6605.07,0.01
1322,6610.06,-0.02
1323,6615.08,0.01
1324,6620.07,0.07
1325,6625.07,-0.02
1326,6630.11,-0.02
1327,6635.08,0.06
1328,6640.06,-0.05
1329,6645.11,-0.02
1330,6650.08,0.13
1331,6655.05,0.01
1332,6660.09,-0.04
1333,6665.07,0.07
1334,6670.10,0.00
1335,6675.05,-0.07
1336,6680.08,0.05
1337,6685.04,0.05
1338,6690.11,-0.07
1339,6695.06,0.02
1340,6700.07,0.09
1341,6705.11,-0.05
1342,6710.06,-0.07
1343,6715.08,0.09
1344,6720.07,-0.04
1345,6725.12,-0.07
1346,6730.09,0.07
1347,6735.08,-0.01
1348,6740.06,-0.10
1349,6745.05,0.06
1350,6750.06,-0.04
1351,6755.10,-0.05
1352,6760.07,0.05
1353,6765.10,0.02
1354,6770.06,-0.10
1355,6775.05,0.00
1356,6780.06,0.05
1357,6785.07,-0.07
1358,6790.12,-0.05
1359,6795.11,0.09
1360,6800.08,-0.04
1361,6805.06,-0.07
1362,6810.10,0.11
1363,6815.07,0.00
1364,6820.06,-0.13
1365,6825.07,0.09
1366,6830.04,0.00
1367,6835.08,-0.11
1368,6840.08,-0.02
1369,6845.07,0.05
1370,6850.05,-0.06
1371,6855.09,-0.05
1372,6860.07,0.06
1373,6865.11,-0.07
1374,6870.09,-0.11
1375,6875.11,0.07
1376,6880.06,-0.01
1377,6885.04,-0.05
1378,6890.08,0.09
1379,6895.07,0.01
1380,6900.06,-0.04
1381,6905.07,0.04
1382,6910.13,0.00
1383,6915.08,-0.05
1384,6920.06,-0.02
1385,6925.05,0.04
1386,6930.09,-0.02
1387,6935.12,-0.02
1388,6940.11,0.01
1389,6945.05,-0.07
1390,6950.07,-0.05
1391,6955.10,0.09
1392,6960.08,-0.04
1393,6965.07,-0.04
1394,6970.07,0.06
1395,6975.07,-0.05
1396,6980.06,-0.05
1397,6985.05,0.06
1398,6990.07,0.05
1399,6995.10,0.00
1400,7000.08,0.04
1401,7005.05,0.00
1402,7010.10,-0.04
1403,7015.05,0.02
1404,7020.10,0.09
1405,7025.07,-0.06
1406,7030.04,-0.01
1407,7035.08,0.06
1408,7040.06,-0.01
1409,7045.05,-0.02
1410,7050.09,0.06
1411,7055.04,-0.01
1412,7060.09,-0.06
1413,7065.05,0.07
1414,7070.10,0.02
1415,7075.07,-0.07
1416,7080.10,0.02
1417,7085.06,0.07
1418,7090.04,-0.04
1419,7095.10,0.01
1420,7100.05,0.07
1421,7105.05,-0.04
1422,7110.08,-0.04
1423,7115.06,0.11
1424,7120.12,-0.02
1425,7125.11,-0.05
1426,7130.07,0.12
1427,7135.06,0.00
1428,7140.12,-0.07
1429,7145.10,0.06
1430,7150.07,0.01
1431,7155.07,-0.05
1432,7160.05,0.04
1433,7165.06,0.05
1434,7170.08,-0.10
1435,7175.04,0.01
1436,7180.10,0.04
1437,7185.08,-0.06
1438,7190.04,-0.04
1439,7195.06,0.06
1440,7200.11,-0.02
1441,7205.07,-0.06
1442,7210.05,0.09
1443,7215.12,0.00
1444,7220.10,-0.10
1445,7225.07,0.10
1446,7230.06,0.05
1447,7235.11,-0.05
1448,7240.12,0.07
1449,7245.09,0.04
1450,7250.07,-0.05
1451,7255.10,-0.02
1452,7260.07,0.06
1453,7265.06,-0.06
1454,7270.04,-0.04
1455,7275.07,0.09
1456,7280.12,-0.02
1457,7285.06,-0.05
1458,7290.08,0.07
1459,7295.07,0.02
1460,7300.12,-0.10
1461,7305.07,0.06
1462,7310.06,0.04
1463,7315.11,-0.10
1464,7320.07,0.04
1465,7325.06,0.07
1466,7330.10,-0.05
1467,7335.07,-0.07
1468,7340.07,0.06
1469,7345.04,-0.06
1470,7350.06,-0.05
1471,7355.09,0.07
1472,7360.06,0.01
1473,7365.05,-0.02
1474,7370.08,0.04
1475,7375.06,0.00
1476,7380.12,-0.05
1477,7385.11,0.05
1478,7390.09,-0.04
1479,7395.07,-0.05
1480,7400.11,0.04
1481,7405.06,0.04
1482,7410.11,0.01
1483,7415.10,0.00
1484,7420.06,0.07
1485,7425.06,-0.02
1486,7430.11,-0.01
1487,7435.07,0.06
1488,7440.06,-0.02
1489,7445.05,-0.02
1490,7450.09,0.09
1491,7455.06,0.02
1492,7460.07,-0.09
1493,7465.05,0.07
1494,7470.11,0.02
1495,7475.06,-0.05
1496,7480.04,0.04
1497,7485.10,0.02
1498,7490.05,-0.06
1499,7495.08,-0.02
1500,7500.11,0.06
1501,7505.07,-0.04
1502,7510.12,-0.04
1503,7515.06,0.11
1504,7520.12,-0.06
1505,7525.09,-0.07
1506,7530.06,0.10
1507,7535.11,-0.01
1508,7540.07,-0.10
1509,7545.12,0.04
1510,7550.07,0.02
1511,7555.05,-0.07
1512,7560.06,0.02
1513,7565.05,0.01
1514,7570.04,-0.07
1515,7575.12,0.00
1516,7580.12,0.10
1517,7585.09,-0.04
1518,7590.11,-0.05
1519,7595.08,0.05
1520,7600.09,0.00
1521,7605.04,0.18
1522,7610.07,0.24
1523,7615.09,0.04
1524,7620.12,0.06
1525,7625.07,0.05
1526,7630.10,0.00
1527,7635.04,0.01
1528,7640.11,0.02
1529,7645.09,0.02
1530,7650.07,-0.01
1531,7655.04,0.01
1532,7660.05,-0.02
1533,7665.04,0.00
1534,7670.06,0.04
1535,7675.08,0.00
1536,7680.11,-0.02
1537,7685.11,0.00
1538,7690.08,-0.01
1539,7695.05,0.01
1540,7700.08,0.00
1541,7705.10,-0.01
1542,7710.06,0.01
1543,7715.08,-0.04
1544,7720.10,-0.01
1545,7725.11,0.01
1546,7730.06,-0.01
1547,7735.11,0.01
1548,7740.05,0.01
1549,7745.07,-0.02
1550,7750.05,-0.01
1551,7755.10,0.00
1552,7760.11,0.00
1553,7765.05,0.01
1554,7770.11,-0.01
1555,7775.07,0.00
1556,7780.09,-0.01
1557,7785.06,-0.01
1558,7790.09,0.00
1559,7795.05,0.01
1560,7800.10,0.00
1561,7805.05,-0.01
1562,7810.08,-0.02
1563,7815.10,-0.01
1564,7820.11,0.00
1565,7825.11,-0.01
1566,7830.10,0.00
1567,7835.04,0.00
1568,7840.05,0.01
1569,7845.08,0.01
1570,7850.12,-0.01
1571,7855.09,0.00
1572,7860.09,0.00
1573,7865.10,0.00
1574,7870.04,-0.02
1575,7875.09,0.05
1576,7880.12,-0.04
1577,7885.07,0.01
1578,7890.12,-0.01
1579,7895.07,-0.01
1580,7900.11,-0.02
1581,7905.06,0.04
1582,7910.09,-0.02
1583,7915.06,-0.01
1584,7920.10,0.00
1585,7925.04,0.00
1586,7930.08,-0.01
1587,7935.11,0.00
1588,7940.04,-0.05
1589,7945.08,-0.01
1590,7950.06,-0.05
1591,7955.10,-0.01
1592,7960.06,0.00
1593,7965.06,0.01
1594,7970.07,-0.01
1595,7975.09,0.00
1596,7980.10,-0.01
1597,7985.09,0.01
1598,7990.11,-0.05
1599,7995.07,0.00
1600,8000.10,-0.01
1601,8005.04,-0.01
1602,8010.06,0.01
1603,8015.10,0.00
1604,8020.06,0.00
1605,8025.09,0.00
1606,8030.04,0.00
1607,8035.10,0.00
1608,8040.04,0.02
1609,8045.05,0.00
1610,8050.08,-0.01
1611,8055.11,0.00
1612,8060.05,-0.01
1613,8065.07,0.00
1614,8070.10,-0.01
1615,8075.11,-0.01
1616,8080.09,0.01
1617,8085.05,-0.02
1618,8090.09,-0.01
1619,8095.11,0.00
1620,8100.11,0.01
1621,8105.05,0.00
1622,8110.09,0.04
1623,8115.05,0.01
1624,8120.05,-0.04
1625,8125.09,-0.02
1626,8130.10,0.01
1627,8135.10,-0.01
1628,8140.11,-0.01
1629,8145.05,-0.01
1630,8150.05,-0.02
1631,8155.08,0.00
1632,8160.11,-0.01
1633,8165.05,0.01
1634,8170.05,0.00
1635,8175.08,0.00
1636,8180.05,-0.02
1637,8185.08,0.05
1638,8190.12,0.00
1639,8195.05,-0.01
1640,8200.06,0.17
1641,8205.09,0.05
1642,8210.06,-0.13
1643,8215.05,-0.48
1644,8220.04,-0.40
1645,8225.07,-0.33
1646,8230.04,-0.18
1647,8235.09,-0.12
1648,8240.05,-0.21
1649,8245.12,-0.18
1650,8250.06,-0.13
1651,8255.06,-0.11
1652,8260.05,-0.06
1653,8265.05,-0.10
1654,8270.07,-0.10
1655,8275.06,-0.05
1656,8280.06,-0.06
1657,8285.05,-0.11
1658,8290.05,-0.02
1659,8295.05,-0.06
1660,8300.06,-0.04
1661,8305.07,0.02
1662,8310.06,-0.01
1663,8315.06,-0.02
1664,8320.05,-0.07
1665,8325.05,-0.01
1666,8330.12,0.00
1667,8335.12,-0.02
1668,8340.09,0.00
1669,8345.09,0.01
1670,8350.08,0.00
1671,8355.08,0.05
1672,8360.07,-0.05
1673,8365.08,-0.04
1674,8370.08,0.04
1675,8375.08,0.00
1676,8380.06,0.00
1677,8385.06,0.02
1678,8390.06,-0.04
1679,8395.07,0.01
1680,8400.07,0.01
1681,8405.05,0.01
1682,8410.05,0.07
1683,8415.05,-0.01
1684,8420.05,0.01
1685,8425.05,0.02
1686,8430.07,-0.02
1687,8435.06,0.01
1688,8440.06,0.00
1689,8445.06,0.02
1690,8450.06,0.01
1691,8455.07,-0.01
1692,8460.07,0.00
1693,8465.08,-0.06
1694,8470.07,-0.02
1695,8475.07,-0.01
1696,8480.08,-0.01
1697,8485.06,-0.04
1698,8490.07,0.00
1699,8495.05,-0.06
1700,8500.06,-0.04
1701,8505.06,-0.01
1702,8510.09,-0.05
1703,8515.09,-0.04
1704,8520.07,-0.10
1705,8525.05,0.00
1706,8530.04,-0.04
1707,8535.04,-0.04
1708,8540.11,-0.04
1709,8545.10,-0.06
1710,8550.08,0.00
1711,8555.06,0.04
1712,8560.06,0.01
1713,8565.06,0.01
1714,8570.06,0.01
1715,8575.06,0.01
1716,8580.07,0.06
1717,8585.08,0.02
1718,8590.07,0.01
1719,8595.09,0.01
1720,8600.07,0.01
1721,8605.05,0.02
1722,8610.05,0.06
1723,8615.04,-0.01
1724,8620.05,0.05
1725,8625.05,0.01
1726,8630.12,0.01
1727,8635.04,-0.01
1728,8640.05,-0.02
1729,8645.05,-0.02
1730,8650.06,0.02
1731,8655.07,0.00
1732,8660.06,0.02
1733,8665.06,-0.01
1734,8670.06,-0.01
1735,8675.06,-0.02
1736,8680.06,0.00
1737,8685.05,-0.01
1738,8690.06,0.00
1739,8695.05,-0.01
1740,8700.05,-0.01
1741,8705.12,0.01
1742,8710.12,-0.02
1743,8715.11,0.01
1744,8720.04,-0.02
1745,8725.05,-0.04
1746,8730.05,0.02
1747,8735.06,-0.02
1748,8740.06,0.00
1749,8745.06,-0.01
1750,8750.05,-0.01
1751,8755.06,0.04
1752,8760.05,-0.04
1753,8765.04,0.00
1754,8770.06,0.02
1755,8775.05,-0.01
1756,8780.05,-0.01
1757,8785.06,-0.01
1758,8790.06,-0.01
1759,8795.08,0.04
1760,8800.06,-0.02
1761,8805.05,0.00
1762,8810.06,0.04
1763,8815.06,0.00
1764,8820.06,0.01
1765,8825.06,0.01
1766,8830.05,-0.02
1767,8835.05,0.04
1768,8840.04,-0.01
1769,8845.04,0.02
1770,8850.12,0.01
1771,8855.10,-0.04
1772,8860.09,-0.02
1773,8865.08,-0.05
1774,8870.08,-0.01
1775,8875.06,-0.01
1776,8880.06,-0.01
1777,8885.06,0.01
1778,8890.05,0.01
1779,8895.05,0.00
1780,8900.05,-0.01
1781,8905.04,-0.01
1782,8910.12,0.00
1783,8915.04,-0.01
1784,8920.05,-0.05
1785,8925.04,-0.05
1786,8930.06,0.01
1787,8935.07,-0.05
1788,8940.07,-0.04
1789,8945.05,-0.02
1790,8950.05,-0.01
1791,8955.04,0.00
1792,8960.04,-0.01
1793,8965.04,0.00
1794,8970.04,0.04
1795,8975.11,0.02
1796,8980.10,0.02
1797,8985.12,-0.01
1798,8990.11,0.01
1799,8995.11,0.05
1800,9000.10,0.00
1801,9005.09,0.05
1802,9010.10,0.06
1803,9015.11,0.02
1804,9020.10,0.00
1805,9025.09,0.05
1806,9030.08,-0.01
1807,9035.09,0.05
1808,9040.08,-0.01
1809,9045.06,0.00
1810,9050.06,0.01
1811,9055.05,0.02
1812,9060.06,0.01
1813,9065.05,0.00
1814,9070.05,-0.02
1815,9075.05,0.04
1816,9080.06,0.00
1817,9085.05,0.00
1818,9090.06,-0.01
1819,9095.05,-0.02
1820,9100.05,0.01
1821,9105.06,-0.01
1822,9110.05,-0.02
1823,9115.05,0.02
1824,9120.11,-0.04
1825,9125.09,-0.02
1826,9130.09,0.01
1827,9135.09,-0.02
1828,9140.10,0.01
1829,9145.10,0.00
1830,9150.09,0.01
1831,9155.09,0.02
1832,9160.08,-0.01
1833,9165.09,-0.01
1834,9170.09,0.06
1835,9175.07,-0.01
1836,9180.07,-0.02
1837,9185.06,0.00
1838,9190.05,-0.04
1839,9195.05,0.00
1840,9200.04,-0.02
1841,9205.05,0.01
1842,9210.06,0.04
1843,9215.04,0.02
1844,9220.05,0.01
1845,9225.05,0.01
1846,9230.05,-0.02
1847,9235.04,0.02
1848,9240.04,0.00
1849,9245.12,0.02
1850,9250.11,0.01
1851,9255.08,-0.05
1852,9260.09,-0.01
1853,9265.07,-0.02
1854,9270.08,-0.05
1855,9275.07,0.02
1856,9280.05,-0.05
1857,9285.05,-0.06
1858,9290.05,0.00
1859,9295.05,0.00
1860,9300.04,0.00
1861,9305.05,-0.02
1862,9310.05,0.01
1863,9315.13,-0.01
1864,9320.05,0.01
1865,9325.05,-0.01
1866,9330.05,0.00
1867,9335.04,-0.04
1868,9340.04,0.01
1869,9345.12,0.04
1870,9350.05,-0.01
1871,9355.05,0.02
1872,9360.12,-0.01
1873,9365.05,0.00
1874,9370.06,0.05
1875,9375.06,-0.04
1876,9380.05,0.04
1877,9385.06,0.02
1878,9390.04,0.01
1879,9395.05,0.04
1880,9400.05,-0.01
1881,9405.05,0.04
1882,9410.05,0.02
1883,9415.05,0.01
1884,9420.05,0.01
1885,9425.05,0.01
1886,9430.06,0.01
1887,9435.05,0.04
1888,9440.04,0.00
1889,9445.05,0.01
1890,9450.05,0.06
1891,9455.05,0.00
1892,9460.04,0.05
1893,9465.04,0.01
1894,9470.04,0.02
1895,9475.05,0.04
1896,9480.05,-0.01
1897,9485.05,0.02
1898,9490.05,0.01
1899,9495.05,0.00
1900,9500.05,0.00
1901,9505.04,0.00
1902,9510.04,0.00
1903,9515.12,0.00
1904,9520.11,0.01
1905,9525.12,0.00
1906,9530.04,-0.01
1907,9535.05,0.04
1908,9540.05,-0.01
1909,9545.04,-0.01
1910,9550.04,0.00
1911,9555.05,0.05
1912,9560.05,0.00
1913,9565.08,0.00
1914,9570.07,0.01
1915,9575.04,0.01
1916,9580.05,0.00
1917,9585.06,0.04
1918,9590.05,-0.02
1919,9595.04,0.00
1920,9600.04,-0.01
1921,9605.06,0.00
1922,9610.05,0.05
1923,9615.06,0.01
1924,9620.07,0.04
1925,9625.05,0.00
1926,9630.05,-0.01
1927,9635.05,0.01
1928,9640.04,-0.02
1929,9645.12,0.05
1930,9650.04,0.01
1931,9655.04,0.00
1932,9660.04,-0.01
1933,9665.04,0.00
1934,9670.04,0.00
1935,9675.05,-0.01
1936,9680.05,-0.01
1937,9685.05,0.00
1938,9690.05,0.01
1939,9695.04,-0.04
1940,9700.05,0.02
1941,9705.05,0.00
1942,9710.06,0.02
1943,9715.05,-0.04
1944,9720.05,-0.04
1945,9725.04,0.01
1946,9730.12,-0.04
1947,9735.11,-0.05
1948,9740.11,-0.02
1949,9745.10,-0.02
1950,9750.10,-0.02
1951,9755.10,0.01
1952,9760.10,-0.05
1953,9765.08,0.00
1954,9770.07,0.05
1955,9775.08,0.00
1956,9780.07,0.00
1957,9785.07,0.01
1958,9790.07,-0.01
1959,9795.07,0.04
1960,9800.07,0.00
1961,9805.08,0.02
1962,9810.09,0.05
1963,9815.07,0.01
1964,9820.07,0.02
1965,9825.08,0.02
1966,9830.09,0.02
1967,9835.07,0.02
1968,9840.07,-0.01
1969,9845.07,0.02
1970,9850.05,0.07
1971,9855.06,0.01
1972,9860.04,-0.04
1973,9865.04,0.00
1974,9870.04,0.02
1975,9875.05,-0.01
1976,9880.04,0.00
1977,9885.12,0.00
1978,9890.05,0.01
1979,9895.05,0.00
1980,9900.12,0.00
1981,9905.12,0.00
1982,9910.11,-0.02
1983,9915.08,-0.01
1984,9920.07,0.00
1985,9925.04,-0.04
1986,9930.04,0.06
1987,9935.05,-0.02
1988,9940.04,0.01
1989,9945.04,-0.01
1990,9950.05,-0.01
1991,9955.04,0.02
1992,9960.12,-0.04
1993,9965.12,-0.01
1994,9970.04,0.06
1995,9975.04,-0.01
1996,9980.12,-0.05
1997,9985.04,0.04
1998,9990.05,-0.04
1999,9995.04,0.00
